frames,Rg,degrees,mean_curv,max_curv_monomer,max_curv,min_curv_monomer,min_curv,turning_number,winding_number,density
0.0,14.495613424405102,-82.11638091444163,6.6568,48,20.42425,8,0.0244,0.0446673749355025,0.0213417323540425,0.07574377298225572
1.0,14.42755180704383,-102.5082708103464,8.07615,1,26.39667,28,0.03961,-0.0263300509164182,-0.0349271667803809,0.07646009736360317
2.0,14.33112898249746,-90.3655684516813,9.86893,8,24.28835,26,0.92005,0.0157912393116581,-0.0009700443240514,0.07749243758129588
3.0,14.31291333918808,-93.30114896894092,12.23932,2,46.39228,18,0.27133,0.0214791515249449,-0.0088935488217867,0.07768980799839857
4.0,14.327796650325608,-90.20487128665276,10.68947,2,40.44106,30,0.46474,0.0137791431727892,-0.0011239918599317,0.07752848786572117
5.0,14.29657355855882,-83.63751532324478,11.52534,2,49.50805,8,0.79128,-0.0032540058078308,0.0155754273309941,0.07786749530829629
6.0,14.276211701468425,-91.57813792534382,14.32444,2,49.64461,19,0.65811,-0.0353804704611143,-0.0060418522039618,0.07808977521647033
7.0,14.285120540569862,-87.09187456427739,11.76046,2,60.36575,16,0.72141,-0.0417600895998125,0.00565430911459,0.07799240504595532
8.0,14.270378592513184,-95.83056417396128,12.36615,3,46.30311,9,0.22343,-0.0178670930999708,-0.0180057803911851,0.07815362765874588
9.0,14.214828747153264,-84.09425284239876,14.17916,3,57.32181,28,0.2579,0.0508602721304762,0.0145915414459964,0.07876565118518604
10.0,14.195112287478729,-87.60282315518533,14.22538,3,58.87075,44,0.54149,0.0643537429909468,0.0054695304251356,0.07898460800189352
11.0,14.196479014168398,-75.7632042948253,15.65277,3,57.67849,14,0.12738,0.1140035051624156,0.038435599799142,0.07896940068528918
12.0,14.214217505740626,-76.90569892617205,15.09376,48,51.42799,12,0.64903,0.1348874438096848,0.0360610539526352,0.07877242550998347
13.0,14.212991853475517,-72.79529666798125,14.27781,48,46.16309,18,0.01254,0.1224712351050808,0.0473526512471123,0.07878601191960416
14.0,14.23320041872628,-80.19039152961994,13.94761,4,44.01737,26,0.47689,0.0738926414842285,0.0274526518209139,0.07856244702455918
15.0,14.195148136734996,-95.26900642234268,14.45288,6,40.83957,28,2.09331,0.0038686878838715,-0.0143780408334711,0.07898420905771193
16.0,14.18377491826515,-94.94753313870166,14.34062,6,48.79814,31,0.15742,0.0264418068699761,-0.0131951499102699,0.07911092635574371
17.0,14.172318739865725,-81.86195945946304,13.60201,3,58.54084,19,0.10407,0.0812922870545555,0.0227247744290438,0.07923887651114413
18.0,14.182656852409,-80.17807125058083,16.06438,2,59.38738,6,0.00049,0.0856337914035059,0.0271590728209958,0.07912340000055922
19.0,14.166101159034216,-88.92466198803297,14.96291,8,58.73883,17,0.35799,0.0794620945573214,0.0029768571702721,0.07930844854552163
20.0,14.138611844043728,-92.19005119771673,14.04646,8,53.78571,4,0.12019,0.0872638467170667,-0.0054475801604551,0.07961714282693998
21.0,14.124785681459889,-93.72252051308357,16.56744,8,61.82596,16,0.85694,0.0622106440237245,-0.0093903381114515,0.07977308690274733
22.0,14.150207267617663,-88.6697899389987,15.08586,9,49.26263,39,1.17306,0.1123262068848282,0.0040640203413525,0.07948671134698697
23.0,14.152228418892197,-81.15034657992241,14.53707,48,45.14555,15,0.31612,0.1541552522792205,0.0248401622185852,0.07946400917016506
24.0,14.132315484552906,-78.57588462831,13.43038,48,57.80869,12,0.1966,0.1974669189078595,0.0321950393743368,0.07968810215768886
25.0,14.116363148463874,-77.51459847945065,14.43516,48,85.57984,22,0.14059,0.2338991858590234,0.0359408295812698,0.07986830858154657
26.0,14.129006879061135,-67.60845065550254,14.63166,48,94.64715,32,0.19412,0.2854761538612789,0.062581638994377,0.07972542783316684
27.0,14.135747885065602,-68.99633079267689,13.70064,48,83.57965,8,0.19466,0.2584691250455879,0.0582486726657028,0.07964940759733215
28.0,14.150777929508356,-79.24918360716151,14.13737,48,87.80867,15,0.56576,0.225590784738781,0.0301308936114883,0.07948030051606507
29.0,14.133510344505654,-65.68217829397773,12.44374,48,77.08822,12,0.3141,0.2443966211884634,0.0674330241180369,0.07967462891645881
30.0,14.119654373044972,-78.54481566987134,13.04547,48,70.89153,25,0.32801,0.1769081697773929,0.0314821261455549,0.07983107907191833
31.0,14.12738686251169,-80.01084149884697,15.8931,48,72.42838,46,0.05215,0.1530597149979601,0.0270250610634293,0.07974371343956808
32.0,14.093701882494605,-71.15035524539172,15.12491,48,59.1895,37,0.09592,0.1651954052407663,0.0508135522291936,0.08012535560600008
33.0,14.05061997511822,-56.56590428547404,16.67817,48,67.01358,1,0.06189,0.1866687496371911,0.0896609760213784,0.08061746845674789
34.0,14.029681436276476,-58.026169013923145,17.88185,46,53.72883,35,0.10606,0.1273237437490676,0.0853569946274225,0.08085828242468661
35.0,13.972002105951493,-54.10380891318781,17.28161,46,48.85925,16,0.23006,0.1352927176393273,0.0964386703241915,0.08152726003013763
36.0,13.946692851365109,-47.314048640906634,17.7246,34,51.96943,15,0.22586,0.1607831513080147,0.1155359817842,0.08182342578594608
37.0,13.952513568721074,-23.30608528139298,20.11374,46,62.78481,30,0.30223,0.198715344786593,0.1817615568847395,0.08175516974208069
38.0,13.938593273885552,-26.449247816784116,18.97532,7,50.46444,26,1.03543,0.2173980289032429,0.1733027427689836,0.08191854696757025
39.0,13.944644841717896,-41.80994477300895,17.7813,46,55.66243,26,0.39858,0.1292107335932611,0.1305029122015662,0.08184746189054676
40.0,13.924026255158047,-46.31279985255857,17.98226,46,48.00989,17,0.41822,0.0838226973161721,0.1178413790766776,0.0820900394932406
41.0,13.946504959865534,-68.99348512817858,18.75867,46,42.06793,43,1.0219,0.0006122479442271,0.0556930878052546,0.08182563050028513
42.0,13.943471436037845,-83.30592541746938,19.96806,39,59.72961,40,0.86336,-0.0697622244325929,0.0155747475896169,0.08186123813245766
43.0,13.913482714017269,-77.75436239978983,18.9911,7,47.58119,33,0.91255,-0.0423946921070449,0.0307803246091616,0.08221450116381898
44.0,13.88707600074809,-62.79726356806033,19.20533,6,52.75719,30,0.40811,-0.0115719820063136,0.0721796270165472,0.08252746537388353
45.0,13.909807936020616,-64.87952775659829,16.87372,6,56.64284,29,0.00156,0.0107910562054704,0.0666378606214816,0.08225794675979425
46.0,13.885511613074808,-56.05625773743225,17.52511,6,77.92406,4,0.53821,0.0550785118069916,0.091141540611475,0.08254606205592613
47.0,13.872597377039886,-50.00895771937335,17.93501,6,70.22987,34,0.49494,0.0497090514673086,0.1069005089178803,0.08269982064747003
48.0,13.878124411742,-45.183562056759314,18.47664,6,68.19673,43,1.50812,0.0990976805403975,0.121283765238419,0.08263396250312252
49.0,13.849923579337442,-45.443313589165925,20.16093,4,58.59851,31,0.41286,0.0917137204836888,0.1208387794314443,0.0829708190941031
50.0,13.838857223940586,-32.54858277146512,21.93372,4,68.01334,19,0.73938,0.1486239296070342,0.1560267470716093,0.08310356873862965
51.0,13.83570393577757,-28.764835133368493,21.3363,6,57.29627,38,0.14948,0.1656317648857933,0.1668728736676357,0.0831414532384148
52.0,13.841044426751305,-22.22605845262325,21.98016,1,66.94398,37,2.06957,0.2111653739162748,0.18545212635617,0.0830773062699819
53.0,13.839246434191308,-10.066170790021332,21.94405,1,87.26339,19,0.70714,0.2242735074507611,0.2187748923291636,0.08309889445146351
54.0,13.856278086135902,-4.7816101165241065,20.86206,1,104.35022,35,1.40808,0.1943758736712863,0.2322875980920673,0.08289473549725616
55.0,13.830393256860038,-0.4371492012516995,21.39144,1,102.63867,38,0.75282,0.2170366491118986,0.2445354139844102,0.0832053158237846
56.0,13.835887672422144,178.40955375379986,22.43066,1,103.10017,31,0.85386,0.2625516088195146,0.2509117081987971,0.08313924506347534
57.0,13.838085034757611,175.5723572178888,21.44218,1,96.41066,10,0.46675,0.2551316139116859,0.2589954790305137,0.08311284364438877
58.0,13.814994697142218,177.21730559079992,21.81149,1,86.964,41,0.20868,0.2274242249331058,0.2539324087237653,0.08339090490374264
59.0,13.806691380000627,172.51456489782652,23.16895,47,85.83479,25,1.40494,0.2669564475069486,0.2668620118437694,0.08349123731813972
60.0,13.778820938125046,167.1556881617415,24.10045,1,78.25698,27,1.37669,0.3257285238218825,0.2818689927438062,0.08382933461070607
61.0,13.804032589133351,164.44655853515528,22.97708,1,89.58642,35,0.10552,0.3651451739082149,0.2908634441002086,0.08352340286341081
62.0,13.804308534337666,163.86357324708007,22.74853,1,88.01286,44,0.667,0.3895926016532434,0.2930099252171029,0.08352006366651446
63.0,13.770792854136769,176.1130187760623,25.42654,47,91.46639,36,0.06649,0.3153642582504151,0.2579037341002639,0.0839271045961091
64.0,13.759047260100916,164.32536715369164,25.09896,1,97.53157,43,0.32672,0.3586457879223858,0.2906344054968799,0.08407045673960775
65.0,13.774183146094307,-0.778573125435841,25.2353,47,100.25505,34,0.31611,0.2728130124042836,0.2433836778946528,0.08388579508721396
66.0,13.794026335132967,164.11736932379335,23.56071,1,88.77228,10,0.19342,0.3489401713040049,0.2896589072539404,0.0836446233822926
67.0,13.816978934131766,156.4701289384214,22.58851,1,108.2631,34,1.36801,0.3822783636948292,0.3110305052045394,0.08336695532147494
68.0,13.810585649792769,146.2246376342593,21.55261,1,103.88916,31,0.00277,0.3540733184274703,0.3390861939683176,0.08344415871177523
69.0,13.792822005313113,142.40543495151795,19.46004,1,109.30291,20,0.132,0.3234452131450869,0.3489470932672593,0.08365923099661189
70.0,13.761848836311472,151.96704931168466,21.42969,1,92.64188,6,1.19792,0.30239635067261,0.3218429937512884,0.08403623084156778
71.0,13.798305465856163,148.08798324904984,19.69204,1,89.25663,42,0.61643,0.3032634212805837,0.3321807455341595,0.08359275168274526
72.0,13.77776394181224,150.14330612554988,20.73562,1,72.3266,22,1.43075,0.2877320328359407,0.3255172032018646,0.08384219746665718
73.0,13.766729387033884,152.19535467350016,21.98846,1,72.94065,20,0.31439,0.2950501820541544,0.3200879208993058,0.08397665672282106
74.0,13.755233549866972,133.79316312374405,21.81084,1,87.57106,20,0.63708,0.2919468727601649,0.3716007694439326,0.08411708114724303
75.0,13.767801417794503,117.47547153693552,21.35889,1,99.9805,13,0.5296,0.3463336593427134,0.4175376192211594,0.08396357953619903
76.0,13.763759410488714,135.12640005862832,20.3497,1,78.69502,8,1.61093,0.2877936206436862,0.3677527942408052,0.08401290199598647
77.0,13.748982432633756,146.93079129724362,22.3051,2,76.33075,37,0.94464,0.2226689445068732,0.3333725659162689,0.0841935879395387
78.0,13.722102924926835,160.49136193824077,21.44506,2,89.55021,40,0.2258,0.1987797192678061,0.2952597189042034,0.0845237558044492
79.0,13.69319244137172,159.19244956505506,20.20147,2,81.65422,39,1.85899,0.186063861987291,0.298393519829951,0.08488104316122352
80.0,13.676524341183208,165.43559933781552,21.28443,2,93.77831,40,0.4276,0.1638262682379647,0.2807304567119181,0.08508806474579692
81.0,13.659642816160844,170.27706314392734,21.17177,2,92.79511,11,0.21798,0.1119705256746841,0.2667832655811577,0.08529851005896133
82.0,13.664533205600655,162.97637937526014,20.26158,2,101.1713,1,0.05242,0.1503388978491348,0.2868231875774535,0.08523746614607172
83.0,13.65341905417626,174.6974369092641,20.63013,2,104.36303,27,1.06599,0.1369289136373714,0.2542784127856264,0.08537629257182842
84.0,13.610194134885386,-7.089214433431877,23.37231,2,114.65251,3,0.69621,0.1159513927928436,0.2200303672605619,0.08591945066414776
85.0,13.612574405400183,-12.51983879737989,21.79671,2,104.01324,33,0.05621,0.0830879053043837,0.2048131659275703,0.08588940584694979
86.0,13.606211988898872,-11.573644814042083,21.54731,2,96.6964,17,0.18284,0.1720770397292509,0.2081162901801611,0.08596975031605932
87.0,13.575906290432467,-31.57404525880712,23.56759,2,86.20289,15,0.4625,0.101510529567811,0.1523467444070416,0.08635400183951843
88.0,13.561342198937153,-26.38669309734155,25.84386,2,89.19556,8,1.11372,0.1218226519167474,0.167425488776691,0.08653957977069623
89.0,13.549511296520802,-33.3250081966141,27.12235,2,105.71763,13,3.50235,0.064843977323125,0.1478516875902567,0.08669077169047384
90.0,13.53382642533588,-50.27816523073458,25.83527,2,99.94833,35,0.169,-0.0051728667350451,0.100617565563887,0.08689182665717204
91.0,13.515168495191984,-57.16845127850573,25.92673,2,89.11158,33,0.23634,-0.0523436083643202,0.0816952007592006,0.0871319036780468
92.0,13.529095128831768,-58.200920274183986,28.74522,2,77.57882,24,1.04701,-0.0584432676001468,0.0786967817907759,0.0869526116360865
93.0,13.50077534984298,-48.0846350410598,29.25653,2,79.74006,26,0.82045,-0.0328952343432015,0.1062556624377431,0.08731778495069387
94.0,13.494417461954106,-57.91763527475126,27.9908,2,68.70443,43,4.91586,-0.061484473385452,0.0795666083137761,0.08740008379314211
95.0,13.509805286365903,-47.26848649918538,29.62689,5,69.21098,11,0.4082,-0.0475618479690504,0.1091101638760535,0.08720109776961377
96.0,13.515578179941954,-47.08465427405248,28.63149,48,82.92482,32,1.58381,-0.0480710398785626,0.109917613798737,0.08712662146656035
97.0,13.510505512950392,-55.00803988088639,26.48474,48,93.3809,44,0.58769,-0.0394815550989356,0.0882017894018128,0.08719205903387371
98.0,13.491184839815013,-75.2076656401732,28.16695,48,103.78779,20,1.28189,-0.0723199592892162,0.0328781794214045,0.08744197267063601
99.0,13.508268151193631,-68.48046194066231,27.08282,48,113.29278,45,0.2346,-0.035430603035584,0.0517524594614837,0.0872209445033751
100.0,13.502805887972723,-80.75332064713716,25.0428,1,105.48856,36,0.81284,-0.0314075422297585,0.0182525818654342,0.08729152540701612
101.0,13.517859544001192,-79.79818169224444,25.68216,1,96.79883,36,0.96648,-0.0019625233618982,0.0206162798880058,0.08709721580962153
102.0,13.542477993161995,-76.04801225366299,24.13306,1,90.07487,30,1.61022,-0.0105144570789957,0.0301472921476724,0.08678084100069863
103.0,13.47478211288381,-73.13415418460308,25.10002,48,87.74817,38,0.44879,0.0044471118021101,0.0386895306713184,0.08765498684184998
104.0,13.49210352317784,-77.00212263327934,27.88799,48,92.15648,16,0.66494,0.0050992074750829,0.0289843233027073,0.08743006514999416
105.0,13.43425593251686,-88.13291920882773,28.05117,1,95.62752,36,2.93049,-0.0037915525499158,-0.0009934007692678,0.08818462984479268
106.0,13.425440985956502,-83.39390238684697,26.5315,3,89.20695,17,0.96255,0.0118066163435273,0.0120069004854114,0.08830046931647179
107.0,13.448090148932328,-93.82843692935792,27.14262,1,104.08042,24,0.14321,0.0102416406200236,-0.0155806158159118,0.08800328993055569
108.0,13.432172360578846,-99.11646485769496,26.77037,3,99.4009,12,0.81736,0.0282068486592778,-0.0298335153850161,0.08821199001644509
109.0,13.435978694327847,-91.17018085341378,26.36543,3,85.44918,6,0.77821,0.0707301090624603,-0.0083540102732198,0.08816201721992888
110.0,13.416573473707162,-87.3152630932412,26.43545,3,95.85381,28,3.46024,0.1109095734380507,0.0018410042874071,0.08841723001599658
111.0,13.403131259019236,-86.48576862707698,27.67981,3,104.08451,38,0.09379,0.0191280810690982,0.0033364016869779,0.08859466905760012
112.0,13.399062047502207,-81.47901515805148,25.60148,3,102.28696,17,1.73663,0.0622656114884689,0.0172266512641225,0.08864848852478144
113.0,13.435305763869506,-97.11434795089016,21.88628,1,95.74015,34,0.443,0.0209208378581171,-0.0261652747735978,0.08817084893443451
114.0,13.408775217796732,-92.36428493171027,21.52772,3,91.6519,28,0.02,0.0712868315067044,-0.0126463857312004,0.08852010304870975
115.0,13.394635188280317,-98.15388850045214,24.8935,1,98.69204,33,1.38101,0.0745293991455321,-0.0284738261744157,0.08870709396228754
116.0,13.361353228407896,-92.75706104885812,25.70016,3,94.6583,19,0.00197,0.0504801940751101,-0.0139042712453185,0.08914956755139407
117.0,13.37399368727506,-105.00946930514353,23.97907,1,100.89934,25,0.64435,0.0383421621389568,-0.0476451664279825,0.08898112737921171
118.0,13.389029471221177,-113.85841516154905,27.01207,1,120.29847,18,1.13156,-0.0061060221130056,-0.0724142973671607,0.08878138926035575
119.0,13.362599504638291,-112.40998605917252,26.6628,1,114.16117,18,0.72491,0.0537938683374221,-0.0685582532614285,0.08913293907939779
120.0,13.332244406494311,-113.36363535942236,25.77796,1,118.53068,24,0.38127,0.0921271706413386,-0.0709511197156321,0.08953928015076769
121.0,13.327465887552378,-122.8309279028741,26.52506,1,106.50549,28,0.67318,0.0425812585133092,-0.0972584146714658,0.08960349968877689
122.0,13.327880600250364,-118.60730269725022,28.02853,1,94.14306,41,0.99801,-0.0096621271319706,-0.0863673704065026,0.08959792353873694
123.0,13.29658687798876,-135.25877450043134,28.84447,1,106.07937,10,0.37958,-0.0565467053571529,-0.1313670471180353,0.09002016001420017
124.0,13.290863895845211,-142.50195190767414,31.04937,1,109.11467,45,1.18014,-0.0954723963432958,-0.1515951775032186,0.0900977012019193
125.0,13.296790511251242,-139.5106213426918,31.29407,1,95.06708,46,2.61839,-0.103425357623134,-0.1431161757926438,0.09001740281373262
126.0,13.300452441629806,-116.891121615271,31.0962,2,95.05154,30,0.56685,-0.0614816016907856,-0.0812878725714829,0.08996784178039194
127.0,13.323470795466855,-106.722301061196,31.32429,2,101.57743,40,0.85549,0.0147783281203896,-0.052025836142792,0.08965724362800835
128.0,13.342664115172814,-94.77843080507368,27.21254,47,103.60159,27,0.8012,0.0498294323801062,-0.0202382667557222,0.08939948664142822
129.0,13.361925418986903,-103.36552723319927,27.2294,2,103.5809,25,1.24853,0.054646411325078,-0.0437010191128704,0.08914193250646196
130.0,13.367639977173942,-109.15479187065594,26.1141,2,106.25998,6,0.20378,0.1074852600683413,-0.0590520348236687,0.08906573388390122
131.0,13.365842379360652,-99.70866995290396,28.66748,2,104.75982,30,0.75087,0.1053340079069186,-0.0330856579203509,0.08908969273816514
132.0,13.34072569373836,-107.99761254478304,29.69063,2,107.56784,10,1.3362,0.1269041686519439,-0.05548706976025,0.0894254682071998
133.0,13.310523951716512,-122.13978378611615,27.9233,2,109.56694,21,2.237,0.068401812987243,-0.0945287925190936,0.08983174357404827
134.0,13.316777986769088,-118.4050045112212,25.92596,2,120.24015,31,0.45639,0.0871478182991972,-0.084668687864979,0.08974738699012563
135.0,13.308861019201544,-111.40951516151316,26.7369,2,117.15988,22,0.12549,0.100015951012282,-0.0661254948029609,0.08985419379871724
136.0,13.278221594243073,-117.57231116931555,26.21291,2,117.62,48,0.59371,0.0518051974578247,-0.082666332228053,0.09026934836864871
137.0,13.285213172726005,-111.0553449594378,27.27783,2,118.21798,41,0.69322,0.1107184535694992,-0.0645001765776402,0.09017436168607028
138.0,13.279119159657307,-106.53270279054944,24.50214,2,120.30943,19,0.33665,0.1689026938845193,-0.0521278121798173,0.09025714576607603
139.0,13.286617166586796,-113.66458978555464,26.81739,2,111.3187,38,0.63567,0.206515895443566,-0.072817329512065,0.09015530528375217
140.0,13.300323690516043,-109.77512509759084,27.57136,2,113.75122,41,0.51628,0.2556082686884363,-0.0628518342757695,0.0899695836200896
141.0,13.30844171741086,-93.590950426172,26.04192,2,115.95975,28,0.11698,0.3028665690000943,-0.0182335698819554,0.08985985586174149
142.0,13.2935820973926,-109.40187209994576,28.43432,48,114.87474,6,0.53818,0.2650712479043974,-0.0619995059086053,0.09006085956349262
143.0,13.276923352872942,-120.85188672734648,29.05923,2,113.30797,33,1.27883,0.2264847790545676,-0.0926011490388895,0.09028700262920063
144.0,13.29366606231579,-133.1184162634252,28.6406,2,114.80306,41,0.33334,0.1707460693015125,-0.1264220202393327,0.09005972188946969
145.0,13.308220367124946,-141.463481189389,27.88169,2,113.4977,38,0.25677,0.1255996763471927,-0.1489660151392121,0.08986284509240554
146.0,13.333181940675908,-155.0748650693974,25.19671,2,110.32406,7,0.29581,0.0683255166407308,-0.186325396916691,0.08952668853014209
147.0,13.313517520331056,-143.0453879062017,26.95128,2,116.22012,27,0.93904,0.0821114273743022,-0.1529005674966041,0.08979135045413096
148.0,13.286872811536483,-154.11421567559572,28.39226,2,109.39565,25,0.76878,0.0327061963039871,-0.1835906315846751,0.09015183606611366
149.0,13.272772897271532,-149.452116871675,30.08184,2,120.18796,17,2.69271,0.0335536175422712,-0.1704704246688149,0.0903434777589895
150.0,13.263130133957546,-160.34617594194668,26.9192,2,114.19046,38,0.66086,-0.0410995630710572,-0.2008431796342694,0.09047489130111588
151.0,13.219614937421351,-141.99201718098016,28.19604,2,111.67356,39,1.37194,-0.0032960477512351,-0.1508303679022556,0.09107150663200972
152.0,13.209146531496083,-141.4768966203814,27.52344,2,110.18257,36,1.28354,-0.0381722501016204,-0.1495257649844895,0.09121591433879096
153.0,13.235096383460464,-143.7850989846416,25.93828,2,114.25391,28,0.30098,-0.0107867667461949,-0.1553863649740242,0.09085857368992131
154.0,13.236717168550344,-123.76434951515832,26.33411,2,120.93343,30,1.14967,0.0492363886328368,-0.1005529422422784,0.09083632448661765
155.0,13.23691279484557,-118.34618071446656,26.01211,2,102.51238,43,0.60166,0.0199380461696009,-0.0860213050781621,0.09083363959436266
156.0,13.21770425793025,-128.8074057651066,26.17672,2,101.36243,22,0.03767,-0.0262184241333562,-0.1148425863323475,0.09109783813911689
157.0,13.2273354992537,-117.29575833297945,27.92307,2,97.66704,30,2.03595,0.0235115596424938,-0.083680723841427,0.09096522400269733
158.0,13.254763501052944,-119.48172151189708,27.72835,4,92.92897,5,1.25781,0.0271267341952918,-0.0899301802395591,0.09058914594003038
159.0,13.291414939638589,-113.13586565610149,28.18311,2,85.94194,48,0.19723,0.0019882600978816,-0.0732947304999458,0.09009023070308889
160.0,13.280136218866428,-124.81661495757486,26.05311,3,99.92541,35,0.1267,-0.074293521080854,-0.1058958504125711,0.09024332160875624
161.0,13.275887214258356,-124.35379235965982,27.49357,4,110.99336,15,0.32411,-0.0601966940634164,-0.1050200786738639,0.09030109637659933
162.0,13.23881458954486,-107.39696953130463,28.37734,4,103.66481,29,0.0083,0.0153102505899638,-0.0583521528352107,0.09080754442922129
163.0,13.22341182494893,-102.0646542882186,27.98401,2,101.42132,21,2.13994,0.052097281147772,-0.0434294299734796,0.09101921473813412
164.0,13.199728453685092,-118.6046065787481,29.9106,2,108.2311,33,0.38808,-0.0254684329601701,-0.088406524186329,0.09134612687467313
165.0,13.203207425994885,-103.52291431561078,28.96541,3,78.35491,24,2.15705,0.0589346445962457,-0.0463925292238877,0.09129799481589211
166.0,13.162326994043587,-102.24690115158045,30.62217,2,80.45061,31,0.03164,0.0296301286539604,-0.0435033926115022,0.09186599430128785
167.0,13.15418847669273,-106.69994937142803,30.2014,4,85.22221,14,2.55703,0.0360161610900431,-0.0553892297002888,0.09197970474065811
168.0,13.160992824321673,-113.57525392190377,31.48816,48,91.23198,37,0.83584,0.0735399041124556,-0.0743133305933603,0.09188462071376152
169.0,13.163395022179094,-101.67737754142767,33.06522,4,85.14197,26,0.48491,0.0845465620357903,-0.042328930164939,0.09185108758670767
170.0,13.188939979986316,-115.27724152886692,33.38438,4,89.51618,27,5.06731,0.0801055030763524,-0.078641492233362,0.09149562916208846
171.0,13.215220884744662,-126.477111518092,32.96211,48,87.55533,22,0.75109,0.0222431196868375,-0.1108701448829069,0.09113207913845706
172.0,13.261968243462764,-147.54249287774508,30.97739,7,93.82287,28,0.04038,-0.0249872531557925,-0.1686916321811199,0.09049074513505552
173.0,13.242304448842956,-140.03210829172198,31.38573,7,103.09333,29,2.41703,0.0021678398222195,-0.1478656514918959,0.09075968813713049
174.0,13.20920469280269,-131.74137753017158,32.52609,7,97.76759,35,0.57267,0.0125381964791975,-0.1242532910719234,0.09121511107694365
175.0,13.22438374149264,-104.31424968011824,32.2011,7,105.24837,35,2.11015,0.0370784404852313,-0.0496285131642802,0.09100583644670467
176.0,13.16528778200946,-113.75516727757812,33.78619,6,96.82253,36,1.48053,0.0015818982222375,-0.0761027095709067,0.0918246788131855
177.0,13.150105611397732,-104.12244567898313,33.6863,6,100.14436,38,1.03458,0.0390092949219332,-0.0489954131679911,0.09203682961169218
178.0,13.17258267373732,-95.59842657056416,34.64803,6,114.00037,27,0.37234,0.0482508060497904,-0.0260583919836447,0.09172300313927137
179.0,13.194230280211356,-98.04418008974396,34.07007,6,114.67746,32,1.12482,0.0444781054389587,-0.0326562928983668,0.09142227250571208
180.0,13.179384688625154,-102.59186880080968,32.70177,6,117.14248,39,1.01618,0.0023387581305053,-0.0452711313124308,0.09162834921623154
181.0,13.177749935131317,-122.6147350545121,30.15752,6,107.57065,4,0.30481,-0.0506673282515771,-0.1004669052228838,0.09165108436536823
182.0,13.177576883061578,-113.61578395988516,30.06553,7,114.14108,17,0.33645,-0.0292103888357692,-0.0754701333176342,0.09165349156270443
183.0,13.144517559790572,-119.54841633425563,33.09526,7,110.07003,22,1.4804,-0.0824992384963702,-0.0922973880447495,0.09211510040000419
184.0,13.139126366748147,-117.38449577324484,32.43875,7,99.28065,18,0.86642,-0.083156307898596,-0.086096632549526,0.09219070849723592
185.0,13.117385926978992,-112.95829004496096,31.51819,6,98.09656,39,0.32197,-0.1180330765811306,-0.0741639569358066,0.09249655105887074
186.0,13.09920046978421,-136.9021879191542,30.85747,6,90.92552,18,0.15575,-0.2122937515544039,-0.1397516956617969,0.09275355295567894
187.0,13.10760797737892,-137.02419453093742,31.02855,6,107.81468,19,2.2965,-0.2612837421604304,-0.1403538447208798,0.09263460278514715
188.0,13.11530895313741,-129.1851679972225,30.30356,6,93.46595,44,0.13468,-0.2648351973089471,-0.1196655086454477,0.09252584935895938
189.0,13.113421405750138,-137.39226086943165,29.70399,12,93.83098,20,0.97154,-0.2924654925200913,-0.1418972908516407,0.09255248763880375
190.0,13.096989716937598,-148.24449984686782,30.6983,6,81.96781,45,0.7941,-0.3478358640580927,-0.1721603906926411,0.09278486892861175
191.0,13.097431869304051,-140.47259137631613,30.90673,9,79.21234,40,1.53061,-0.3192283912864825,-0.1516588194818112,0.09277860443992406
192.0,13.070404278407455,-139.57166440510005,30.22482,6,89.35621,22,0.67783,-0.3198879826553618,-0.1489271730588195,0.09316270500160577
193.0,13.092055894113496,-153.2915518342804,31.49216,6,81.79447,34,0.71826,-0.3726839913639356,-0.1868695896816585,0.09285481521774315
194.0,13.11447189006982,-146.60111526893007,30.93404,12,81.91203,8,1.23517,-0.3517945698206388,-0.168125699900182,0.0925376611106885
195.0,13.11895609631579,-148.87022236094168,29.74423,48,90.56737,27,2.05158,-0.3622957229704213,-0.1732758326849324,0.09247441110264619
196.0,13.100881593316524,-124.44887097433018,28.78257,48,90.48764,38,0.40384,-0.2774536512633941,-0.1058375370267543,0.0927297499505332
197.0,13.049566403441304,-140.69603510455931,29.12724,12,78.53873,19,0.60847,-0.2674895902718582,-0.1497978744028248,0.09346047164101005
198.0,13.03190417548478,-115.92709674377848,29.1323,12,98.08624,18,0.44261,-0.2232567630724924,-0.0815376452984255,0.09371397853438578
199.0,13.023357457627784,-98.06814699683312,29.56829,12,93.99581,10,3.14101,-0.1885074045977537,-0.0332422251179575,0.09383702049977755
200.0,12.993490098588524,-91.14131290210716,31.50265,12,91.99579,45,3.76586,-0.1457834604657885,-0.0144085436267546,0.0942689114111861
201.0,12.969837704503444,-76.43692170549278,31.60337,16,91.82513,31,0.74438,-0.0488262679423849,0.027315312673065,0.09461305118719682
202.0,12.977344178064874,-73.8836989811176,31.95578,16,88.37073,36,0.30907,-0.0175118743550442,0.0351328399665417,0.09450362895805847
203.0,12.978543341837208,-68.6412593850027,32.1417,16,85.78261,40,1.30031,0.0343314647576478,0.0494358473270854,0.09448616627525655
204.0,12.958508198796428,-67.6206119765516,32.14457,11,95.08244,45,1.43977,0.0453961519034602,0.052193361606273,0.09477856216600504
205.0,12.953009519720004,-89.45986264213077,30.7404,12,90.72236,23,0.5322,-0.0261851179466011,-0.0073382916911699,0.09485904809693547
206.0,12.97278978674379,-86.4772553333975,32.28588,12,91.08441,14,0.04457,-0.0008434074649522,0.0010836200353373,0.09456999587937368
207.0,12.938701621436282,-80.62886741337527,31.25664,9,93.27368,14,1.15841,0.0416860185216882,0.0167050309173343,0.09506895850069154
208.0,12.900751553194148,-60.87748750391126,31.25,8,90.68975,14,2.59718,0.0207354445226124,0.0694784461830714,0.0956291088265764
209.0,12.883210416802278,-42.917287161137416,31.68477,8,103.9566,44,2.49324,0.0526166927417111,0.1190711048078803,0.09588969375038923
210.0,12.898994134354476,-33.61016833439543,27.28544,8,114.80304,36,0.7127,0.0809436462144371,0.1443486793969894,0.09565516850912009
211.0,12.9233792591559,-11.885551756560927,29.06248,8,107.84737,21,0.10213,0.1348311793680617,0.2031195204805606,0.09529452559700713
212.0,12.922975334436792,-10.964574398082178,30.28461,8,107.15973,41,0.3683,0.1384188302843971,0.2053785760737094,0.0953004828034622
213.0,12.902275569238386,-4.913245493514083,31.15244,8,122.92625,3,0.70247,0.1605642755039288,0.2227895564234692,0.0956065187512136
214.0,12.899468068593684,-18.326303900018615,29.99361,8,110.09077,26,0.325,0.1361125050502581,0.1855224490427778,0.09564813978104098
215.0,12.881120154991628,-20.391904502357136,30.62805,8,106.78315,38,0.13476,0.1794065443496598,0.1797303870747571,0.09592081694853631
216.0,12.814165203947146,-13.031794982825204,31.28033,8,106.46694,12,0.47769,0.1783700388896954,0.1994451178465442,0.09692582229793092
217.0,12.825294335873544,-32.776172373370656,29.67809,8,113.08283,12,3.26716,0.1661450890604632,0.1451327902436506,0.09675768077776943
218.0,12.79854461880696,-25.552525375946516,31.96945,8,116.34469,16,0.06694,0.1953138458765514,0.165291034733486,0.09716256202796335
219.0,12.794942719860726,-27.379015005031896,34.46507,8,121.73469,37,0.04137,0.1840383020194021,0.160337962011707,0.09721727411184851
220.0,12.791387472553865,-16.580232580912295,35.61284,8,106.69218,36,0.56642,0.2123527343204996,0.1906957114571929,0.09727132289822664
221.0,12.803176293027336,-14.196346318400913,33.41497,1,101.43984,9,0.11148,0.2047546046887438,0.1973139866268278,0.0970922757297979
222.0,12.804540369802051,-1.654889007227581,30.78817,1,103.63361,36,0.27483,0.2460500509755629,0.2317212577399846,0.09707159021357183
223.0,12.791076510951036,-4.860509290853614,32.17199,1,99.6088,3,0.87889,0.2560953885546246,0.2232434484559746,0.09727605244763154
224.0,12.776193654535358,-6.708361797197298,35.74676,1,107.28957,36,1.74674,0.2256152010831776,0.2180512473456299,0.09750281619156902
225.0,12.77111231764407,-2.557151338505762,35.75723,1,114.209,25,1.16229,0.2396842991755483,0.2293468941135941,0.09758041995977781
226.0,12.75549294960639,-2.482407925166868,37.43825,1,116.2421,43,1.03836,0.2141169774138769,0.2288152206953943,0.09781954480929338
227.0,12.7767390374784,-21.787322669840123,36.84182,13,113.55582,27,0.57516,0.1401925417348713,0.1746443508668688,0.09749449243419082
228.0,12.791932193921689,-33.27555456792879,35.35057,13,102.3992,25,2.44867,0.1086211825782073,0.1432533326401574,0.09726303882681285
229.0,12.794738312217142,-16.191946438898796,37.21238,1,116.94891,42,1.6471,0.1919526729578348,0.190585199351775,0.09722038040635307
230.0,12.759624886622218,-16.518408510496712,36.17326,47,102.73473,39,0.37639,0.1904861414699669,0.1889482558121873,0.09775620144953628
231.0,12.757878488787846,-10.796356925153418,36.4773,8,107.48378,26,1.02621,0.2042403399613831,0.2048255742755576,0.09778296654272686
232.0,12.707737671172714,-9.24401015057724,36.7643,47,104.56138,21,1.22138,0.1946815637030111,0.2083617000903601,0.09855613179371221
233.0,12.671443465464732,-11.078115401796635,38.2195,8,115.36571,27,5.46787,0.1953474711106156,0.2034448675139102,0.0991215195127998
234.0,12.672242393463463,-13.115401172664363,37.58008,8,114.78552,14,0.39818,0.1439734018443265,0.1966187327461186,0.09910902157306037
235.0,12.686621914334486,-1.8980535844970208,38.08085,8,105.00926,3,0.28663,0.2124248836611198,0.2284161983400576,0.09888448069865385
236.0,12.71507862333897,-1.2490399499822615,38.01357,16,112.59383,29,1.90981,0.2245250451135705,0.2302316676205941,0.09844236340607539
237.0,12.709624612592329,178.8366233951291,37.21342,16,106.85042,22,1.04108,0.2571907588352902,0.2367518380572667,0.09852686958528928
238.0,12.668316093356998,171.40198901311874,39.01699,46,105.79621,12,0.23382,0.2770063372590619,0.2570835171618135,0.0991704649505426
239.0,12.684725541696285,163.12018634527618,37.96662,46,115.70875,37,0.02762,0.3163548637534198,0.2798053846691461,0.09891404946468275
240.0,12.696249124492068,175.68364436100535,38.51821,46,98.24595,38,1.04477,0.2534796333921947,0.244033031783171,0.09873457488991375
241.0,12.707615932415557,166.46383445428478,40.04467,10,119.39497,30,2.77687,0.283441270850485,0.2693548075155332,0.09855802013508629
242.0,12.707673389586564,166.74612805658217,37.48795,46,114.21036,36,0.34098,0.2895327431949726,0.268269880248874,0.09855712888583221
243.0,12.66722813367916,164.69552903648014,38.02684,47,108.53528,35,2.41151,0.2545344300489538,0.2733285982610721,0.09918750073758667
244.0,12.661657060665108,170.08111982482058,38.15928,10,102.68782,24,0.81708,0.2654638550107598,0.2591149859691884,0.09927480406172444
245.0,12.636768667949786,160.9326786893238,39.36035,10,102.4643,28,3.36769,0.320260053918309,0.2848951028846705,0.09966623695300122
246.0,12.653921856785075,176.18400272761698,36.91699,10,102.02802,4,0.29599,0.2982406578473381,0.2419607670931198,0.09939621235964324
247.0,12.650814445046343,-0.7548849337805734,37.50644,46,103.49865,37,0.51847,0.2971227402390629,0.2291911262157093,0.09944504761709927
248.0,12.652108495451944,-26.569414985621854,36.38008,10,115.04909,1,0.04052,0.2085014120399481,0.1578869105656373,0.0994247062924515
249.0,12.622761365114393,-20.51604889966346,34.08491,9,119.25482,29,0.79874,0.2087194981111906,0.17349177877072,0.09988755615797808
250.0,12.599368643953252,-45.405235791111366,36.68236,9,120.55933,33,1.45263,0.1002247939640103,0.1054411643653023,0.10025881458961867
251.0,12.596965037235254,-46.65512535962454,35.70074,9,118.07695,32,3.20187,0.1699333697067261,0.1031128131980803,0.10029707868741382
252.0,12.59734176407378,-39.27960866628696,35.99908,9,117.17861,11,0.77817,0.1757654114348288,0.12353335492549,0.10029107995576143
253.0,12.622343929230986,-41.5377513552949,33.83651,9,110.15992,38,1.77174,0.2205107695411981,0.1172998951073408,0.09989416306711617
254.0,12.632969843200565,-34.38067102518556,33.60301,9,112.36379,37,0.38255,0.2761636756644556,0.137228353319294,0.09972618667161189
255.0,12.613803905800037,-54.71922222464768,33.92611,9,119.20158,2,4.58231,0.2314805654546089,0.0813196743833752,0.10002947312736313
256.0,12.573207312248798,-60.83874415381348,34.42188,9,114.3648,32,0.314,0.2250572265313462,0.06414894068942,0.10067646981551208
257.0,12.558313985715865,-53.35150567938293,36.02369,9,98.66493,32,1.13196,0.252537886142034,0.0840225647071668,0.10091540262763055
258.0,12.544796749681309,-58.63299030951004,38.25558,9,102.05021,30,1.14506,0.2158975218030545,0.0686424590752174,0.10113299598738447
259.0,12.54954394360202,-60.69606472014716,35.92997,9,105.78784,31,0.41763,0.2540583568947107,0.0631977915382051,0.10105649804593314
260.0,12.56969553719073,-56.95476382147539,34.02854,9,105.67145,28,0.61998,0.2678094998309998,0.0729253130456205,0.10073273251545953
261.0,12.615891263470152,-40.40393771868095,33.01504,14,108.40033,38,0.20895,0.2974553063407756,0.1181457242819257,0.0999963751859858
262.0,12.612958821159978,-34.77056450172681,33.025,14,109.68945,46,0.2114,0.3187340770792529,0.1332922990306319,0.10004287778592336
263.0,12.5935056364707,-34.94014008517573,32.12666,14,108.68874,39,2.70473,0.3228015090780907,0.132229501837556,0.10035218890949994
264.0,12.57147190870866,-29.492017940095373,34.41232,14,109.89773,32,3.76911,0.3464542474261698,0.1473399780172969,0.10070426709532744
265.0,12.618510335408654,-29.144366186074933,34.23003,14,93.14551,28,0.79992,0.364645451953811,0.1480994692502026,0.09995486941172749
266.0,12.58871954642774,-31.342737037197143,34.24592,14,100.45963,37,0.31005,0.3479635929484614,0.1415081057337525,0.10042850896916462
267.0,12.579019064260695,-18.497097674076286,35.40831,14,102.60336,36,0.26446,0.372322734496173,0.1770965844607781,0.10058346232300927
268.0,12.59967553183821,-27.08294094171751,34.50815,14,97.0746,22,0.37971,0.3269556117160607,0.1525743419032741,0.10025393067958904
269.0,12.570997478324722,-39.50510179770198,34.45498,14,101.81415,34,0.05607,0.2648684034084106,0.1179967082270207,0.10071186841188826
270.0,12.592904773729703,-50.25279650882997,32.98932,14,105.1205,31,0.67483,0.2309967101625245,0.0881391621596699,0.10036176562447004
271.0,12.581190860533244,-61.43080500514638,32.89903,14,114.44561,37,0.38324,0.1356194761252055,0.0568566759036564,0.10054873938834238
272.0,12.579025155531795,-69.24845290075152,34.29165,14,115.40218,17,0.35174,0.0984662472503085,0.0356125187441246,0.10058336490989794
273.0,12.585981578836131,-86.11576530392496,34.8917,14,105.05501,32,5.15416,0.0177156424701392,-0.0116142141760811,0.10047220836753726
274.0,12.591037636351432,-83.87561660153926,34.81943,1,100.80468,22,1.0893,0.0306041259864608,-0.0046239827851433,0.10039153332168833
275.0,12.590580343618385,-67.22157535780178,35.38964,14,98.5769,17,3.55654,0.0980183033147174,0.0406586118365583,0.10039882594062961
276.0,12.56389953535809,-66.60420719850181,36.1573,8,102.17833,34,0.03481,0.1443253794070386,0.0421131265583164,0.10082569438153403
277.0,12.561580180523306,-74.35986964648326,34.08839,8,100.15343,21,1.56815,0.1570490083667166,0.0205875842983535,0.10086293048516343
278.0,12.58310623719834,-89.40087198074724,35.52739,1,111.81943,16,0.18464,0.1161382831986479,-0.0203237038226593,0.10051813103969552
279.0,12.60028799605904,-79.87817233240835,36.96731,1,114.60189,22,0.06057,0.1474717920444013,0.0054210079321565,0.10024418479865826
280.0,12.605349119122009,-93.9881451156614,35.51064,1,116.62559,9,0.16112,0.1486856301995151,-0.0336225108281792,0.10016370367922871
281.0,12.616163235547464,-102.53847798811492,36.08057,1,118.65094,5,0.34858,0.1146044432310077,-0.0567502699543019,0.09999206390239901
282.0,12.613240709371317,-113.9266085551276,35.52085,1,120.42552,10,0.85699,0.0999311413731781,-0.0881891485139296,0.10003840620032524
283.0,12.590224825907166,-122.00410744536384,33.71539,1,107.28091,36,3.0687,0.0710043015942254,-0.1108367991176453,0.10040449606411848
284.0,12.605238422038118,-133.14130530023834,32.43755,11,103.29135,21,1.09881,0.0214613255404461,-0.140663619085446,0.10016546292855402
285.0,12.581701490650907,-151.524548183475,34.70308,1,117.07494,25,0.08785,-0.0519078318104303,-0.1924634626951284,0.1005405779846122
286.0,12.547405220921748,-148.28936179817816,35.08508,1,104.2037,29,0.72953,-0.0327373394233459,-0.1834849995857927,0.10109095142343057
287.0,12.522594575719925,-142.5744352463969,35.53292,48,98.46172,3,1.86188,-0.0348720075040731,-0.16767910868833,0.10149192525632136
288.0,12.510473093285563,-149.6294819151173,35.4998,11,97.40005,18,0.73786,-0.0790177436855292,-0.1880616898205637,0.101688692967727
289.0,12.519223395234569,-147.8128268163953,35.88671,11,106.07877,38,0.00958,-0.067856494458689,-0.1828251276296414,0.10154659217196774
290.0,12.511335172006907,-142.09062857907517,36.25435,11,106.10881,30,0.68375,-0.0365701331019112,-0.1665442014432177,0.10167467997278709
291.0,12.487686254124974,-143.6940785342743,37.43662,11,100.01224,26,0.09395,-0.0440047507362205,-0.1708318121100833,0.10206014336456752
292.0,12.488792326462326,-142.30462477752806,37.88584,2,100.44749,41,1.39721,-0.0079344378289008,-0.1663171942080464,0.102042066211951
293.0,12.448307987097325,-147.4511152907548,39.74481,2,109.25663,19,3.38927,-0.0158113045496201,-0.1806471188665021,0.10270686711907093
294.0,12.451703335869247,-141.39644534902902,38.15313,2,115.57455,37,0.08205,0.0024086996760892,-0.1635376190377024,0.10265086223681087
295.0,12.434840581722291,-140.55475972781392,39.89205,2,115.05959,43,1.108,-0.0239885799210466,-0.1615933608468996,0.10292945847946766
296.0,12.42854476542165,-162.91377773577148,39.3226,48,113.43238,17,2.8437,-0.0861114399683488,-0.2228527543575628,0.10303376499432323
297.0,12.46988592128477,-162.1525703628269,38.77431,48,111.37525,9,0.30779,-0.0560426616081549,-0.2201199968555523,0.1023517260100967
298.0,12.48740908399813,-143.28039005901212,37.63846,11,111.70889,40,0.11278,-0.010913990690916,-0.166939022552231,0.10206467406210959
299.0,12.513448100639565,-127.13098255137773,36.09961,2,104.61714,12,2.12689,-0.0203415258562535,-0.1223216520217865,0.10164034679724913
300.0,12.51126022144502,-136.7760755669905,34.20057,10,103.46837,34,2.04651,-0.0592041904468109,-0.1485303638609698,0.10167589817096774
301.0,12.528977596792744,-149.85331166487887,32.32058,2,94.20231,37,1.42103,-0.1344306436921456,-0.1849639370209933,0.10138853931410367
302.0,12.563875470556829,-157.5648016111673,34.23944,47,84.80612,32,2.31042,-0.1765232321264285,-0.2066523085955515,0.10082608062423863
303.0,12.565926959562953,-175.0496112381606,31.6324,11,82.52937,46,0.37109,-0.2702568953059104,-0.2558727301257912,0.10079316196855115
304.0,12.561148522936444,-169.75708631931775,30.64913,11,90.38478,30,1.542,-0.2449089467336951,-0.2404943590352727,0.10086986281259872
305.0,12.589637708736376,-174.5675723012861,31.68504,3,96.43698,17,0.72566,-0.2553505309760023,-0.2540858934720716,0.10041386100051684
306.0,12.617978686435878,-168.95046479308374,32.60079,3,105.83933,30,2.01058,-0.229462036504325,-0.2380748532426851,0.09996329263457375
307.0,12.635636111394575,-173.24496807608824,32.12329,3,116.58543,39,2.37527,-0.2152566471653184,-0.2487383146031115,0.0996841043096931
308.0,12.638409383670089,-175.54240435508785,32.64976,3,107.22343,35,0.09098,-0.2359280601429473,-0.2550878207156956,0.09964036133171619
309.0,12.634460309381636,0.7202035230293262,37.02713,3,111.98249,30,3.66744,-0.3025475969500505,-0.2706745538132818,0.099702658996089
310.0,12.635683303237377,6.457723477081785,36.09488,1,111.79099,6,1.24575,-0.3280400183106253,-0.2860323267500271,0.0996833597092338
311.0,12.66164762301538,5.532598950882331,35.71484,1,113.10527,6,0.16551,-0.3080116022173703,-0.2826282216623585,0.09927495205528811
312.0,12.620501242953104,13.890036153844704,35.78113,1,114.36091,39,3.21719,-0.3402652769884169,-0.3063233936580173,0.09992333576604982
313.0,12.630684972861982,21.8728501773454,35.7702,1,117.07529,32,1.62709,-0.3330710973586411,-0.328376388975804,0.09976227054454105
314.0,12.614160011807956,31.929313267000325,36.47565,1,119.68917,48,1.92025,-0.3357312502732327,-0.3553503419152835,0.10002382541185725
315.0,12.597364797843772,21.437938434606068,38.38366,1,115.93395,24,0.40149,-0.3143828787552964,-0.3254877246778267,0.10029071319976236
316.0,12.593935108151454,27.58344472114038,35.33965,3,112.16479,37,1.53824,-0.3108664229619987,-0.3421756693892703,0.10034534471219253
317.0,12.562771736084436,28.649021981579835,36.81068,3,109.95734,32,0.09992,-0.2951997993637458,-0.3454253466633,0.10084379806937943
318.0,12.519449053020203,55.45611352264399,37.36533,1,109.5013,31,0.89862,-0.3860655288032169,-0.4215527830708205,0.10154293153602177
319.0,12.499892338264372,61.8764209146581,35.18752,45,116.19032,30,0.40361,-0.3998197617150879,-0.4398948205578144,0.10186091821497632
320.0,12.501463681130508,70.10059921195506,36.5138,45,115.56316,37,1.58832,-0.426334384532247,-0.4634411567038312,0.10183531347425659
321.0,12.510407698642366,63.3013415497382,35.56574,1,113.02283,11,0.18403,-0.4141892402421663,-0.4442696729581113,0.10168975606868012
322.0,12.501846326698129,62.214849449781894,34.67334,3,111.60541,22,0.32844,-0.4405731818858251,-0.4415025302861803,0.1018290797974094
323.0,12.469412483133706,52.25814761157926,35.5663,45,108.8835,15,1.20067,-0.3829179048491402,-0.4125031288283282,0.10235949833006718
324.0,12.425923593564784,46.31204911853459,36.07529,45,120.65156,47,0.53332,-0.4147540851077357,-0.3959185968073843,0.10307723825211239
325.0,12.41195894728467,29.349113335508235,36.87932,45,112.8121,38,1.27593,-0.3564959111677843,-0.3477105318212636,0.10330931232364195
326.0,12.404259480176943,50.245437758396776,34.65702,3,110.13928,25,0.58786,-0.4575998038979658,-0.4067983877066284,0.10343760269336273
327.0,12.397394301053527,70.43240394747241,34.85626,45,105.57566,47,0.28443,-0.5023529718723468,-0.4637750252998269,0.10355219359378302
328.0,12.397028318955774,84.25804797091908,34.53069,45,100.14223,28,1.2369,-0.5413629185300395,-0.5022423726942392,0.10355830777009606
329.0,12.41003949163738,95.98868677476148,35.82236,8,97.04907,35,2.28826,-0.5873792783621433,-0.5352645028579016,0.10334127241182665
330.0,12.382407952687505,97.72425888788882,36.61444,45,114.36196,33,1.35394,-0.5735843399302727,-0.5404199262224048,0.10380300238022563
331.0,12.402370507994382,104.92078438941502,36.27348,45,107.09117,9,0.72613,-0.6134883865691456,-0.5607112899327753,0.10346911370711878
332.0,12.402140998504338,115.04068938150512,37.10989,45,111.58894,43,0.22801,-0.6596815492282377,-0.5898167421149393,0.10347294326578176
333.0,12.376243036134872,124.1107078968362,38.31836,1,108.2351,42,1.49724,-0.6921481294738695,-0.6147073796677319,0.1039064418860598
334.0,12.311207115919771,112.81478493362243,40.48409,8,105.21436,35,2.11161,-0.70906783354169,-0.5834792057887889,0.10500714633960448
335.0,12.32577639239534,109.13744164454562,41.06113,45,109.90168,27,1.81122,-0.6992554207463387,-0.5723683291227433,0.10475905260054658
336.0,12.31061732498718,119.21508101770178,41.15265,8,104.20344,26,0.40244,-0.7312728149114742,-0.6001346926247169,0.105017208182109
337.0,12.309989192655337,106.59982788312524,37.91954,45,95.23114,34,4.15197,-0.7005896465803002,-0.564641691730923,0.10502792571984064
338.0,12.284820718387532,115.61077026208446,40.25229,45,88.78091,34,1.85584,-0.6861678180390808,-0.5894744128224852,0.10545871759320478
339.0,12.263382639085028,128.28884958427463,39.09227,1,95.78208,29,1.47529,-0.7207443220537474,-0.6251924711063379,0.10582775255532366
340.0,12.23819443386605,122.9615615908063,37.83006,1,82.52043,36,1.20225,-0.6633972305532386,-0.6105218754547272,0.1062638224830318
341.0,12.231989993385332,113.05516091813796,38.81414,1,83.05775,34,0.64075,-0.5686062940806889,-0.5808492458318267,0.10637165036266781
342.0,12.232599481364964,84.42000387887595,37.3279,16,101.51347,21,0.66269,-0.523851477514349,-0.5012830636530456,0.10636105071420575
343.0,12.230004283160415,84.15784014156284,37.43726,17,108.88463,42,1.38624,-0.5072981064129114,-0.5001144506219437,0.10640619498201291
344.0,12.202652946352485,81.72267674501654,40.14341,17,108.13534,36,0.30621,-0.4264362395730052,-0.4924234794716627,0.10688373267129478
345.0,12.187055334383798,87.91876368057288,40.0089,16,111.58404,21,0.32435,-0.4275137582649007,-0.5101913284001546,0.10715749820064162
346.0,12.142435206579943,98.52732896461208,41.49251,10,117.99117,22,0.5968,-0.4742046145342833,-0.539962443864975,0.10794649419978938
347.0,12.13172236327791,108.41437596255454,43.76176,16,114.21094,28,2.86676,-0.5169388582394897,-0.5676503114657053,0.10813722135704316
348.0,12.135144620559377,101.28128075138164,42.92781,16,111.42845,38,0.05483,-0.4738718880079772,-0.5465724000273592,0.10807623795351992
349.0,12.13358784920554,96.69394700200104,42.15574,10,108.60603,38,1.53647,-0.4210235975619312,-0.5336550985775552,0.1081039726659276
350.0,12.114237354242343,83.55766235421723,42.47316,5,114.55977,8,1.36675,-0.4466150800188126,-0.4977730569749183,0.10844960500285743
351.0,12.139519099626211,89.82703084197234,42.95289,5,120.74,18,1.50999,-0.4899406133223078,-0.5143143498742586,0.10799836138296288
352.0,12.135920593843364,90.57786240685128,41.93169,5,116.54326,29,0.36752,-0.4796616864974553,-0.5161569861070553,0.10806241756115861
353.0,12.090186759950267,102.58612622193758,43.16036,5,108.6578,32,5.14757,-0.4975161067398707,-0.5496406833112567,0.10888150432441183
354.0,12.095615677936909,116.2741731279533,42.72465,5,105.11802,25,0.19232,-0.5156854771505371,-0.5879863107672172,0.10878378691700451
355.0,12.031461987339991,123.30865635128262,42.95866,16,103.15671,41,0.43564,-0.5394914294816776,-0.607641884938989,0.10994698515082067
356.0,12.005945484383457,121.9436154792768,41.78863,3,114.4951,14,0.41376,-0.5299038043749176,-0.6048230874679491,0.11041482732640198
357.0,12.003435528167346,109.41982698006017,40.35251,3,107.87728,8,2.618,-0.5010972935834388,-0.5696575202426962,0.1104610083312641
358.0,11.990893910327046,125.21991387570122,39.08949,15,107.59639,33,0.84332,-0.5729000957881406,-0.6153642279018535,0.11069219780833629
359.0,11.988906437340995,133.86424727444148,37.06855,15,111.03418,19,2.03465,-0.5947345260152108,-0.6394536956397296,0.11072890107051193
360.0,12.010547015185113,142.04293004745688,37.0446,9,107.65068,30,1.94295,-0.6382868745836897,-0.6627879146075495,0.11033023835640292
361.0,11.988040710528248,147.88769188196233,38.2443,9,118.17392,33,1.05182,-0.6601971247271693,-0.6790238653001454,0.11074489441625705
362.0,11.96478993109358,153.90427054680717,36.80535,9,120.05163,37,0.50644,-0.7068674762782695,-0.6966142390629909,0.11117572638109452
363.0,11.988458442115544,174.10685890356464,36.65541,1,112.1021,24,0.44488,-0.8047890286626959,-0.7531007378279556,0.11073717685444184
364.0,11.970323012817293,-6.923852280910026,38.71385,15,116.05407,28,1.45338,-0.831135654332058,-0.7888063532133233,0.11107297189251512
365.0,11.992393529808323,-6.028837585639465,39.63126,1,107.90762,40,0.1417,-0.8077274823022834,-0.7855946038575294,0.11066451596198286
366.0,11.988023602356536,-10.400712671447408,40.8819,1,108.87679,13,0.43155,-0.819394721980114,-0.7982957881725712,0.11074521050572844
367.0,11.978388418467793,-19.089389661970344,38.84965,47,103.4006,25,0.0966,-0.8355034182211017,-0.8233210837867816,0.11092344477032286
368.0,11.979563713178182,-4.648027381396034,38.8233,15,108.81049,28,1.02239,-0.8256886273381844,-0.7838512632503432,0.11090168081531769
369.0,11.9800705767286,-14.467956568343295,40.00563,47,115.82686,38,1.64713,-0.8431472854709484,-0.811217597388812,0.11089229675865604
370.0,11.984400498662902,-26.586479027744787,42.71613,15,124.22849,28,0.78932,-0.8742797014548596,-0.8440737958810419,0.11081218123698669
371.0,11.997615245520883,-20.93308750950814,40.08866,15,116.21372,34,0.39539,-0.9172960246657856,-0.8295557195496038,0.11056820800753629
372.0,11.982515501093872,-36.10290727789814,40.29963,15,115.82936,37,2.79045,-0.9722483739340272,-0.8715983852392448,0.11084704822664124
373.0,11.96793785225372,-34.81834296814981,41.29031,15,119.52493,39,0.98309,-0.9538025316783152,-0.8672622892585783,0.11111724907291552
374.0,11.950875819929472,-24.822306388948164,37.30627,15,109.36967,33,2.264,-0.9835233912167836,-0.8392491580334417,0.1114347554187016
375.0,11.961432193173549,-37.10769854490764,37.18701,15,102.90521,29,1.3378,-1.0033208660144657,-0.8730108226291676,0.11123815224135823
376.0,11.921136901997434,-25.572267103071766,35.85235,1,97.45251,27,0.84714,-1.0318719153999891,-0.8410622321537347,0.11199142759260894
377.0,11.915553821788206,-12.949914361806364,37.89658,15,100.56804,44,0.38537,-1.021998913421867,-0.8055124425700863,0.11209640023856511
378.0,11.924611558856643,-13.702262450449126,37.46612,15,102.51954,16,2.06203,-0.953666012290042,-0.8068038122766549,0.11192617178339606
379.0,11.899593872626808,-24.074131334158523,34.97972,1,105.4547,44,1.20635,-0.9551401008481116,-0.8342084679555749,0.11239729329812045
380.0,11.893295920881462,-25.8622775464072,35.65339,1,101.07116,3,0.11774,-0.9971476603823808,-0.8388935443343388,0.11251636208392254
381.0,11.896748529813069,-32.08088289545554,36.16341,1,110.67618,12,1.74139,-1.0260302140902615,-0.8555900100810626,0.11245106380092178
382.0,11.907480722809307,-16.120141535739975,35.23336,1,93.30279,34,0.31414,-0.9971982491837548,-0.8113729431731823,0.11224845122769608
383.0,11.89258720943908,-10.18476589757961,35.45506,4,102.7753,35,0.35676,-0.9672869810041934,-0.7946814919684939,0.11252977279226876
384.0,11.856934918739723,-10.181294813316384,36.55434,2,93.83476,47,0.40815,-0.9653486469428748,-0.7958933167121159,0.11320751554815262
385.0,11.86995120371046,-27.46586048556518,36.79302,48,108.77743,38,0.09991,-1.0120469597565391,-0.8433701427620013,0.11295937074383404
386.0,11.85346412087012,-37.475285666065666,36.14506,48,114.55143,36,0.18666,-1.0663995581127046,-0.8712428333982812,0.11327382155372942
387.0,11.860834266203256,-52.740960053332664,36.37509,1,104.8821,39,4.0126,-1.1062413600395318,-0.9124524488404744,0.11313309196783405
388.0,11.857608275224736,-54.07849495828536,36.93298,1,105.31602,46,2.98522,-1.0704916721087554,-0.9159261208166912,0.11319465851179696
389.0,11.837914291038413,-62.32523282558461,36.84758,1,110.89198,39,1.81706,-1.0512878651140505,-0.9379512341531772,0.1135716012896653
390.0,11.835951324961924,-60.647531367772416,37.5825,1,111.44453,45,0.7386,-1.0270752208028426,-0.9335667188918066,0.11360927560603938
391.0,11.813241894115444,-51.25226860576122,36.8302,22,101.43424,38,0.04661,-1.0057972322268989,-0.9076896399797098,0.11404649375009122
392.0,11.799379742305844,-45.471161798598594,38.50078,48,110.83154,36,0.09137,-0.9877246323094068,-0.8925289045698122,0.11431461944797447
393.0,11.773651635205884,-38.58942842520581,38.59961,2,113.12665,19,0.09847,-0.9605119399798806,-0.8741189828501568,0.11481477222103165
394.0,11.794534317919402,-36.19669787402979,38.36017,22,109.25857,3,0.27745,-0.9642571565002171,-0.8687326230340097,0.11440856408485532
395.0,11.791650310618763,-44.46518639757701,38.2382,21,104.3429,46,1.28286,-0.9257100321317224,-0.8904835226587066,0.1144645351280381
396.0,11.796229303790634,-40.03771863368569,40.66785,2,111.59843,18,0.90288,-0.907489321547864,-0.8784258349832018,0.11437568799156335
397.0,11.77267420038836,-43.239352794385184,41.22731,2,105.81563,18,5.1066,-0.9012038255804852,-0.8877780857363579,0.11483383817202329
398.0,11.75232778087646,-31.70358083026015,40.07934,2,115.27818,18,2.11578,-0.8889278517825583,-0.8566027026816934,0.11523179847491324
399.0,11.762913733481412,-47.16201472882563,40.51788,2,108.29209,33,0.09316,-0.9023317526897678,-0.8985564344705611,0.11502448768571054
400.0,11.74291212240043,-35.464686666253215,41.47908,2,121.17235,18,2.46221,-0.8813970948129755,-0.867596017039685,0.11541666202959917
401.0,11.769793004391106,-40.339165247992504,38.88229,2,107.48544,31,2.67499,-0.8592817824189085,-0.8803638148089092,0.11489006673801255
402.0,11.79282076605612,-47.85167655897293,35.04059,2,106.89146,24,1.91272,-0.8695813094572492,-0.900819829420334,0.11444181469642302
403.0,11.797441628396632,-54.12304100854626,36.22,2,119.29919,40,3.98064,-0.8893785836695834,-0.9174699922812553,0.1143521823297837
404.0,11.79348000094414,-59.27502459267905,33.77087,2,103.63912,46,0.1751,-0.8321463400246175,-0.9308012926375342,0.11442902085977849
405.0,11.772382066432048,-49.16833709749873,33.23121,2,117.11307,47,0.24767,-0.813659933352648,-0.902836384558486,0.11483953749090545
406.0,11.776662976288204,-67.98126195645224,32.64348,20,118.72732,14,0.70232,-0.8794535744428147,-0.9554776759123036,0.11475606251069176
407.0,11.79236818186958,-66.70477755720228,34.42616,20,120.65101,33,0.02663,-0.8697930842261258,-0.9525126794324016,0.11445059928468113
408.0,11.796993975612166,-70.20963376326655,33.35059,20,106.46738,45,0.34386,-0.9140582791897844,-0.962040533353976,0.11436086098880031
409.0,11.811305177631832,-79.47945971491399,35.17826,20,108.19421,45,0.2317,-0.9084811416730296,-0.9865954951902228,0.11408389754749974
410.0,11.809895648441715,-88.66739373300324,35.32064,20,110.66653,22,1.7196,-0.8992592844183709,-1.011336417984259,0.11411113134949759
411.0,11.771473325699166,-96.25199004671283,35.96645,20,108.58206,43,2.932,-0.9353133146625522,-1.033170345646066,0.11485726906804485
412.0,11.767138037417787,-94.750153511034,35.39986,20,115.10322,3,0.13722,-0.9552657227048168,-1.029282798294601,0.11494191685534559
413.0,11.7541689645502,-95.16815493701282,34.94461,20,115.62369,16,1.41899,-0.962511693650632,-1.0307373521227268,0.11519570127569946
414.0,11.733346000077743,-98.79975496244944,35.55677,20,110.66897,18,0.48375,-0.9734277974104516,-1.041401815215574,0.11560493568756196
415.0,11.749243569671068,-99.24136553479325,35.24902,20,111.53688,21,0.65061,-0.9489831313359152,-1.0420839275584353,0.1152923037914704
416.0,11.715192525898503,-98.42354132732082,36.40576,20,110.73605,21,0.58851,-0.9005712673013496,-1.039951489622556,0.11596348842923518
417.0,11.742518276799249,-83.77810311168706,34.99137,20,104.85619,23,0.11953,-0.9265203115595791,-1.00104016438262,0.11542440433936235
418.0,11.73093514118409,-85.2865109520286,33.81787,20,100.69278,32,1.38166,-0.9994488675656644,-1.0064457754095668,0.11565245718912405
419.0,11.702004602472613,-101.27647525277972,33.86832,20,108.03562,21,1.3879,-1.0190431314841026,-1.0492873447908369,0.1162250127428294
420.0,11.691123977897623,-97.26029012170244,32.58501,19,105.30166,8,0.49026,-0.9867918322451336,-1.0376454698773685,0.11644144859583215
421.0,11.698504514034624,-94.0004175952934,35.10277,19,116.65839,41,3.27123,-0.9969652959556048,-1.0296308253580757,0.1162945701256491
422.0,11.713370326005965,-98.76989004930452,36.08835,19,99.24746,40,0.63943,-1.0323560284107822,-1.0430112544465882,0.1159995711426598
423.0,11.72626392528499,-113.25112921254312,33.55224,19,108.91836,15,1.8105,-1.0915681447731806,-1.083384783878134,0.11574461701145272
424.0,11.738851803466453,-118.20239864094582,34.2454,1,109.94904,8,0.01866,-1.1184370752422628,-1.0977052335258088,0.11549651813687134
425.0,11.7059807652288,-115.82348269270582,35.39377,1,117.81695,6,0.28212,-1.135880857371192,-1.091219480735888,0.11614607000566801
426.0,11.718845953916349,-117.93187844283682,35.3969,1,103.89605,28,3.37812,-1.1358037094001645,-1.096616531246294,0.11589119492537518
427.0,11.733025683161868,-109.64564405242764,34.04775,1,90.28004,34,0.53468,-1.1088583698712224,-1.0744841036050616,0.11561124790794401
428.0,11.727540152748595,-100.1973959207622,34.02205,1,84.23181,34,4.62148,-1.1276488968303648,-1.0498476176838438,0.11571942700236505
429.0,11.74831551789238,-112.57540994135084,34.44681,1,87.2184,41,0.4406,-1.1736731169739918,-1.0837708058130089,0.1153105194162608
430.0,11.763286449315103,-115.10743817613908,31.73481,1,85.40401,40,3.14147,-1.1997597607465071,-1.0915783707584057,0.11501719877562175
431.0,11.75233191967672,-115.73349108193108,30.00375,2,95.69496,29,0.23193,-1.1825042584128966,-1.0925000937836733,0.11523171731292481
432.0,11.74788861644997,-110.86512225976608,30.97255,2,108.25415,29,1.35961,-1.1344148627533672,-1.0792392647341702,0.11531890000669305
433.0,11.75886911672448,-106.96391203917418,29.83392,2,99.84922,42,0.45544,-1.1329213659860136,-1.0686412551216895,0.11510362964684599
434.0,11.74710870613635,-112.47422439362022,29.9772,2,105.02873,35,0.00961,-1.1541155428286851,-1.0831233028843317,0.1153342129466345
435.0,11.762953551037798,-117.42577312000888,28.69541,2,94.18023,17,2.54882,-1.1796629503050229,-1.0967150854243042,0.11502370897205623
436.0,11.716885858400452,-115.36554206153752,29.61638,2,101.98799,34,0.06927,-1.1668493913031033,-1.0908177542667177,0.11592997260310445
437.0,11.678742389529445,-109.91167688408729,29.05569,2,97.85556,23,0.21206,-1.1911887906660514,-1.0761560112503423,0.1166884776483252
438.0,11.659791091865891,-104.16312873652788,28.19097,2,110.03812,13,1.55314,-1.092578716606717,-1.0594077375149602,0.1170681062728251
439.0,11.655263552758749,-119.65732981872785,31.27479,2,112.51859,47,0.06102,-1.108720192393568,-1.1017720253483692,0.11715907519399822
440.0,11.642721784162935,-110.43414807285076,31.7918,2,113.29555,29,0.83861,-1.120591472623057,-1.076865405840591,0.11741162325978882
441.0,11.637124952308252,-116.26706163004052,29.4139,2,100.53401,18,0.47821,-1.111733247124444,-1.0936457970983793,0.11752458778302363
442.0,11.606441167936683,-115.8932426088296,27.77087,2,107.51777,46,0.43682,-1.103589364977584,-1.092787922277153,0.11814680535243254
443.0,11.5830424562058,-122.18768447326104,29.98315,2,114.35912,47,0.27565,-1.1189225311575548,-1.109555559874961,0.11862462027782407
444.0,11.558410651438368,-131.9545226198386,30.66375,2,110.46836,12,0.14488,-1.1823094396881175,-1.1376771276744342,0.1191307542102623
445.0,11.560001566242368,-130.42248608278254,28.41806,2,105.12163,48,0.41836,-1.1179958629284583,-1.132870897069667,0.11909796635330057
446.0,11.527641571149337,-121.02367040094352,29.0788,2,122.40703,12,0.19598,-1.0933083466076905,-1.107666018850478,0.11976756021669864
447.0,11.50243347525915,-129.30113627344613,29.29722,2,108.63209,20,0.41607,-1.1048951403767555,-1.1294986152697324,0.12029308734248871
448.0,11.49079738059514,-127.25409448204104,29.80598,2,116.53438,28,0.22195,-1.1340323550104958,-1.1249715707041783,0.12053683900320754
449.0,11.474225929289256,-127.03038960567866,29.18996,2,117.79301,40,0.7807,-1.0905037583544177,-1.1243676201512325,0.12088525688801188
450.0,11.454808589820592,-120.83222496824156,31.50361,2,112.82158,19,1.37058,-1.076241237564792,-1.1077485284655733,0.1212954356369873
451.0,11.456616147279252,-136.7071174033878,29.85126,2,110.40191,28,0.8361,-1.11011964847855,-1.1508483587347744,0.12125716409664723
452.0,11.447296119992885,-137.67939275248858,32.09886,2,106.20194,17,0.70596,-1.141416816460442,-1.1544231705610632,0.12145469198799394
453.0,11.456518045941763,-148.12284944631637,32.51585,2,95.69428,34,2.22079,-1.1693580884475068,-1.1832060684346613,0.1212592407382342
454.0,11.434142891370236,-159.1860229180072,32.09126,2,96.08909,17,0.11977,-1.192748664108049,-1.2131337134549889,0.12173428271865015
455.0,11.453861827344596,-153.20958398766476,32.98228,47,98.28807,19,0.72032,-1.1727739268844166,-1.1961811905591282,0.12131548873608804
456.0,11.434082990589406,-169.8292006918224,31.97652,1,90.39153,37,0.58251,-1.2772179651769884,-1.2427346427473276,0.12173555820312847
457.0,11.433878659287114,-179.67215584568874,33.54563,1,102.36631,26,1.26641,-1.270470732048946,-1.2696235501877846,0.12173990923887851
458.0,11.435610804579754,-169.08503920529836,32.33413,1,87.58537,18,0.58347,-1.2679686519392164,-1.240647081764748,0.12170303228599016
459.0,11.429217894188495,-179.36410278942722,30.67952,1,90.85642,20,1.7782,-1.31824040905421,-1.2691584961289275,0.1218392190633469
460.0,11.389748115801984,2.812337035686454,32.22988,1,99.64958,10,0.86093,-1.3358238790047066,-1.2793556093033531,0.1226851200208639
461.0,11.382989297484691,8.843173940834518,34.12591,1,98.60191,7,0.20508,-1.3416160290351735,-1.2948689618119784,0.12283085548482235
462.0,11.396792726498992,16.547057822466414,34.39184,1,105.2672,17,2.53189,-1.3660568865178446,-1.3158637267877251,0.12253349810096179
463.0,11.40304699676778,17.201851029233723,33.15393,1,112.0503,18,0.47103,-1.348889274410722,-1.3172416619646237,0.12239912218356712
464.0,11.37583903062482,13.564799581548414,34.24582,1,102.67418,34,0.56468,-1.3543238463964222,-1.3075587111206923,0.12298531431844367
465.0,11.349983612573409,23.41035599188895,34.46242,1,110.41359,13,1.54392,-1.4010709071503626,-1.3353251908119386,0.1235462769912261
466.0,11.358244248943183,19.269664635009264,34.74087,1,116.13374,23,0.12438,-1.4545223447583515,-1.3241813973458516,0.12336663659509589
467.0,11.352537490789238,14.355483306156984,35.28093,1,110.03571,24,1.86548,-1.4479889691996075,-1.3104415889549663,0.12349069705491289
468.0,11.357223726283436,3.036148263904522,34.53099,1,116.93017,6,1.10157,-1.4244905380537625,-1.2796404024933827,0.12338880822921107
469.0,11.347034352473967,3.5446707404271365,33.96091,27,102.43111,21,1.23226,-1.4313757789772017,-1.280216803528524,0.12361050830425524
470.0,11.29915283608533,10.576094367553068,35.91349,1,114.89729,24,2.2728,-1.441365613038474,-1.2993570076617629,0.12466035676250618
471.0,11.292303380661297,12.314223644285718,35.44053,28,113.61335,26,1.20897,-1.40466904218252,-1.3025080730625425,0.12481163050802199
472.0,11.248702593280754,2.079225002260557,34.81132,28,113.50663,38,4.04891,-1.3431159780940567,-1.2731266638546297,0.12578106354093108
473.0,11.268646242490885,11.82359189072443,34.11657,28,114.07444,13,0.48954,-1.376098705124287,-1.2996087496465092,0.12533623396531576
474.0,11.23474499970952,20.87527720361058,35.17201,28,107.62208,17,0.52778,-1.3721158948110066,-1.3233117306399702,0.12609378830821044
475.0,11.196726768242234,30.440389720578807,35.33837,28,120.41427,10,0.7207,-1.3412208388427975,-1.3494014651482424,0.12695153926633782
476.0,11.1799911910833,41.002393508840015,34.27127,1,119.32439,14,0.26114,-1.3475643687045993,-1.3789056475761718,0.12733189689460678
477.0,11.15643159688509,40.893527858821926,34.3102,1,114.20347,21,2.28218,-1.3892524808463802,-1.3785308855293443,0.12787025099103388
478.0,11.124210714131802,38.40076982811257,34.98493,1,112.82404,24,0.00522,-1.3475202337191976,-1.3709570294349709,0.1286120670751999
479.0,11.090647380863404,37.582497797220284,34.97346,1,102.52143,11,0.25037,-1.330593232358218,-1.3680040383579273,0.1293916755511648
480.0,11.063161801987832,33.01682727748748,34.03398,27,101.96242,24,0.14235,-1.325595548231983,-1.3547950409156877,0.1300354016352804
481.0,11.034538687719769,30.606235025417988,35.88396,27,106.70703,36,2.09813,-1.2638933169469335,-1.3488159749967428,0.130710888965041
482.0,11.04307818335213,13.001634571551548,36.85676,27,108.77795,46,3.28224,-1.2029860113471351,-1.2994590754519448,0.13050881242947654
483.0,11.043553875090495,21.01137691262653,37.45855,27,113.87704,17,1.93722,-1.217563512163819,-1.3229319250874108,0.1304975695582967
484.0,11.016008586743284,12.795457453411984,35.80518,40,113.33345,44,1.51048,-1.16599389894918,-1.298850187073491,0.13115099811266628
485.0,11.000002706181707,9.906681877754837,36.68384,2,120.29952,32,1.32875,-1.149037119859963,-1.2904489283509382,0.13153294610118524
486.0,10.955677560970097,13.865829116246644,39.39622,2,115.08378,15,2.48971,-1.1787750214153865,-1.303064486114749,0.13259942711549066
487.0,10.948089430661527,29.15949190342667,38.05526,28,104.99479,45,0.53275,-1.2472880267917992,-1.34554701197446,0.13278330037134695
488.0,10.957704942176616,23.821506673375296,35.52036,2,105.79239,33,1.44844,-1.2893804863655802,-1.3322303052821247,0.13255036488600255
489.0,10.945054887547789,24.75576508332817,34.88492,30,102.58958,22,0.63786,-1.3154756304078754,-1.3352040275610524,0.13285693956484304
490.0,10.915335617106631,22.32892353062051,35.8895,2,111.89282,42,0.7972,-1.2954942590784893,-1.3285470641217203,0.13358138572773423
491.0,10.904590510924557,15.359640491635744,37.58633,31,106.68249,3,2.99125,-1.2534871284555298,-1.3087276633143914,0.13384477083127636
492.0,10.9200382892249,24.26133508979275,35.58598,2,114.72903,36,2.58801,-1.2443342326843057,-1.3324066123809917,0.133466357890309
493.0,10.881344699828096,28.497241377767097,36.99368,28,111.26832,21,0.90503,-1.2528156793123413,-1.3436881910549705,0.13441724669920097
494.0,10.86613070628931,33.10861230978189,36.87289,28,109.12453,33,1.14974,-1.2157358844649704,-1.3555649205330909,0.1347939133944614
495.0,10.870566084846224,28.94773505551278,36.94506,28,108.37719,33,3.25328,-1.236497136705179,-1.3449379258127767,0.1346839393490633
496.0,10.834581521214949,20.297665618387583,39.64176,2,118.85784,34,1.39123,-1.1839879710531085,-1.3204473851183964,0.1355800683067233
497.0,10.845284602509189,12.10283523145378,38.90913,2,114.32093,46,0.80491,-1.1832038241391332,-1.2978423849504803,0.13531259566816267
498.0,10.872278457724212,5.794786473804663,35.65484,2,119.84393,41,1.14165,-1.1947184624707865,-1.2810456655657356,0.13464151752114353
499.0,10.847070494937704,26.482585706944704,36.16985,2,121.7569,16,1.15277,-1.265812499032814,-1.339358966613911,0.13526804283762273
500.0,10.846426692036111,43.485376488857725,36.64738,28,106.39821,44,1.82929,-1.3357701167623353,-1.3878192189403935,0.13528410131392848
501.0,10.851546697186029,36.43607529625229,38.12631,2,106.85965,47,3.41225,-1.3487980058599407,-1.3686188083121869,0.13515647123325217
502.0,10.85660082607692,47.563673790751125,35.46185,27,107.47595,8,0.84279,-1.4304946450502578,-1.4009609725573642,0.13503066035858027
503.0,10.843072996160217,36.71000424638627,35.73738,2,111.36673,44,0.57357,-1.3738138162218625,-1.3695593987680006,0.13536779933872106
504.0,10.776646539615529,49.44002066767351,35.21275,2,115.79543,43,0.69178,-1.412878661497725,-1.4058090842203608,0.13704173681647527
505.0,10.738089657849256,37.08551524958291,37.58614,2,115.50188,43,0.00065,-1.3923054824339356,-1.371426127145058,0.13802764559037783
506.0,10.719675925916178,49.79279174478327,37.57704,27,109.30994,35,1.14993,-1.3584306922225964,-1.4046197517505072,0.13850224706229688
507.0,10.67753096269251,44.07959555139669,39.50054,2,106.92554,26,1.4297,-1.340751312558781,-1.3879457356195115,0.13959776099581322
508.0,10.687463479828391,35.81027067121529,36.70117,2,113.33165,18,1.38596,-1.3308952165567711,-1.364794915041495,0.13933840799789812
509.0,10.692123898964038,41.239496862723826,37.25414,27,111.45268,4,3.33597,-1.3655760338274976,-1.380476606816706,0.1392169664833466
510.0,10.66298461242052,40.24450862958662,37.32333,27,108.45458,47,0.39289,-1.3911074052281849,-1.3784732269084314,0.13997889687694492
511.0,10.621973539039647,33.47883210996535,37.5224,2,115.35039,20,2.41282,-1.431517388246323,-1.3595061113497011,0.14106189093326738
512.0,10.605226617277904,49.64798709912537,38.79581,2,105.27928,23,0.64689,-1.4677485667617218,-1.4052919930341752,0.14150774989600962
513.0,10.60781572494325,56.001936986390206,38.61323,2,104.49247,44,1.0855,-1.478339273984138,-1.4228311980348594,0.14143868118338848
514.0,10.563524033815918,66.25071800192995,38.88042,27,100.12254,7,1.28313,-1.434853701005094,-1.4506624517014728,0.14262724130054125
515.0,10.52961340038324,65.68111758600645,38.57884,27,108.00823,20,0.90381,-1.4396280412277165,-1.4480979107754832,0.14354738300361214
516.0,10.489992169497436,86.28265847767307,39.68013,1,99.01464,25,0.83326,-1.4926340394756563,-1.5067639502904506,0.14463380231562964
517.0,10.489782064069544,91.13067582056532,37.52293,27,100.90164,7,0.45707,-1.4695794335265608,-1.5210593539711943,0.1446395962684629
518.0,10.458279346756004,86.30031771023368,36.34314,27,101.91633,43,2.47639,-1.4508859103848484,-1.5054556337704292,0.14551228341525796
519.0,10.441047521287825,85.8131750145819,38.1753,1,97.39788,38,0.73997,-1.4248607279681131,-1.5038324697030252,0.14599298449395803
520.0,10.408959786487276,90.634410097417,36.6558,26,97.8488,44,3.32562,-1.4833876637249994,-1.518249499481609,0.14689447798744595
521.0,10.423763584275166,78.78432420613348,35.22552,26,107.55062,40,0.468,-1.4706434010625224,-1.486152924625818,0.14647753607328026
522.0,10.408799866966303,78.9575123882546,32.72289,26,105.92561,48,0.24306,-1.4972438353430568,-1.486084155165421,0.14689899175950655
523.0,10.372894337607091,83.37854549953764,34.94598,26,95.70534,20,1.81356,-1.5382654569102985,-1.4983197920027282,0.1479177266745861
524.0,10.31951854676318,80.83432792317447,37.98523,26,105.58134,20,0.29484,-1.522708692782918,-1.4905717052008844,0.14945183776678567
525.0,10.30882150958211,76.17529528279005,37.25199,2,107.32489,13,0.04227,-1.5260326291075694,-1.4774790187056124,0.1497621586530395
526.0,10.287344981921215,86.79105664445686,35.12837,26,97.06099,11,0.34015,-1.5122100612904392,-1.5072380520659756,0.15038811773205962
527.0,10.320783505074475,96.20842921779736,33.98651,28,105.34558,43,0.14194,-1.5370563693834822,-1.5346037826320595,0.14941520512957765
528.0,10.33954947833024,105.5094788687182,32.5209,28,100.2911,33,0.76311,-1.5875643753297115,-1.5609621378548193,0.148873329058041
529.0,10.347069607182314,102.29772160069754,32.37987,2,109.28148,43,0.32332,-1.5668380388244432,-1.5521388193662615,0.1486570089165971
530.0,10.356998204796245,100.77622550381196,33.96646,2,98.05863,17,0.66518,-1.538310866902603,-1.5466177872748406,0.14837212942887168
531.0,10.326175950629237,108.0067681467374,34.76599,28,101.45844,14,2.05697,-1.5169091022847725,-1.5658489908558528,0.14925919326492149
532.0,10.303272441428524,106.61286044595748,37.16963,28,93.48524,13,2.73859,-1.4537295331172737,-1.5603037536120916,0.14992351791400058
533.0,10.294598827614196,123.18151576953684,38.33745,1,101.41842,13,1.12344,-1.5375109296784508,-1.608311171986475,0.15017625753572808
534.0,10.296299832744989,106.70304809234425,37.5186,2,92.02995,14,4.20526,-1.4911729936264135,-1.5622688690470918,0.15012664175378254
535.0,10.271795677416844,109.34919268147382,38.76298,2,102.23474,25,2.63974,-1.5271410621346615,-1.5694209984050504,0.15084377332572307
536.0,10.22313297517182,103.45811755683104,38.34696,2,111.24688,15,1.2937,-1.4795910315337275,-1.5528689930349784,0.15228324127835313
537.0,10.219900892491086,104.28557090800268,36.52993,2,106.24854,7,1.4583,-1.5157162339155188,-1.5553084827001542,0.1523795768222462
538.0,10.209786847551095,99.07408786288852,35.00105,2,114.12802,13,0.95225,-1.4604039594392804,-1.539801458562666,0.15268162764303872
539.0,10.158099759900752,101.52205641520158,35.52235,2,116.49516,48,1.13627,-1.4691607027085969,-1.5463395565525937,0.15423934932370414
540.0,10.120443845594016,87.55858630385453,37.83363,2,114.17299,13,0.74305,-1.427527120884993,-1.5073748556269746,0.1553892650764251
541.0,10.159706968211294,90.32146110058264,37.63374,2,115.5601,13,0.2588,-1.4361722180462344,-1.515427385720206,0.15419055359425154
542.0,10.175001128909203,98.49752418256008,36.18118,2,101.18025,21,2.27601,-1.4568093954423236,-1.537910221298575,0.15372737079066198
543.0,10.204059107307298,111.45229832397996,38.26387,2,95.53506,18,2.59059,-1.4931423426443486,-1.57417180779014,0.15285308218614277
544.0,10.172141018425611,110.86280323513888,38.39843,28,92.91396,48,0.25177,-1.4954018224532866,-1.572936216288629,0.15381383028355586
545.0,10.14374684856739,128.69024102305218,39.27281,28,108.72651,22,1.79916,-1.5993837764357135,-1.62487160903312,0.15467614056790274
546.0,10.136656768046226,133.20179772717802,39.12524,28,113.59791,47,0.29854,-1.605946117015968,-1.638494743737607,0.154892592569353
547.0,10.120395422544824,142.49976445732574,39.53377,28,108.42794,38,0.18836,-1.591686258854078,-1.6642903925759729,0.15539075206180727
548.0,10.108050828098936,138.95128406733747,38.54238,28,112.27108,48,1.23918,-1.6160053740340892,-1.654878116170348,0.1557705299602896
549.0,10.096916225688462,147.67714840694475,37.36751,28,120.35862,30,0.70622,-1.6722133024186092,-1.6794886404360785,0.15611427833407762
550.0,10.046906855904146,146.00244409499084,38.98963,28,117.8593,44,1.96129,-1.750688402624041,-1.6758716558633038,0.15767229160983895
551.0,10.01451474030164,141.42900125315262,39.99428,28,118.17572,40,0.90972,-1.7772643657093552,-1.6629776183519132,0.158693928527195
552.0,9.986960865164804,125.19702448766192,40.57476,28,108.84553,30,0.76083,-1.721602460492034,-1.616023836457002,0.15957080483916095
553.0,9.966432250502043,132.55426549747125,40.36366,48,108.94613,32,0.28398,-1.7582533219345935,-1.63688462322494,0.1602288419691416
554.0,9.9360327932508,139.36034067122856,40.5904,1,110.87274,15,1.80318,-1.763721069958197,-1.656329606783071,0.16121078741697067
555.0,9.910991721327456,145.46897674439393,42.73342,1,111.5966,15,0.63577,-1.7638431450153922,-1.6732346771187954,0.16202644559374713
556.0,9.898051503575138,158.33439938204623,39.11909,1,119.71648,15,0.79538,-1.806790626819527,-1.7101084512184233,0.16245037307471752
557.0,9.888331192254784,148.26323345309115,38.37552,1,108.59695,39,2.84807,-1.7199743598012431,-1.6797167033345988,0.16276991017116507
558.0,9.90166544103728,145.71353088579818,37.56441,1,115.53668,7,0.33401,-1.6765248883893265,-1.6719372003188628,0.16233181153485543
559.0,9.86830108638971,134.09528498042775,38.99765,33,98.27398,30,4.57902,-1.6686329625455014,-1.6395630326130015,0.16343134262774514
560.0,9.857438356112691,148.65212099118742,38.42913,1,113.01755,23,0.08831,-1.6969748254685473,-1.6796784305960182,0.1637917382418435
561.0,9.845752043859374,155.36708329972953,38.15604,1,117.28317,40,2.11031,-1.7265154969365657,-1.6988470714283572,0.16418079077175635
562.0,9.81131783025999,141.69586360808765,35.91084,1,112.13764,7,2.12191,-1.670179728290423,-1.6600462728492205,0.16533524469637945
563.0,9.792006224095934,134.18125592151378,36.73488,31,106.62876,45,2.32099,-1.6814040899034268,-1.6389658763551955,0.16598802974056934
564.0,9.753964302924617,134.4412701392216,37.6822,31,96.37401,24,0.10963,-1.6505599408579892,-1.6400856499309422,0.16728531094868213
565.0,9.714577404232037,127.73098229333765,38.17147,31,89.085,45,3.94124,-1.653411330165724,-1.6224137357650683,0.1686445479541901
566.0,9.711798122820053,127.86486482333568,36.80486,30,86.61611,15,1.46617,-1.6287867381423458,-1.622274560586526,0.16874108573602048
567.0,9.68778021007908,120.18736615264952,36.78221,2,84.35963,38,4.75569,-1.598928747509378,-1.601014396343304,0.16957880757528143
568.0,9.657276276858273,116.03258745816676,36.90913,30,92.21049,4,0.3875,-1.5606963448488926,-1.5886233956619569,0.17065177888361208
569.0,9.66123017512334,110.13411360984792,36.70416,29,98.55836,48,3.44079,-1.4434810534493712,-1.5710089251660158,0.17051212757829917
570.0,9.632192430920488,101.50171763796314,36.16173,2,101.44388,38,0.65692,-1.4015962710319092,-1.5465398749078472,0.17154174794632518
571.0,9.613704687820452,107.17024982236748,37.44616,10,106.77061,24,0.52303,-1.3943396274133002,-1.560854116500983,0.17220215291762397
572.0,9.605061235952574,96.96939225870926,38.59621,10,103.99799,38,3.32336,-1.3488481080375463,-1.532216279767669,0.17251221668248434
573.0,9.582116909146375,114.03627103578636,38.00865,10,98.95581,4,0.68194,-1.3752279130701115,-1.5803720958017524,0.17333936492779572
574.0,9.55253769489578,117.30166842215328,40.349,10,113.28183,46,1.99402,-1.3521981043826552,-1.589985424636136,0.1744145096843694
575.0,9.522305202540569,101.16080378055244,40.55336,2,116.2658,40,1.62986,-1.2946454111152623,-1.544103861867819,0.175523769648982
576.0,9.488922053738332,111.41525645222882,38.79192,2,118.0698,40,0.34185,-1.3634318367892877,-1.5744990456921433,0.17676096884978407
577.0,9.481688920904784,115.22836595392296,40.98105,2,116.37308,22,0.48013,-1.446535311575492,-1.585954421706416,0.17703075691082634
578.0,9.479916658575949,105.81224485949288,39.39612,2,112.43591,21,0.54133,-1.3751198439538477,-1.5584756809121665,0.17709695459588912
579.0,9.465446874922767,92.7092822031352,39.55568,32,114.69374,47,0.15705,-1.3751163876295094,-1.521741919458042,0.17763882300106026
580.0,9.456800424015627,102.20330543598912,36.11688,32,122.80122,24,0.06444,-1.429551825720093,-1.5495806614837415,0.17796380554458138
581.0,9.420049279317878,95.03418568472316,34.63543,2,119.29941,13,1.29334,-1.41678170883334,-1.5309623084499293,0.17935512136452378
582.0,9.4100903230156,86.26403265112211,35.01108,2,119.09862,33,0.95869,-1.3919415221567868,-1.5062672315297343,0.17973495512630785
583.0,9.38378395641901,111.78150073924778,34.06706,2,100.87061,21,0.74158,-1.4826547289896148,-1.5792225093874777,0.1807441004964767
584.0,9.385731652921908,108.43804905639008,35.13542,44,97.69976,33,0.09003,-1.4886846506640838,-1.5709956817990751,0.1806690934242675
585.0,9.372242898227372,122.8809635820723,36.81979,2,85.68421,16,0.41695,-1.4835742225727893,-1.6109532331806669,0.1811895141610113
586.0,9.337767051148855,127.02666603228288,37.62311,30,94.05674,17,1.11842,-1.496005941776845,-1.624058235041967,0.18252991889749565
587.0,9.31281760788501,127.5957341088628,36.86784,30,121.01392,13,3.10448,-1.4944405362712267,-1.6255716372681768,0.18350924014184603
588.0,9.3018267751736,122.44122533337185,35.29789,30,114.69214,29,1.4526,-1.4964824399463856,-1.6110998504558924,0.18394315725981006
589.0,9.30500620296454,132.04320645174565,35.73793,30,100.94813,9,0.45997,-1.5209972253188355,-1.6384417875912227,0.18381747565199136
590.0,9.251719046557485,147.41189004008442,33.93104,30,115.20032,15,1.23385,-1.5549378865630052,-1.6808046951727296,0.18594104187599128
591.0,9.240520389662851,137.8442239657085,34.62865,30,109.37641,38,0.83005,-1.5080098253234764,-1.653656864807012,0.18639200169518663
592.0,9.233388847659349,142.2978108997072,33.94659,30,106.16367,16,0.31886,-1.5632595655090102,-1.6670412070097382,0.18668003802696118
593.0,9.205448073591038,146.6557700659907,35.19811,30,109.08393,20,0.80672,-1.5934709550837904,-1.6804798234093463,0.1878149965026535
594.0,9.19078455959737,142.45189514240718,35.50829,30,98.4901,8,1.26509,-1.5767974057932597,-1.6693536783563774,0.18841477659322503
595.0,9.168949684169982,147.1257489408442,34.58707,39,89.36639,27,0.41546,-1.5903130075013283,-1.682533339822654,0.1893132244763949
596.0,9.1644699801126,136.6315640337066,33.34581,2,95.97894,23,0.06794,-1.6343985340251077,-1.6552702850676864,0.18949834690997028
597.0,9.17401885549109,130.6378452266079,33.48466,2,95.94805,14,0.26465,-1.5977846675039735,-1.6383930389970114,0.18910406945950856
598.0,9.185692943673953,126.42021674730012,34.47397,2,89.19294,20,0.69378,-1.6211705506019491,-1.628155296741294,0.18862371054339344
599.0,9.195302911572997,116.90600305827296,35.18901,2,106.69193,27,2.7058,-1.5680340437437712,-1.6013918416356738,0.18822965705425054
600.0,9.15605716598729,110.76745265075246,37.08892,2,113.39486,22,3.60177,-1.586213343755238,-1.5850219008651674,0.1898467385249838
601.0,9.095952429701477,104.302071564578,35.99847,42,112.08542,40,0.4631,-1.5791146585853817,-1.5674117359201496,0.19236398745072275
602.0,9.046293156567405,94.3876668118815,36.95302,2,121.37288,18,0.94567,-1.5304607647885515,-1.539043059409118,0.19448173338128724
603.0,9.013904183328316,104.69414251512951,35.79619,42,118.72018,10,0.80021,-1.5682012614274918,-1.5673751396657394,0.1958818770929868
604.0,9.001149566043726,101.66864150955372,36.84549,2,120.34462,22,0.32194,-1.5407840918477227,-1.558890655130251,0.19643739913394298
605.0,8.971314662374807,100.3567499571644,35.88667,2,111.65577,33,0.94367,-1.5407931397315895,-1.5546381081087766,0.19774611167498557
606.0,8.94794449838552,97.3858635164591,37.46018,2,118.35613,41,0.98497,-1.488161424006305,-1.5456416702637945,0.19878040375663994
607.0,8.914721785967927,78.0099725553261,39.67815,42,100.29275,41,4.48662,-1.3962429261326583,-1.489372541098975,0.20026476412965027
608.0,8.893251868139973,77.81208715887593,38.11862,2,103.54685,17,0.40404,-1.374930930254481,-1.4893111832067816,0.20123288201982328
609.0,8.85510880961175,65.35463643756114,38.36416,1,103.47609,14,3.69671,-1.346341510884722,-1.454267210186008,0.20297022235672899
610.0,8.853018573543693,56.81368521691692,38.72982,1,116.0608,20,1.52962,-1.318878037846004,-1.4305226135490747,0.20306607797033452
611.0,8.872848980624672,58.39037938937767,38.31487,1,103.41716,20,0.54981,-1.3253583589775046,-1.434650062581546,0.2021594057051674
612.0,8.884535792637818,52.8692838292416,37.84786,1,117.85577,29,0.69933,-1.3679078256067678,-1.419637752710047,0.20162791027704852
613.0,8.861723423951661,45.39776159277608,38.14303,3,108.43461,15,2.7919,-1.309313316133264,-1.397815467465625,0.20266733123382305
614.0,8.843880062323404,51.977733452923104,38.2342,39,105.79884,37,1.76938,-1.3390163576695973,-1.4163759696492355,0.20348595711639325
615.0,8.784637236187903,52.01459007285837,36.77942,1,115.47721,12,0.61412,-1.3531005961565503,-1.4156960053813672,0.20623979476892015
616.0,8.777964114976108,72.99978396977582,35.29409,39,116.52146,37,0.55873,-1.4431636726099517,-1.4768647465132074,0.2065534862485453
617.0,8.754394513583467,70.92507699732187,36.51893,39,110.26742,36,0.97041,-1.4362792538452571,-1.4703562741095266,0.20766719821209315
618.0,8.75694839922738,71.38942638752152,38.5118,46,112.36835,6,0.23834,-1.4357133060299616,-1.4715951043180693,0.20754608731479718
619.0,8.754100757844329,82.65240784946417,37.52776,39,101.72222,44,0.58987,-1.4176856116739756,-1.504040257919366,0.20768113555563522
620.0,8.737886041417044,72.84171262784182,35.75294,39,110.7749,10,1.86284,-1.4141136239966894,-1.4756689121591955,0.2084526299871682
621.0,8.70397574395656,62.96033998092451,35.98845,1,119.64441,44,0.00614,-1.3835513537262007,-1.4469616187955043,0.21008003809304993
622.0,8.663515388663528,72.80935460391194,36.13301,1,119.39459,43,0.02355,-1.4482813015181608,-1.4751716300999915,0.21204685196677553
623.0,8.641780516946248,53.97721971521824,37.21915,1,118.95128,32,6.33698,-1.4095320841468606,-1.422199314231689,0.2131148279256983
624.0,8.635455285045245,59.867922594481115,37.25426,1,119.3681,19,0.13608,-1.3975361286970176,-1.438852767708531,0.213427143686769
625.0,8.646594855110571,63.723508917111786,36.03181,1,119.62133,15,1.17666,-1.4041770411918857,-1.4500342802945227,0.21287757355413578
626.0,8.621935764871756,59.5102351202332,36.75136,1,113.63799,7,2.76711,-1.4138118653956722,-1.4382966101996266,0.21409699205653118
627.0,8.575637703644356,48.64494979336115,37.15052,1,116.61935,23,0.27386,-1.3934809141623594,-1.4065217483640788,0.2164149614330943
628.0,8.578223331852397,50.11603973705468,33.94737,1,115.96867,20,0.36853,-1.4523206523544243,-1.4123382169650829,0.21628451850211902
629.0,8.569738153841127,29.33171465107951,33.39678,1,120.16151,43,0.71738,-1.4253735432164332,-1.354240392139704,0.2167130312897067
630.0,8.548369990710816,27.780046121811836,32.28307,3,118.74155,38,3.42906,-1.3957458988925524,-1.349415196792938,0.21779781051926603
631.0,8.521189472258563,22.277623967190323,31.93676,1,119.00853,31,0.68576,-1.4038931094966096,-1.3344577681340584,0.21918947042271936
632.0,8.515975249460503,22.48451111796676,31.87924,1,112.11696,37,0.16545,-1.3824789404716935,-1.334293120797719,0.21945796641822218
633.0,8.526610606320551,36.02332302323816,32.474,3,111.69032,20,0.62306,-1.4046720253851848,-1.37318274656534,0.21891084206299283
634.0,8.476934100167846,27.33547955295863,33.82851,3,105.82714,45,0.14978,-1.3098357483077028,-1.3473705825550069,0.22148408132214267
635.0,8.439325741548164,28.947883907786277,34.59053,3,113.46039,20,0.06945,-1.249493440006267,-1.3490773640281966,0.22346248879799704
636.0,8.394811627246751,39.18460359168984,33.62057,3,111.36787,28,4.6037,-1.286208792023181,-1.3788831342769428,0.22583862496117532
637.0,8.354444163336936,27.42131159705147,34.47286,3,110.64052,15,0.64945,-1.2947266596664138,-1.3465661735423324,0.22802633661408092
638.0,8.316680417653538,13.4575627334781,34.09396,3,112.57067,22,4.06966,-1.238896357904912,-1.3062409024905213,0.23010184716114482
639.0,8.318053031826945,8.508618679966887,33.83652,3,104.18138,20,0.03984,-1.2470265918563006,-1.2928205420950152,0.230025912324934
640.0,8.30461002848849,-173.13137832158276,34.24636,1,113.6243,29,0.17336,-1.1766535104652769,-1.2495378720163992,0.23077121929589606
641.0,8.272137551806377,-178.51662228957335,32.85814,1,121.36032,22,0.35594,-1.208289743625116,-1.2652480529718866,0.23258657146252693
642.0,8.243726634391221,3.444054149440177,33.97898,3,114.68268,32,0.53311,-1.216200944281062,-1.27980711832804,0.234192491931308
643.0,8.218279692106172,-178.22732122581814,33.56223,3,113.79002,36,0.30737,-1.2101144608916543,-1.2641098098966153,0.2356450366171333
644.0,8.220895410291217,3.295409958695771,34.2082,1,112.90837,16,0.39216,-1.2323506434909868,-1.2801471269923463,0.2354951057599895
645.0,8.1977785886865,3.79792758324227,32.86048,1,120.77454,39,2.48938,-1.236854799320988,-1.2812875602523466,0.23682511824638372
646.0,8.174423485503972,8.756450082725095,32.85404,3,119.02397,28,0.16719,-1.2436976731948692,-1.2940913704414692,0.23818031509560836
647.0,8.126600460586436,2.474913585852377,33.08025,1,114.98844,27,0.14447,-1.2416654023782518,-1.277604916290727,0.24099182732382418
648.0,8.115705267879935,1.1636740832730936,33.58623,1,115.19457,18,0.63375,-1.2509616491989886,-1.2754733521135757,0.24163931629956323
649.0,8.100385386473027,6.194735222530042,30.91893,1,108.284,40,0.10335,-1.2926293625156915,-1.2906318509376211,0.2425541829618514
650.0,8.060354612737216,6.687832705016461,31.56758,3,111.29793,7,2.72118,-1.3091061138464268,-1.2919232061902717,0.24496939741294427
651.0,8.01247281075658,2.133235561726067,31.02091,3,116.78431,46,0.51572,-1.3325646708198535,-1.279315109484926,0.24790597489441485
652.0,7.979293528967303,5.741247552174158,32.34254,3,115.7281,21,1.1509,-1.323372781132064,-1.288663060506817,0.24997193308123647
653.0,7.963086592052772,4.6289914129827565,34.15051,3,113.65597,10,0.2158,-1.3314416633293051,-1.2848116672142431,0.25099048336387764
654.0,7.960690635683946,13.153455109380303,36.12006,34,118.86611,15,0.22814,-1.315489695177247,-1.3082073707100998,0.25114158903339423
655.0,7.966110021116779,14.624708074229972,35.01568,3,111.38674,32,1.96802,-1.3344039422130225,-1.313119820023126,0.25079999944783815
656.0,7.953061859999337,25.04912459981425,33.99332,3,110.83812,48,0.41088,-1.381470829203497,-1.343226709315569,0.25162362268848193
657.0,7.924566629674278,30.984342439585177,32.42886,3,112.71115,19,1.26292,-1.3972942732683116,-1.3611709413380462,0.2534364572640782
658.0,7.924515564402476,43.34793993287397,33.38204,3,115.52343,9,0.19547,-1.4811345846365416,-1.395318466262019,0.25343972354405897
659.0,7.916155828062219,45.29809627930322,32.65201,3,110.05305,36,2.11904,-1.5441043028936678,-1.402097694102552,0.2539752885374363
660.0,7.886215527808772,51.947181853126665,32.72963,3,115.75304,35,0.99837,-1.583669343212685,-1.4219966832910564,0.2559074018511859
661.0,7.87129760378169,35.130279550352256,31.22971,3,116.70566,15,0.45867,-1.5521061507996046,-1.3734108057581187,0.2568783281187703
662.0,7.838200985562369,35.863611007187046,32.65077,3,118.74494,33,0.22177,-1.5563752426905917,-1.3764639903871383,0.25905223340731426
663.0,7.7792722620823085,37.925685566548864,32.3412,3,110.24245,27,0.25972,-1.597492066152214,-1.383302318980669,0.26299178871823736
664.0,7.756103874379168,47.68831264056959,32.59479,3,118.71684,42,1.49583,-1.6314748689855905,-1.4101602315510404,0.2645653097067931
665.0,7.74659951426448,52.24261521140525,31.86705,3,114.44423,19,2.55013,-1.6156250514413293,-1.4224427392345418,0.2652149022194012
666.0,7.711062297128937,33.52041921984444,35.0241,3,111.09197,21,0.41562,-1.549721972376048,-1.3681740469843529,0.2676650750333871
667.0,7.685501952169685,40.52606312044648,35.45723,3,109.27162,27,0.17049,-1.563263818166848,-1.3881486640555825,0.2694484298660823
668.0,7.673319544798426,32.74136362327704,35.7117,3,105.24926,23,1.28228,-1.5757358975085471,-1.3672658667710964,0.27030467891037036
669.0,7.659900198492221,38.30408116278241,35.18629,3,105.54328,21,0.83119,-1.5911443263842926,-1.381897198515741,0.27125259972830773
670.0,7.658634978831384,29.269024854192935,33.517,34,104.43807,28,0.70096,-1.544754370501806,-1.3534730037289473,0.2713422299225415
671.0,7.638517032689692,22.31593722786009,34.62478,34,117.95586,25,2.28783,-1.495201326839354,-1.3331896083982713,0.2727734074576
672.0,7.626609839037993,39.54884275306628,33.02997,34,105.81778,42,0.06709,-1.4773421496884491,-1.381260701207387,0.2736258179858063
673.0,7.568970283590315,46.37068639402898,34.81664,34,117.24239,47,1.75568,-1.5225814492389516,-1.3998018589057273,0.27780914080886987
674.0,7.523189428632804,46.672536789467785,34.037,34,104.29117,10,2.51111,-1.4564697640540474,-1.4000434029051911,0.28120053153516394
675.0,7.513345045205763,37.69452706503685,33.56637,34,105.65726,36,0.73742,-1.434144079226482,-1.3736379453529883,0.28193790201049007
676.0,7.491264989108176,39.03512574425602,33.38462,34,107.90446,10,0.14168,-1.4577242871863674,-1.3772535284514058,0.28360234157069514
677.0,7.485143734867233,38.588404871665034,32.62028,32,111.19741,20,0.10898,-1.4472708672963346,-1.3750260589971115,0.2840663839291754
678.0,7.425572745347392,40.89504175893708,32.63041,2,112.51551,44,1.61389,-1.462034444859997,-1.3815343907120008,0.28864246020983453
679.0,7.393265293152232,37.55248291161584,32.94025,34,115.20505,22,0.19564,-1.428882991505485,-1.3706673317303917,0.2911706198782757
680.0,7.366097425814139,39.24916536076242,31.75738,34,114.00833,43,0.07988,-1.4760585223642273,-1.3766065496877344,0.29332238957727214
681.0,7.360283729814193,36.73709568122953,31.42506,34,113.5399,27,0.39206,-1.451810805553998,-1.3675010395284533,0.29378594797978186
682.0,7.343039186228524,40.02658937645597,33.2748,34,117.64621,14,1.14156,-1.48227402178683,-1.3762142949584677,0.29516743410438256
683.0,7.318850521243948,26.35377198551704,32.87395,34,111.21761,48,0.75685,-1.4151420585080448,-1.3381682773043997,0.29712170396008714
684.0,7.30422561551643,19.973372283020257,34.97422,34,108.25632,18,0.06409,-1.3999737924578206,-1.3198324835841255,0.29831272061548186
685.0,7.311288665822879,18.2343737714435,34.77333,34,102.71001,27,3.11111,-1.3658702974167158,-1.3158160527206042,0.2977366306484933
686.0,7.294174189950442,35.10472044469209,35.78534,2,107.65409,7,0.29233,-1.3806733463122436,-1.361499834355457,0.2991354413194421
687.0,7.306501853866405,36.550169159130775,36.17437,2,117.27618,21,2.11906,-1.4054530384622623,-1.366378028949505,0.29812687926561254
688.0,7.283783084029307,47.47289555852436,36.28387,2,117.35704,18,0.82221,-1.446659357510588,-1.3977648054949552,0.2999895483726887
689.0,7.264001574165019,45.080702774272254,36.27296,2,118.92714,25,1.51785,-1.4664732657764472,-1.3923250834911698,0.3016256510891127
690.0,7.24824866939858,44.06270309483463,34.62397,2,116.47953,5,1.61255,-1.4820009060315904,-1.389523952581334,0.30293814564146876
691.0,7.258615664446141,49.31980975732358,33.99552,2,115.54323,37,0.10413,-1.4531486054316938,-1.4024735007786202,0.3020734310247822
692.0,7.244952179437416,37.521730297687114,33.4292,2,114.72268,26,0.94611,-1.406431305972459,-1.3679464751983283,0.3032138851419262
693.0,7.211544454092061,31.55234986115201,34.9578,2,111.25948,11,4.44126,-1.3591493879627052,-1.3505089222517388,0.3060296895285006
694.0,7.17665876898811,33.228581484626105,34.9577,2,114.4569,26,2.85693,-1.3795453034421608,-1.3551432155603635,0.3090121368870546
695.0,7.195253265799881,32.92714262384116,36.34253,2,115.65778,39,1.11804,-1.393394309077448,-1.354397821852633,0.3074170573357837
696.0,7.15809699900107,26.74011077625488,37.41973,2,120.18877,38,0.60429,-1.3704178353441128,-1.3348979438816884,0.3106168228866312
697.0,7.136673524927654,20.139342694191797,37.81087,2,118.51807,43,0.11673,-1.3287270085877498,-1.31397762607789,0.3124844939908344
698.0,7.0969773569076775,15.79662222080526,37.81432,4,119.48554,25,0.8401,-1.3166437182044093,-1.3010674899076933,0.31598996618935193
699.0,7.0630686888755765,21.51284617454003,38.58126,2,122.97762,30,0.29904,-1.266221244847836,-1.3154727302226756,0.31903128416590054
700.0,7.0640205147682895,12.581519137723902,40.19978,2,117.06601,35,2.19602,-1.2428712924556955,-1.290678028205287,0.31894531562204653
701.0,7.047843992717702,10.714530531986329,40.38083,2,118.80813,27,0.79955,-1.2720102950193222,-1.284489167317855,0.3204111105537408
702.0,7.069741084735018,2.6552427992823056,39.732,4,110.3572,16,1.64151,-1.199810724915238,-1.259882289363881,0.3184293672179035
703.0,7.038277662934219,-177.51594742582785,39.11475,33,106.90019,16,1.0827,-1.1920624744919297,-1.2456962854525446,0.3212826991886843
704.0,6.992207955374032,1.2962664939148285,37.67112,2,107.98956,20,0.78079,-1.2184223126683589,-1.2563405876268736,0.32553033062019104
705.0,6.966549521151393,-178.92982732694756,36.51269,2,114.77819,18,1.39518,-1.247591449584856,-1.2488821794075289,0.3279326620009227
706.0,6.974998861776699,4.597119148652837,35.81783,2,119.56923,38,1.21606,-1.3027787212669424,-1.2657378791013696,0.32713864423256345
707.0,6.960647357477021,2.99204113442714,33.92666,2,112.10429,48,0.70554,-1.2692242178308957,-1.2596240868678328,0.32848902773484373
708.0,6.909457069860204,-176.74505757849306,33.63805,33,117.67001,19,4.29059,-1.2430593950261606,-1.243671413299677,0.3333744299240569
709.0,6.902044348677398,4.410142126103921,34.22417,2,100.84538,39,2.88662,-1.3047857526409494,-1.2668214313561943,0.33409089553944576
710.0,6.905551774824224,8.455458195519157,34.71464,2,111.34901,24,0.90867,-1.3172975848199389,-1.2787413331268516,0.3337516028676765
711.0,6.904462731329113,6.834028611339036,32.57568,2,108.38103,39,0.00335,-1.2777462832852455,-1.2730405363213992,0.33385689670192875
712.0,6.892333517834833,15.855013514880284,33.55573,2,115.32035,19,3.07527,-1.3304828306987715,-1.2979763870496106,0.33503298160181183
713.0,6.886769501658076,12.327665631617336,32.14071,2,116.86006,26,0.50641,-1.2910837962912856,-1.287508329475054,0.3355745655680579
714.0,6.867088303141,16.74220405948813,33.97151,4,102.9429,37,0.29159,-1.3268378908880645,-1.3021502836205316,0.3375008474715187
715.0,6.853695614748016,11.240746100639257,31.60761,2,103.19215,23,0.12729,-1.2994574875765774,-1.2870311800797072,0.33882114536818014
716.0,6.826432294846475,-179.56057230054716,33.07938,2,100.1587,39,0.14646,-1.2764875403206684,-1.2536583502488794,0.3415329089836875
717.0,6.819977006914289,0.8604776715523457,32.27699,2,111.93053,18,0.80374,-1.306389750478881,-1.2586472061950933,0.3421797547615262
718.0,6.785885721027687,-179.66730394128692,33.04714,2,108.76686,29,0.04748,-1.287162068967297,-1.2544349152227237,0.3456265119913985
719.0,6.789210017115445,2.9777597757856284,34.40846,2,112.4399,20,0.17988,-1.2739205397228983,-1.263859904114198,0.3452881269460528
720.0,6.787591727727117,9.146354290357934,34.7164,2,116.99169,15,2.36646,-1.2741106216965656,-1.2794076005784778,0.3454527929264274
721.0,6.763890863203645,15.80391148930211,33.78572,2,106.54299,24,1.03613,-1.2903046959737263,-1.2964052658998992,0.3478779871461845
722.0,6.705541524110696,8.998356011308616,33.95769,4,104.76633,26,2.81699,-1.2887618907887524,-1.2763924597848402,0.353958559659096
723.0,6.707766232003702,7.944878608326761,32.00923,2,104.96973,13,1.67317,-1.285516982347469,-1.2742494347237816,0.35372380973189815
724.0,6.689811463921119,17.159694988100455,32.16616,2,96.01698,26,0.03747,-1.256149461563882,-1.2974692203781049,0.35562507459074266
725.0,6.691074549785028,8.762866215876855,31.65468,4,99.65099,13,0.63296,-1.2164972863232912,-1.2736400523450082,0.3554908233267625
726.0,6.669970532822882,0.538994599081775,32.51807,3,97.02816,32,0.38092,-1.2212889213625715,-1.2517055407158382,0.3577439526537138
727.0,6.646553778037448,4.0073916003703545,34.42008,3,109.72149,32,3.57338,-1.2602801338799374,-1.2617322726422815,0.360269158868429
728.0,6.624404923650712,7.749724316365274,34.03712,3,105.04169,24,0.08308,-1.241321411350956,-1.2700127018015974,0.3626823232620544
729.0,6.589497820306246,-179.0206654810951,33.56869,5,116.98566,46,0.72127,-1.204526830515508,-1.2457730049792537,0.36653503636117046
730.0,6.572691268295064,-176.6957942878426,33.01632,5,109.34801,37,0.8689,-1.1547095231367013,-1.2384257123691036,0.36841191321067174
731.0,6.55141236458796,-168.82311240093344,32.8069,3,112.90671,18,0.25562,-1.0981464332692712,-1.2157523087677085,0.37080899412299334
732.0,6.5587482028031845,-164.3558595965098,32.44968,5,114.92796,26,0.28171,-1.029461949542352,-1.2026070236369577,0.36997997204077193
733.0,6.541566367648016,-161.57406183733357,32.9804,3,124.35312,28,0.11374,-1.026074329705687,-1.1947818667913608,0.37192607576488523
734.0,6.517843356746493,-154.69727948071284,32.87161,3,117.97692,26,0.98663,-1.03084080635306,-1.1779715347542157,0.37463840338287935
735.0,6.495563968148385,-160.94491815282657,33.16459,5,113.53063,10,0.28074,-1.071779765683696,-1.1955751495805642,0.377212784599022
736.0,6.498057256401743,-166.8695365314593,30.40708,5,107.24412,6,0.63038,-1.144625872555618,-1.2146056595962091,0.3769233689370879
737.0,6.4769973654353885,-178.30857201106195,30.75846,3,116.01478,40,4.85208,-1.171231879394111,-1.2444834468987958,0.3793784788314277
738.0,6.446597952466512,-175.09184723571457,30.99665,3,119.44748,17,0.01532,-1.1616707421481924,-1.2351674735195337,0.3829648899026299
739.0,6.459161956584615,-177.36945107860413,30.6632,3,111.96542,41,0.01624,-1.2101802283133047,-1.2417668119254983,0.3814764946947055
740.0,6.447370164834421,0.6908769240629056,32.24171,3,116.44363,18,2.04688,-1.2203096830951807,-1.2524048558126744,0.38287315869848165
741.0,6.457297757214549,-173.59645163288258,31.02056,5,119.63969,37,0.11861,-1.1937482664950827,-1.2309149756246522,0.3816967883595966
742.0,6.448527669295413,-174.62463153091045,30.27185,3,117.51966,17,0.33919,-1.1374285948302467,-1.2324306756746586,0.3827357203134866
743.0,6.415062298402135,-174.3136131136161,31.71659,5,110.74401,17,1.54026,-1.1095253673187329,-1.2305773231073796,0.386739360784629
744.0,6.380488044194067,-172.69685948335584,30.01771,5,105.40114,11,1.78462,-1.1050956318733554,-1.2282093004985717,0.3909420025028515
745.0,6.347825598215034,-159.84094767488008,32.96916,5,110.37806,11,0.00334,-1.0754160773917754,-1.192575906562953,0.39497550131469283
746.0,6.32542830516499,-159.47048319678433,33.56882,5,110.23802,27,0.17776,-1.1300504432786016,-1.1913233920577435,0.39777753887141504
747.0,6.31472376349325,-161.022066690014,33.74171,5,109.5059,45,0.73041,-1.1005946163152485,-1.1943781664620352,0.39912728446395546
748.0,6.289355580285939,-158.36606246218096,35.06446,5,107.28697,44,0.52146,-1.0748608938148527,-1.1866135202813766,0.40235354631678455
749.0,6.299160027507285,-159.67478860019168,32.64798,5,110.60871,27,0.10859,-1.101307537699981,-1.1910991511183613,0.4011020194241724
750.0,6.284257143108157,-148.48377618253735,33.37284,5,106.95629,46,0.2398,-1.1004228606334248,-1.1615669642709217,0.40300667249401
751.0,6.283394976627745,-140.0169184132516,35.03854,5,102.10501,24,1.20663,-1.0798005970575522,-1.138453342148105,0.40311727597627306
752.0,6.26746854717367,-137.22977041798487,34.38221,4,108.56521,28,0.27548,-1.0980242863307952,-1.131984235446466,0.40516862289658595
753.0,6.252470213998776,-141.10463231096097,33.47686,6,89.33141,24,0.60558,-1.119505191569906,-1.1416554292119987,0.40711477931917545
754.0,6.222595582856126,-132.22080356852183,34.95571,4,99.69671,23,0.51381,-1.074761650515689,-1.1182754214645352,0.4110332726565344
755.0,6.178463797898808,-150.54421386415112,35.40087,5,111.1094,26,0.06973,-1.126666900469377,-1.1671693472194784,0.4169261343285829
756.0,6.1574799271739185,-136.6691213587949,35.71375,5,95.65762,14,0.5555,-1.0777815992818578,-1.1305262314068587,0.4197726336922665
757.0,6.1119241061544,-129.5823370103265,38.06447,5,105.19281,9,2.69747,-1.0321569572010638,-1.111233807985097,0.4260535869667866
758.0,6.115647232350174,-120.51382373669657,35.01168,4,102.62931,28,1.61691,-1.0262144298220448,-1.087248735759175,0.4255349931481246
759.0,6.080329788708797,-130.47826272064745,33.63249,4,96.78413,46,1.15084,-1.0661073985607374,-1.113566589112435,0.43049276875897907
760.0,6.079876199162763,-137.28009162344728,33.06832,4,95.61384,14,2.19119,-1.078113922880709,-1.1324201474323874,0.4305570050352155
761.0,6.063367104927486,-141.88146468796236,33.28506,4,93.8762,34,0.30295,-1.1325740730926117,-1.145868415689762,0.43290480383435365
762.0,6.0492889572928155,-141.20321966704512,33.81136,4,98.60036,28,0.18554,-1.187684112551131,-1.1460028497345365,0.4349220952756709
763.0,6.059315341553645,-150.69056329060743,32.22337,4,102.77351,36,0.60947,-1.187882071790532,-1.1713264520198026,0.4334839498844424
764.0,6.03999441236488,-156.89734628514185,33.5196,4,89.88065,13,2.38753,-1.2015865939504962,-1.1886054691481327,0.43626167043775416
765.0,5.967535473457552,-156.00575838967472,34.40434,4,89.80892,35,2.01665,-1.1841013974225283,-1.1857750560015403,0.4469203323170597
766.0,5.934435029199293,-153.67199921428266,35.69617,3,98.03323,24,1.49921,-1.1500767257394613,-1.1785292810642718,0.45191980323380576
767.0,5.8599327753488994,-168.44152218776327,36.42045,45,96.42426,1,4.27253,-1.2160772878680182,-1.2205847235475429,0.4634841254319223
768.0,5.819856136165796,-174.06912317381256,37.3178,45,116.30539,47,5.45807,-1.224274181856268,-1.2355570350182672,0.46988938381967027
769.0,5.795870238751565,-155.80014460407097,36.56229,45,114.2712,15,0.92882,-1.245379445323202,-1.187500566232098,0.473786655401858
770.0,5.7970923597272455,-148.28722537435857,34.65088,6,114.15355,39,0.03957,-1.176831365737362,-1.1638687861975598,0.47358691265506214
771.0,5.781554761720162,-140.73049374595115,37.22366,6,118.73862,22,0.23804,-1.1627924803044407,-1.144827844904012,0.476135808589732
772.0,5.758594890992317,-157.12708458488316,36.84808,45,114.64489,17,2.22669,-1.220507783991543,-1.1916040404669173,0.47994014285236264
773.0,5.742089143456427,-146.7635706338843,36.1382,4,115.173,13,0.46838,-1.2081776738798418,-1.1640374894748915,0.4827033031846559
774.0,5.727334633843873,-159.61933590287128,35.31136,45,102.39484,13,0.91993,-1.272525474334994,-1.1993536922084505,0.48519354506527995
775.0,5.687191676979243,-147.07770011767784,34.62943,4,106.65914,24,0.42949,-1.1883981115423603,-1.162162878510841,0.4920671811520747
776.0,5.669924243540235,-138.97511448604007,34.66927,40,107.50135,31,0.52666,-1.2025383318563692,-1.1410294678355408,0.49506887045121356
777.0,5.651758959882545,-127.24366504476836,35.51514,6,103.13036,2,0.56942,-1.135238020911569,-1.108181190069445,0.4982563803239928
778.0,5.59645682504215,-112.91763789430736,36.63297,4,108.75974,22,1.52461,-1.1207651894788415,-1.0694350516969082,0.508152207211918
779.0,5.59486947630526,-110.97717040005584,35.23709,4,118.16479,29,0.66565,-1.091851586792828,-1.0618211374851374,0.508440588984562
780.0,5.552839709723039,-105.24008867688372,35.44405,4,116.15207,23,1.12629,-1.0505499991887466,-1.046160169495929,0.5161665506251977
781.0,5.521663773100578,-110.08579251576506,35.04091,4,105.48855,30,1.33313,-1.0718771242410885,-1.0603793048212142,0.5220116744455252
782.0,5.527420723950021,-101.74090294074418,35.74275,4,114.14677,29,1.20747,-1.0657552710900924,-1.0390429727622152,0.5209248635409843
783.0,5.5085059782295085,-89.99866625886487,35.60232,7,116.01573,13,2.46851,-1.0160401681164886,-1.005781937102914,0.524508440627482
784.0,5.487417445560873,-92.63111479501828,33.85088,4,119.33787,30,0.82207,-1.0110481099128052,-1.0099372311973178,0.5285476331310351
785.0,5.453951581276316,-91.93034211735733,34.31995,4,114.92643,26,0.05508,-1.0257264143979343,-1.0080440544043867,0.5350539511595009
786.0,5.446131112212725,-93.43552182091456,34.43124,39,107.78623,8,2.02608,-1.0392844655147344,-1.0114235249758496,0.5365916949627735
787.0,5.441210774660765,-91.75178534281764,33.26059,4,112.84188,16,0.10949,-0.9999607643247884,-1.0056740503995227,0.537562584021083
788.0,5.391192955201693,-96.3091203744562,33.68679,4,99.61217,8,0.05742,-1.021152760499055,-1.0194109619785687,0.5475835335279122
789.0,5.380832926138057,-89.6017360371284,32.70303,7,120.16246,48,0.12989,-0.9533690201552228,-1.0013848338608604,0.5496941519617885
790.0,5.383194035285704,-92.33608620375124,32.3531,7,118.02317,17,4.0863,-0.9547594995097096,-1.0079074776089871,0.5492120577811092
791.0,5.349269237157109,-101.93043848621848,33.07884,7,97.17367,14,1.82887,-1.010727431278241,-1.034152906665764,0.5562002981094937
792.0,5.3388919955391545,-110.75483462951638,32.30563,7,110.72183,25,0.12806,-1.0070333855544051,-1.0588264043348623,0.5583645802318635
793.0,5.348895337298956,-110.938999548317,32.24288,4,119.55838,15,0.49384,-1.009889860670803,-1.0600046930088944,0.55627806013997
794.0,5.32659802615245,-99.87915850982124,34.21094,4,112.69148,31,1.27032,-0.9828729133861724,-1.028670496513019,0.560945003530807
795.0,5.331014370069099,-97.7028652950022,32.26593,4,95.47824,26,1.62091,-0.9652590933224486,-1.0222375185887531,0.5600159871211762
796.0,5.305530047118002,-100.13008505519085,32.54631,7,119.835,27,0.153,-0.9957941585734814,-1.0300785029481412,0.5654088145922677
797.0,5.282089167863377,-90.01916304648068,34.24915,4,115.84933,40,2.06515,-0.9758501719717928,-1.0037471160598626,0.5704382974163055
798.0,5.27119069521645,-101.7096388849779,34.82174,7,112.866,34,2.22866,-1.0086534695025595,-1.03447236885182,0.5727995601504164
799.0,5.250707385810892,-96.77847834493706,32.63535,4,110.04667,33,0.71089,-0.9922387008290088,-1.0208572930804396,0.57727732475443
800.0,5.218591823195926,-114.71515537578756,33.05233,4,107.04679,35,3.5005,-1.0241952619820178,-1.069620319681827,0.5844043941343844
801.0,5.217630787217405,-90.81374562163036,32.86125,43,118.67899,20,1.08268,-1.0154821311999784,-1.0061660549749138,0.5846196969778996
802.0,5.181824040872871,-91.88175832370192,34.29398,43,108.7634,45,1.4395,-1.019786612780872,-1.0088499252875978,0.5927271334233074
803.0,5.181852372175027,-102.37196793224706,31.1459,7,123.32306,30,0.01356,-1.0197359520893237,-1.0355409250900076,0.592720652078645
804.0,5.174794832582649,-96.94464500345126,34.66479,10,105.32835,15,0.82395,-1.0464533082431604,-1.0220271335917173,0.5943384947783931
805.0,5.181442547806731,-83.48479762226603,34.36677,43,110.17528,26,1.06751,-0.9593314578322346,-0.9851546010652212,0.5928144178479524
806.0,5.141819176320045,-83.04758642041594,36.3097,43,109.16903,23,0.48873,-0.9558946185265156,-0.9841449373445944,0.6019861956019631
807.0,5.118094602502569,-84.54247198994588,34.72563,43,104.72414,38,1.23067,-1.0127990037297383,-0.9916060491234888,0.6075800614241852
808.0,5.0802608149374295,-86.86739699565786,36.93355,10,111.72376,33,0.37058,-1.0708439180131466,-0.999266494537266,0.6166633154411464
809.0,5.058618118985469,-72.53280724185889,35.65866,5,118.14058,11,0.05503,-1.0409951286803354,-0.9595555680445844,0.6219512444810726
810.0,5.032697729207953,-80.27170027166815,33.35413,5,109.75554,35,0.26196,-1.0050022177107212,-0.9775624856439176,0.6283743339988486
811.0,5.0399236926621755,-83.6491147829421,34.60391,5,115.78001,25,0.956,-1.0091316094041938,-0.9868895509063198,0.6265737690648578
812.0,5.062340718236686,-80.4981605482361,31.01855,5,117.90049,38,0.31148,-1.0014154651016236,-0.9788210142485204,0.6210368753797448
813.0,5.0249068238971555,-95.6131840906951,30.02539,5,111.17331,31,0.40947,-1.0351271440008023,-1.01806156953695,0.6303243801675553
814.0,4.999654023090903,-81.51004119641776,31.57518,5,118.50841,15,0.92813,-0.9629015713594852,-0.978854254835266,0.6367078838092787
815.0,4.994515636437981,-83.3409914159492,34.5694,5,115.87117,26,0.09232,-0.9549384176654048,-0.9836490104959736,0.6380186552542638
816.0,4.984951527096055,-82.34078826448031,34.45184,5,117.41056,3,0.2979,-0.9697983933746556,-0.9803892747182916,0.6404692042162501
817.0,4.972072708404376,-85.68514306496363,35.00778,5,111.71893,26,0.76995,-0.9797170845148964,-0.9912570053586178,0.6437914281609296
818.0,4.919484286433322,-92.80838363293591,35.17255,5,116.5808,35,0.4687,-0.9681512905659464,-1.0117154724177713,0.6576290300374485
819.0,4.90378583579366,-97.990176735013,36.99598,5,115.14947,30,0.04858,-1.0134575566066697,-1.028649510528442,0.6618462947769478
820.0,4.896586041378834,-100.143005563525,36.38062,5,116.37916,28,4.76414,-1.034540904954611,-1.0353709377628084,0.6637940438776604
821.0,4.894822730918115,-95.13230494138732,34.52181,8,117.87285,32,1.2909,-1.0303905755801497,-1.0199728843502276,0.6642723802226456
822.0,4.901389608508679,-107.50360676448244,36.22294,8,116.16266,45,0.62632,-1.0930886731657543,-1.054277266515207,0.6624935895028401
823.0,4.853580421851877,-102.24386664262832,35.91032,8,102.6363,9,0.01395,-1.0310826954172927,-1.0385226379086636,0.6756093813295317
824.0,4.888061579181644,-96.63425987653127,34.79516,8,101.48041,17,0.37736,-1.0544417105879236,-1.024111598059221,0.6661112901558772
825.0,4.886489261516323,-114.54898225976888,34.98412,11,105.65672,10,0.04758,-1.141758376262504,-1.0730469280138168,0.6665400262044913
826.0,4.8272538836566365,-101.67285273503929,35.88127,46,98.47707,26,1.75943,-1.128636729027274,-1.0397341320632745,0.6829986580799335
827.0,4.786537832604708,-98.17426760277684,35.194,6,100.05316,30,3.2937,-1.0990821167636138,-1.0310549595881937,0.6946677542128128
828.0,4.793223264655546,-99.63985502775104,35.82262,11,106.95584,33,0.26628,-1.0649427724952545,-1.033260341224493,0.6927313055832115
829.0,4.763163219554177,-92.3775598164937,36.55487,6,109.7829,17,0.23531,-1.0302241319188286,-1.013498134882327,0.7015024693585888
830.0,4.760601113348582,-91.33291775135098,36.0784,11,106.87303,19,0.0185,-1.0597891722397603,-1.012605851026601,0.7022577552721581
831.0,4.7669053298754775,-95.1238813836122,37.0824,8,108.04371,15,1.28501,-1.0483136360083196,-1.0181364638713437,0.7004015164035249
832.0,4.755850594858575,-82.94927719263663,37.39771,11,115.90876,32,2.66035,-1.05606561091171,-0.9860304430174646,0.7036613967695795
833.0,4.74450993137569,-85.32404109667323,35.35561,11,113.67788,18,0.07811,-1.0612053057467,-0.9927377056441734,0.7070292996245625
834.0,4.7444944166419365,-69.62845409280777,36.80194,11,120.6726,19,0.4147,-0.9668614814579268,-0.9462698187940356,0.7070339236743818
835.0,4.735317434474501,-72.00278095752265,35.01264,11,120.17322,32,0.27436,-1.035358898279484,-0.9526461133925832,0.7097770238158897
836.0,4.74413545861512,-71.23936695400099,33.54272,11,121.68375,14,0.01089,-1.0311522885869917,-0.9512806597605206,0.7071409210845021
837.0,4.7237863987548945,-63.76962223458973,34.04726,11,120.13207,46,0.63175,-1.0465593154562662,-0.9334936127730484,0.7132464667153045
838.0,4.69670021337943,-55.09769220903811,35.36457,11,119.11018,34,2.53282,-1.0257915297541118,-0.9115816318240202,0.7214968691186235
839.0,4.696916853063372,-49.28077107500966,33.91374,11,113.12128,36,0.09174,-1.028075086707322,-0.8978837516809832,0.7214303142896181
840.0,4.699543116945754,-52.07836768194353,33.24644,6,112.59818,17,0.39408,-1.0308600152800904,-0.9052151136735276,0.7206242201953355
841.0,4.692022667771351,-48.23586806132644,33.73547,8,116.09852,34,0.44934,-1.022106345181156,-0.8945165568446045,0.7229361276053202
842.0,4.663898041420366,-41.02674844981015,34.34418,8,119.60058,15,1.01827,-1.0163358079203662,-0.8756401287078122,0.731681435960365
843.0,4.64682530995278,-33.95008546234701,32.40631,11,114.3591,39,0.15833,-0.9619046417522602,-0.8545064218342397,0.7370678009196404
844.0,4.63950257940499,-32.784402944281005,32.16415,11,122.11579,21,0.08938,-1.0075074795102383,-0.8519712639110399,0.7393963300002772
845.0,4.636470664292553,-25.170977484468693,34.54212,6,116.61141,15,0.21648,-1.0220922077816317,-0.8292069353743885,0.7403636691909239
846.0,4.6449557111052995,-29.07548914446148,31.5645,8,113.95041,27,0.57213,-1.0402464875534472,-0.8392269097314888,0.7376612612341001
847.0,4.621175712313817,-26.33886217639648,36.27905,8,116.01665,17,1.70372,-0.9968930684905576,-0.8310259091801468,0.7452726218082701
848.0,4.60319352874779,-12.607896436322108,34.8691,8,116.57296,43,1.17558,-1.025557813399593,-0.7936336072826984,0.7511067478170206
849.0,4.5794822298797335,-10.497457143796224,34.74393,8,110.79726,28,0.15142,-1.0316576010213654,-0.7878767890770768,0.7589049322356468
850.0,4.570210656595833,178.00048654763833,35.71135,6,104.86117,9,0.35939,-1.0332708339133974,-0.753591322183156,0.7619872321236325
851.0,4.551905553055136,-7.904320946105145,35.29693,1,110.3148,42,1.68115,-1.0712568954284838,-0.779062540388513,0.7681280893459954
852.0,4.54722175979884,-15.657163348179395,34.47405,1,108.81255,26,0.92279,-1.083089372131698,-0.7987481513794663,0.7697113004841937
853.0,4.555376458394407,-28.813938043807816,32.72163,6,97.8835,20,0.03474,-1.0753996850366994,-0.8359821122925725,0.7669580063848404
854.0,4.508272715380356,-14.497141871103947,34.40129,11,112.70412,47,0.53549,-1.0417595540690874,-0.796355699120094,0.783068532830993
855.0,4.501865333550999,-9.526894488662125,34.12727,6,109.17536,32,2.57254,-1.025684541750816,-0.7827395786562795,0.7852991591576751
856.0,4.485797225086309,-11.961810626890298,33.0907,6,114.45404,2,0.65914,-1.0596525655464943,-0.7886127637490584,0.7909351122484517
857.0,4.513806323695015,-15.522222182210283,32.8368,6,115.50147,22,0.62353,-1.0895266691391543,-0.7964161062777348,0.7811497360824547
858.0,4.473916421447319,-8.754104545745733,35.23185,11,117.58645,30,1.52384,-1.054652734139964,-0.7784979754636913,0.7951414589931859
859.0,4.464308898838969,178.90427820260658,36.27771,11,114.71048,18,0.43427,-1.0163110403890434,-0.7507011176390405,0.79856754797089
860.0,4.470429864321424,177.46720365248902,35.17307,1,115.2375,42,0.25083,-1.0293541580259242,-0.7468938595321877,0.7963822288011226
861.0,4.447202119468955,-1.9615512477501935,35.46252,12,106.89144,29,0.40146,-1.0643055052386383,-0.7595624123096669,0.8047229656004221
862.0,4.428047096791799,-9.830444702496877,35.98171,6,107.72224,27,2.5007,-1.0744632546332775,-0.7790103795785247,0.8117002296708831
863.0,4.413302316245644,-0.4316087556425145,37.81412,11,108.23119,3,2.3082,-1.094809163230455,-0.7540772553529119,0.8171330479674218
864.0,4.382703716265867,-1.5289137211609471,35.67553,13,116.88322,32,1.0288,-1.0841506960024294,-0.7575878033598172,0.8285827879939334
865.0,4.377695003476535,-11.994074011269063,34.42545,13,116.46241,30,1.00326,-1.0949384668770628,-0.7858962036204908,0.8304799084551024
866.0,4.3380151705192835,-9.737856890952004,36.46588,13,122.51228,30,0.80152,-1.0574198107684916,-0.7794884433016562,0.8457421953341228
867.0,4.3391206844622605,-14.051550337128788,36.24464,13,123.17359,40,0.62962,-1.0496978250034663,-0.7913240588884559,0.8453112966563532
868.0,4.328809021470933,-9.923889770098851,35.67099,11,120.22137,30,1.73091,-0.9782377680282396,-0.7808542974988734,0.8493433281193554
869.0,4.293887633729528,-20.558059349076927,32.54657,13,112.89705,25,0.21514,-1.001150926474352,-0.8081168059074211,0.8632146078826023
870.0,4.2662224619071925,-34.297242290574715,32.70276,13,117.54091,38,0.04913,-1.0352749231726268,-0.8471328800945498,0.874446282346259
871.0,4.293818624584687,-31.03596864812407,34.99683,13,117.91023,30,0.79331,-0.9810088760814316,-0.8363917301440321,0.8632423548303927
872.0,4.310621272893806,-27.12208362809735,34.20478,13,122.66216,29,3.62246,-0.9952280787383192,-0.8254089408635535,0.8565256950903477
873.0,4.302738994946045,-36.84441483413339,33.25513,13,114.85703,41,0.07411,-1.023298822257399,-0.8535148638838237,0.8596667443604034
874.0,4.2742101408810225,-36.06363096165173,34.73569,13,108.81695,29,0.46459,-0.9794178263997017,-0.8512046966537513,0.8711809915294625
875.0,4.257240880552156,-35.696725607617985,34.38462,13,117.07108,35,1.89788,-0.9683394738609016,-0.8507828661294202,0.8781398460498644
876.0,4.22782637354233,-20.475942486961216,34.92203,13,122.1028,40,2.0714,-0.89287209754252,-0.8077715420585239,0.8904014210713145
877.0,4.261237544840051,-13.044794247651552,33.15546,13,113.36124,44,0.68585,-0.89856018346904,-0.7875078946258695,0.876493383366626
878.0,4.244554919271669,-2.7115478780540343,34.50393,13,119.40841,34,1.10152,-0.8585020650154762,-0.7585960378601793,0.883396790898063
879.0,4.215248555164451,-0.4546323501773628,34.50931,9,117.4237,23,0.57198,-0.8909040240602609,-0.7548548936754187,0.8957230603224247
880.0,4.1962666613742625,170.03794450454666,34.12575,13,109.93979,5,0.15689,-0.8741352199907201,-0.7240867730649089,0.9038450301524794
881.0,4.2204342896752145,160.92159873092817,32.45648,6,108.5073,5,0.33899,-0.8164395670699051,-0.6999296494051752,0.8935232259097181
882.0,4.201826871104287,-1.7596358344964642,32.06837,6,104.71038,23,0.48009,-0.8734893909506649,-0.7586167324138998,0.901454525755865
883.0,4.1794177003548185,-7.72105881129454,31.1847,9,110.17462,36,0.36435,-0.895036829804796,-0.7741074401888403,0.9111472658560815
884.0,4.164732057571576,-6.519650269345732,33.49966,6,97.3992,48,0.46458,-0.8990977537195903,-0.7693289499987803,0.9175843545744486
885.0,4.129387941942404,-12.253090136704657,35.19436,13,112.16788,2,0.01861,-0.8893285144395213,-0.7836773076289631,0.9333590892445924
886.0,4.112054155904099,-27.653394883659224,34.3714,13,104.3128,46,1.64347,-0.921484768012108,-0.826323782816002,0.9412445623148943
887.0,4.134595574430099,-27.081264604412283,31.88105,14,107.735,36,0.32436,-1.023233948201809,-0.8280683618918456,0.9310093890106258
888.0,4.131799909592299,-24.87928467410775,31.82717,13,105.13241,34,0.96229,-0.9938156980569848,-0.8203000337787516,0.9322696972643925
889.0,4.129618524808898,-20.535893022441726,33.27881,14,113.49419,5,0.3037,-0.9890613352019832,-0.8078766106239443,0.9332548614063467
890.0,4.118621184141876,-15.358707638467465,33.48028,14,102.62195,34,0.31425,-0.9457020205815052,-0.7961604664663002,0.9382453781303037
891.0,4.101030898832076,-17.032631568142563,35.32032,14,108.48507,35,0.00083,-0.989604518224636,-0.7998184869920556,0.9463113493826907
892.0,4.068528732239817,-27.641315641340785,37.20021,13,113.54111,11,0.0503,-0.992605520823579,-0.8262448649748715,0.961491295609238
893.0,4.052899454478037,-39.344437046177475,34.66262,13,98.69263,28,0.98098,-1.0445004948036822,-0.8594154799031718,0.968921230624557
894.0,4.032641970406135,-44.681487213651835,35.26728,13,112.04729,28,1.63423,-1.0595830477454278,-0.8763529270877968,0.9786801954595928
895.0,4.014339492614323,-31.295988561853825,34.98573,14,95.67068,30,0.2724,-1.0349902112446343,-0.8399183325780546,0.9876246836196703
896.0,4.0129010442484425,-35.19592897270663,33.38003,13,94.86062,11,0.58161,-1.0649939495704035,-0.8522925090747369,0.9883328504627165
897.0,3.980859692272569,-33.78718664899063,34.11469,6,97.33148,38,1.25066,-1.063694628543763,-0.8479267006493406,1.0043067690574283
898.0,3.9920392828391016,-46.711812208736696,33.32867,8,104.93725,11,0.59527,-1.0603407512969043,-0.879722508024718,0.998689581345376
899.0,4.011140400061015,-49.40912265976421,31.06725,8,93.69409,43,0.23657,-1.109612592265128,-0.8869828036815881,0.9892006756764257
900.0,3.988941919254717,-47.413937168880345,32.65339,13,101.38559,15,0.75885,-1.1011461445308253,-0.8834679666693007,1.000241123463689
901.0,3.945785267046156,-45.30778626304282,33.50425,13,105.47115,24,0.79021,-1.0783902731154753,-0.8774023854131048,1.0222408640253091
902.0,3.9248247427281897,-52.447794746050384,33.93848,13,102.12949,43,0.81187,-1.0410877080928005,-0.896483471485994,1.0331885728016703
903.0,3.910746352015981,-42.19038306173012,35.00106,13,113.80584,41,0.25795,-0.9868725086033396,-0.8702452476256894,1.0406407636027193
904.0,3.894624406397931,-48.046612198179496,34.55424,13,113.88287,15,0.97476,-1.0158657785529883,-0.8867008138103458,1.0492741397011789
905.0,3.919996442467761,-55.90962467159209,34.26594,13,123.60747,39,0.54177,-1.0694436371303744,-0.907345529230236,1.0357353184171199
906.0,3.886443938130277,-67.07728968907175,37.57575,13,117.09622,11,0.87419,-1.1485603777533937,-0.9388546764752324,1.0536959646821065
907.0,3.9058967366532737,-54.34226474337684,35.02725,13,114.43883,38,0.01964,-1.112150064080965,-0.9032698957924576,1.0432265157644103
908.0,3.915799087549984,-50.147846229611346,35.88441,6,114.62316,28,0.309,-1.1222015411038913,-0.8896522319732253,1.0379569230510952
909.0,3.877163611041189,-41.56863177247256,35.79858,6,116.70606,29,2.10104,-1.0487757732689311,-0.8668838718765438,1.0587462267818404
910.0,3.86863507714891,-52.41566657391745,37.08185,13,109.17741,20,0.11941,-1.0281829718052615,-0.894978075545968,1.0634194543529427
911.0,3.869057957775461,-57.01728822793892,33.37107,6,106.55065,42,0.01824,-1.0608598575678296,-0.9084304253024617,1.0631870076362462
912.0,3.828271998592385,-59.17952968113326,35.07878,13,113.18719,24,0.32424,-1.1062944358748954,-0.9153621396780864,1.0859618233258141
913.0,3.8371318123097735,-69.94121019772055,33.35519,13,117.65918,47,0.07608,-1.13177569970529,-0.9437424858320574,1.0809527112310597
914.0,3.817665416635436,-52.39592967397024,35.7711,13,116.9369,24,2.21053,-1.094897494142385,-0.8970709220114125,1.092004439674604
915.0,3.808451831242815,-66.76489026974087,34.54229,13,112.88138,1,1.18043,-1.0503275656776931,-0.9321066429691072,1.0972944876815858
916.0,3.799023659347598,-60.27481990198946,35.21126,13,115.03097,25,0.81129,-1.011645275512604,-0.9159698893403256,1.1027476353069563
917.0,3.7746497486475223,-58.405657620322216,35.28358,13,120.723,20,0.94052,-1.0099594553524505,-0.9111817778736704,1.1170350814205534
918.0,3.808205986271369,-58.7819226645433,33.66387,13,124.28444,24,0.41678,-1.015908919718778,-0.9130697916533036,1.0974361675384545
919.0,3.8138899272396976,-52.26166012614167,33.36996,13,117.0629,22,0.20365,-0.9416232701873684,-0.8904806892254743,1.0941675287677377
920.0,3.801214518188579,-52.797934756069104,33.6461,2,110.35332,36,1.7777,-0.9344366017771109,-0.8913539245304405,1.1014768476863606
921.0,3.795773627032766,-55.162126844260115,33.59892,2,108.20116,11,0.20866,-0.8738620110165852,-0.8959350419675054,1.104636841640472
922.0,3.781584189769673,-38.51812353091662,33.38887,2,94.24575,48,1.06569,-0.8430887723839359,-0.8515719037357606,1.1129421343759471
923.0,3.7521448572506984,-43.265277058218864,35.35812,2,110.73383,28,0.54778,-0.7888513969989658,-0.8612706970908374,1.1304749371232852
924.0,3.740529899245395,-43.37479481193972,35.06632,2,117.50331,30,1.03902,-0.7909668925647347,-0.8624808846693353,1.1375064568949034
925.0,3.7264573307461104,-52.40970698510682,34.77267,2,108.4006,42,2.29755,-0.808369647583169,-0.8899763234728885,1.1461140225676822
926.0,3.715911553257364,-42.0694645811745,37.70755,2,117.06127,28,0.50862,-0.8404067362612072,-0.8649219222730644,1.1526286095238272
927.0,3.704364641424272,-42.64046200495587,38.08851,2,101.77046,40,0.45856,-0.8594064526215849,-0.8702932973814055,1.159825549079128
928.0,3.690728777374652,-42.43607286667716,37.21116,13,111.74864,47,0.49258,-0.8832070809028312,-0.8678806881717135,1.1684116252367454
929.0,3.673662869212422,-58.81668047804447,40.00887,2,105.00651,7,0.17318,-0.9534577059338148,-0.912368339772204,1.1792924935143743
930.0,3.687369918244669,-55.83880029883026,38.12932,13,112.93303,5,0.2411,-0.9230485425779956,-0.9021116872862184,1.1705412284972245
931.0,3.66492441035991,-51.160824356744705,39.61489,13,108.81127,38,0.21014,-0.8451247944437132,-0.8892845436800612,1.1849228876888718
932.0,3.675397245153662,-53.89798073523277,38.76753,2,109.06282,12,1.53006,-0.842767078356333,-0.8963511816792632,1.1781797681096702
933.0,3.6622528709983695,-64.74632634368714,36.84576,2,119.98246,30,0.81597,-0.8985758697015425,-0.9262692627380664,1.1866522727725057
934.0,3.6333606037583217,-56.06788224203509,39.0772,2,114.17073,29,0.37365,-0.8974973016506372,-0.9034472542631924,1.2055996852514472
935.0,3.6456218453152185,-58.4911206995932,38.58615,2,121.98997,35,3.32527,-0.8922515437064049,-0.9105379105959306,1.197503787571392
936.0,3.651326080540407,-62.64646148272922,38.98063,2,110.85628,40,0.51546,-0.8750643370433498,-0.920303653637448,1.1937651416985644
937.0,3.646291113597501,-57.444184328122,35.36051,2,121.07129,27,2.32068,-0.8987730901641682,-0.9059975718570014,1.1970642298258893
938.0,3.642455192794469,-56.238703207999905,35.66667,2,108.83632,15,0.13468,-0.8874989416439446,-0.9034758313404684,1.1995868477888383
939.0,3.6412422676669816,-65.34002271474168,35.2867,2,120.82365,48,0.60963,-0.9072237172111692,-0.9242758255748422,1.2003861636599202
940.0,3.6360264426075215,-63.12752033915219,34.04741,2,109.33047,17,0.09447,-0.9114877712820252,-0.9232864835679048,1.2038325054235934
941.0,3.618505592334179,-42.59521980741895,32.82654,2,105.36342,46,0.58303,-0.8518853374860599,-0.8704780953130601,1.2155186741018922
942.0,3.588259417011298,-23.337333453823064,36.12655,2,125.1761,46,0.83307,-0.7462865998225225,-0.8167001149580169,1.2360967514479675
943.0,3.588457230496061,-26.439003655585168,34.88707,2,118.83652,39,0.55212,-0.7380557122321598,-0.8227523475136784,1.2359604756889317
944.0,3.578378907720839,-20.047173784981055,37.14336,4,120.01203,45,0.8043,-0.7171714681743773,-0.8076333977927328,1.2429323198422502
945.0,3.572836853516462,-9.958818502286178,40.34635,14,116.25401,30,0.44576,-0.721675259916836,-0.7824079841958235,1.246791293026674
946.0,3.538758005833526,-1.3640098235071605,42.26159,14,118.05195,27,2.07276,-0.6676224790596087,-0.7556116646664437,1.2709205495039817
947.0,3.5115567565099974,-12.642772187464686,44.01243,14,112.80727,41,0.46649,-0.6820471487189249,-0.7856954893562202,1.290686439551017
948.0,3.5197981363484607,-24.4128977593399,42.27824,6,116.81661,27,4.37049,-0.7443327602624052,-0.8206973141925172,1.2846493977539728
949.0,3.5098214523879476,-27.077676187176937,40.78598,6,122.60961,27,0.57303,-0.8019930446171786,-0.8273212947685047,1.2919630213981448
950.0,3.5014486216180285,-29.23606414269645,42.16258,4,118.45498,25,2.93632,-0.824350778652468,-0.8360455452530194,1.298149215991303
951.0,3.5044445178781127,-35.454235012646265,41.40609,4,114.31999,21,0.24753,-0.8330977980089804,-0.8512242946134065,1.2959306287164931
952.0,3.4814764776803666,-36.03880088961846,40.93438,14,119.55765,20,0.34879,-0.8333099033598206,-0.8541748879496767,1.3130860913123004
953.0,3.481756172558724,-29.476126222757017,40.1009,4,121.58577,13,0.68368,-0.8097737997343355,-0.8378836702726087,1.3128751352976002
954.0,3.461702816118813,-22.651803774274494,39.89647,4,125.91172,44,2.94759,-0.8255406131058017,-0.8197667420706837,1.3281299454959838
955.0,3.4672405417727403,-20.777014456033925,39.06933,4,115.57758,31,0.47111,-0.8123982880530713,-0.8147135354825721,1.3238908707713997
956.0,3.4511432501934087,-28.885102708567516,37.62051,7,120.14293,32,1.14816,-0.8237612222130404,-0.8370294494036387,1.3362698169831968
957.0,3.42837995113951,-19.45499302947799,39.65473,6,117.47896,12,0.12185,-0.8140491976383473,-0.8118123922511676,1.3540734981858822
958.0,3.455603540854217,-0.8169510773270474,39.01964,6,118.18355,10,0.70753,-0.796134899418001,-0.7643207526971998,1.3328224855939517
959.0,3.461623173990735,-4.754698633095543,38.11829,7,119.50454,13,1.18193,-0.7860469960288475,-0.7736004026184085,1.3281910592028774
960.0,3.4590709295902973,-9.679980724686558,37.8353,6,116.81086,26,0.54299,-0.7992561072510386,-0.7853122936342806,1.3301517699569962
961.0,3.4427915163460456,-11.107111584089113,40.96141,6,108.17765,21,3.69868,-0.779189964890034,-0.787727309988489,1.3427608904724575
962.0,3.412329093887893,-14.82277881374084,40.51101,4,116.77587,36,0.37001,-0.8216056635849244,-0.8016815703933619,1.3668419949741077
963.0,3.3920865740068034,-13.806356034276972,43.67143,5,116.14261,16,1.0119,-0.8193772313158477,-0.7991191719348731,1.3832041260769867
964.0,3.388365597647504,-22.470752186048244,41.83493,6,120.01582,33,0.99689,-0.8625671221341299,-0.8262850084020357,1.3862437602338038
965.0,3.3817554318670786,-34.96568631241761,42.25825,6,115.66142,27,2.52895,-0.8810405657892884,-0.8620506251173092,1.3916683137232444
966.0,3.3509340026525183,-27.711316606706113,44.81631,11,119.61909,36,0.17826,-0.9016348780077598,-0.8453761328179057,1.4173867965632867
967.0,3.364840514251782,-31.604410207512014,43.23044,4,104.18659,28,0.00785,-0.8856799932461465,-0.8562610866158334,1.4056952026510114
968.0,3.36756931732545,-33.810591031937186,42.01432,4,109.18943,19,0.33022,-0.9472464401190848,-0.8635595232529621,1.4034180045342985
969.0,3.3477876306661596,-34.95644936899227,41.33438,4,114.91664,32,1.39965,-0.9199776327570148,-0.8648479098307678,1.420052271355467
970.0,3.359701712520576,-32.784436254611734,42.48845,5,114.79962,28,1.07488,-0.9255827218390238,-0.8591519396769377,1.4099986283402308
971.0,3.3495727084367903,-14.928427529401802,41.75527,17,116.27314,28,3.95118,-0.8678424023951682,-0.8131152304325457,1.4185391062421917
972.0,3.3489392338780575,-13.8319554716751,41.69484,4,109.5732,25,2.26218,-0.8412327864409058,-0.8099815011884751,1.4190758095745302
973.0,3.3495497161808276,-12.53026053959418,39.75062,7,109.3898,32,0.52751,-0.844561417312768,-0.803651956714179,1.4185585808157481
974.0,3.374446249363712,-13.214948573282255,38.5166,7,112.95517,28,1.06445,-0.8203178576668495,-0.8038000674732256,1.3977036590010623
975.0,3.329917875231037,-8.512681715477584,42.83803,7,114.64157,44,3.04658,-0.7871797907083451,-0.7880413066644805,1.4353343755490116
976.0,3.326333755610792,179.33150120229757,42.9603,13,112.56063,44,0.53818,-0.8096932928918845,-0.7682930887567001,1.4384291832395553
977.0,3.319259563514322,164.24624162273508,42.388,5,117.63321,22,1.36733,-0.8448161843943879,-0.7315758377809699,1.4445670388074277
978.0,3.3075331824520062,179.6364053734599,41.40567,13,117.26667,22,1.0961,-0.8882467917692564,-0.771162481992199,1.4548282038408655
979.0,3.312188747854715,178.44029457106484,42.05373,5,118.04069,32,0.79309,-0.9038620857251688,-0.7637254368884265,1.450741306433707
980.0,3.325991000251116,-13.559990955082938,42.44276,13,118.40465,42,1.47972,-1.014756305720256,-0.8061186062690897,1.438725669138799
981.0,3.3279098003001852,-5.515346726392593,41.77049,7,117.1988,43,3.69141,-0.9979934655036522,-0.7848088568889457,1.4370670718861145
982.0,3.3306037710113654,-10.027298441133851,41.09781,7,108.80913,29,3.82833,-1.0358218495187688,-0.7947930562402586,1.434743258449765
983.0,3.325459287668558,-10.323070656615144,38.65857,7,112.65248,26,1.20824,-1.041895737713088,-0.7967974277119215,1.4391857858520245
984.0,3.3465467173040246,173.44272638012765,38.47102,14,123.67745,23,1.07959,-0.951522106087339,-0.74932451355253,1.4211055891160054
985.0,3.3498876189261204,153.79506840197854,40.02769,7,116.49227,43,1.31682,-0.8919534789797265,-0.6929139757215419,1.4182724155958253
986.0,3.350332762736675,160.90606960231253,39.65691,7,118.27206,21,0.90625,-0.9342355484554692,-0.7148441998439105,1.4178955615393236
987.0,3.3323156244566188,160.62217307151394,37.54634,4,114.08766,27,0.10477,-0.9275989757417804,-0.7134259119231411,1.4332695449068047
988.0,3.325581506273335,178.15745762749606,35.74064,7,111.02393,2,0.45226,-0.9728249013859716,-0.7634562315298208,1.4390800046247338
989.0,3.3162995545637366,164.9243207617376,36.35883,7,122.59792,19,0.01958,-0.9113270777699582,-0.7222085440625976,1.4471469261577663
990.0,3.3116347169796563,158.5653720195915,37.20149,7,116.81822,25,2.42922,-0.9029274618316858,-0.702284911174286,1.4512267601613356
991.0,3.3077261029250233,169.78420703633958,37.38618,7,123.75492,28,0.34297,-0.9772607370946144,-0.7329654020167835,1.454658505412582
992.0,3.2923511490760378,166.0685724289485,37.66298,4,112.62085,30,0.84106,-0.9779471008005794,-0.7230889508481316,1.4682764509214967
993.0,3.289733407246745,166.10474751375546,35.92318,4,116.52759,2,0.21364,-0.9392733028046744,-0.7235854242193078,1.4706140858780863
994.0,3.297063310194694,158.0070921621527,35.30312,7,115.67238,44,1.32858,-0.932306922120938,-0.7034857968521222,1.4640825302033378
995.0,3.2784166435448716,151.4235763625914,35.21783,7,108.8599,19,0.36624,-0.9175654770655152,-0.6841255293293442,1.4807844322337405
996.0,3.269359940570045,154.66502077475727,37.39853,9,115.72846,43,1.73285,-0.9247822618973284,-0.6949235913402477,1.4889998630625148
997.0,3.262293475411793,159.3715608058334,36.56604,17,112.24353,22,2.86587,-0.9454603897599908,-0.7075005803215348,1.4954575049426366
998.0,3.2649800557488455,155.9774671120826,38.31986,9,117.06499,37,2.42725,-0.9405883621615598,-0.6927067573071736,1.4929974508560566
999.0,3.2762011766293515,160.5669390045777,38.196,9,117.57227,12,2.80867,-0.9242875559200214,-0.7069031567121522,1.48278781235129
1000.0,3.277835446239128,158.1771476840197,38.0725,9,117.15696,44,0.30211,-0.957395325151946,-0.7019976526418314,1.4813095984515394
1001.0,3.267129314062891,166.54359073789533,38.24838,7,116.9258,6,1.71361,-0.9456764031427028,-0.7255990067293584,1.49103378096722
1002.0,3.2699781178361222,163.87553241444522,38.3846,11,115.63909,39,2.6408,-0.9147812071742976,-0.7194303491149436,1.48843693644586
1003.0,3.2788760832721957,168.0428900807314,36.30586,7,121.76838,6,2.01867,-0.8866359894886576,-0.7282428778347343,1.4803694830169258
1004.0,3.288416595955742,172.64229798809615,35.58563,17,115.50078,40,1.56598,-0.9365755907002202,-0.7395329227669512,1.4717921050895164
1005.0,3.2821690398893963,-0.8567509782238005,36.45864,9,114.03078,35,0.26133,-0.9745123983342274,-0.7614697539540268,1.4774005030414883
1006.0,3.274706842913216,-8.648869021748737,37.74732,9,113.69887,35,0.55333,-0.9697188003313326,-0.7811495270671261,1.4841413902360314
1007.0,3.2591501687860656,-14.325840399924845,38.70144,9,115.12163,6,1.00205,-0.9344843208744222,-0.7976150878158769,1.4983435016228939
1008.0,3.2524382101997347,-23.042323057482665,40.08459,17,119.36274,5,3.43392,-0.9605017204861552,-0.8213274657550147,1.5045340552063022
1009.0,3.258817005711897,-19.436282317646985,39.56209,9,112.0711,34,0.23797,-0.9060637722367808,-0.8106889584367729,1.4986498816642468
1010.0,3.2444841707154777,-20.356437614836437,41.02266,17,110.89674,43,2.54483,-0.9025058614160903,-0.8121384507062049,1.5119200011351184
1011.0,3.230146773206251,-30.275322616249376,41.78296,17,116.6499,3,1.38797,-0.9207985136085236,-0.8354780970169743,1.5253714679407333
1012.0,3.230927848864191,-27.657300011896808,41.16597,17,114.54009,22,5.98514,-0.909882912349092,-0.8296253503203446,1.524634041068517
1013.0,3.2071022907747717,-13.964444808197328,43.45831,4,113.30497,36,0.04633,-0.8399599051365804,-0.7894201897667862,1.5473711936407375
1014.0,3.2023201446591374,-25.607004202645896,42.02242,9,112.35766,22,0.09966,-0.9074322518195842,-0.8222020479211524,1.5519961405392884
1015.0,3.238000758297692,-8.869879192211357,38.51447,17,111.91396,21,0.47007,-0.8154941095115572,-0.7752713055938106,1.5179806634146653
1016.0,3.23643676896739,178.41781695479648,37.62984,17,115.08199,47,0.57647,-0.7819403691486114,-0.7474915216595047,1.5194481286346497
1017.0,3.2194452209065942,-10.890834514757955,42.13858,17,120.03024,35,0.6446,-0.8201102478508115,-0.7827741531645218,1.5355291019055877
1018.0,3.225826148002352,-0.8641415878550305,41.0663,17,121.04683,28,3.10278,-0.7742503334769933,-0.7561322650373397,1.5294603256514365
1019.0,3.2028790449917985,-6.4451798040718415,41.17127,17,110.16742,30,2.84581,-0.7777732066470802,-0.7726121016475461,1.5514545431416298
1020.0,3.21170680427345,-4.484394835279005,39.32517,17,114.43601,36,1.47515,-0.7771971332383716,-0.7685946550034124,1.5429375484629002
1021.0,3.21987156434323,176.75841291251467,37.70786,17,108.65958,45,0.26927,-0.7653590296602786,-0.7455751072520471,1.535122489778795
1022.0,3.22252573677252,176.86521022951607,37.82188,19,113.99075,22,0.49873,-0.730792970038553,-0.7405321350614587,1.5325947818959151
1023.0,3.224078153156691,172.58564576127395,36.87972,19,116.5783,24,0.29943,-0.7524498489072272,-0.7324063356001123,1.5311192268194933
1024.0,3.228026345783789,166.9443737510589,39.52384,19,121.86349,22,1.15621,-0.7331615890340566,-0.712843232289192,1.527376099541299
1025.0,3.226265494343755,173.35011464925347,39.27855,17,115.27155,45,0.68579,-0.7458909683143233,-0.7300308110270841,1.5290437963569299
1026.0,3.205583201493955,171.48602570431103,40.54957,19,119.96041,23,0.55909,-0.7004559670546767,-0.7225556921621596,1.5488381042189272
1027.0,3.1962013782754775,166.3295811308145,42.05515,17,116.09702,33,0.42207,-0.7374909571131464,-0.711462807075801,1.5579440709014374
1028.0,3.2201166350898514,162.67594997212862,38.73096,17,119.91907,46,0.29189,-0.73541269048683,-0.7038547857070118,1.5348888340816458
1029.0,3.2219992279101213,149.56994053832426,37.83075,17,118.3476,46,1.15993,-0.6538945945940502,-0.6599930501357345,1.5330957073202145
1030.0,3.2390090262437026,158.3956781568802,36.16626,17,120.01927,43,1.37963,-0.6502300265511965,-0.6822704468333131,1.5170357490816706
1031.0,3.2248316319570023,173.30620849122204,37.97547,17,118.20898,33,0.48937,-0.6973921254363664,-0.7209028966684007,1.5304038213451319
1032.0,3.237223045949332,162.5187865687306,38.21416,8,117.41194,30,0.60243,-0.7325888045622957,-0.6968286371634678,1.5187101121415756
1033.0,3.2271641327904037,167.064603387866,37.9083,8,118.10504,33,1.54188,-0.7950994704148837,-0.7130061101251784,1.5281923576479217
1034.0,3.2206716601876946,-7.33010324261781,36.46467,8,117.75561,47,0.17412,-0.842896440180338,-0.7706747457544821,1.534359858445395
1035.0,3.229786660678933,-4.883961871335501,34.12527,5,115.09289,41,0.53407,-0.8445080068027839,-0.7621711684129377,1.5257116365370944
1036.0,3.216227677560854,-6.2854138102813835,37.10203,8,121.64385,22,3.55533,-0.8354405405947574,-0.7657299498071262,1.5386029531784762
1037.0,3.231687913710606,173.77131730245873,36.40017,17,112.52971,47,0.6592,-0.8328937600805214,-0.7325365807241031,1.5239169641124928
1038.0,3.208896654306592,-1.032383478722565,38.50654,17,117.87294,32,2.52183,-0.8854725820456195,-0.7565018257526379,1.54564114718616
1039.0,3.22817068411942,-4.231805512281653,39.16656,5,119.61867,14,0.82871,-0.888320770930197,-0.763204641342334,1.5272395181662293
1040.0,3.2209630982298054,-7.901216965857884,39.32035,5,116.07915,29,3.30124,-0.9100665865045384,-0.7739934278407854,1.53408220819668
1041.0,3.2238732557460352,-16.500231660047533,39.47138,8,117.64299,36,1.01325,-0.9376762880534948,-0.7974395380674486,1.5313138575072447
1042.0,3.224929947436705,-18.913428382498836,40.63131,5,113.89524,38,0.55788,-0.9297754473767096,-0.8011126168912854,1.5303105107338735
1043.0,3.2211561289077046,-16.606359496255095,41.69902,17,116.87342,34,0.84942,-0.9429743438728686,-0.7944115871186104,1.5338983511938067
1044.0,3.221012792642604,-17.403993836131832,41.3742,17,118.08515,31,0.20091,-1.0036893141672578,-0.7998221497838449,1.534034872323561
1045.0,3.235641776358374,-8.355495364116734,40.0468,8,114.61933,23,2.03493,-0.9332080002672188,-0.7700190885858086,1.5201948728735717
1046.0,3.235208722725065,-16.132268221596973,39.47675,17,117.67321,11,0.52303,-0.9767179193053428,-0.7920640120531365,1.5206018759636681
1047.0,3.2243938417526703,-2.9003565236117197,40.40077,8,118.38524,29,0.20076,-0.9781188444537968,-0.7560544015696913,1.5308194289406596
1048.0,3.2198731042301625,-7.054614765037741,41.05242,8,114.80922,3,0.43636,-0.9769328625845816,-0.7680306356352103,1.5351210214510564
1049.0,3.2052358858343055,-10.876690111567129,41.80336,17,114.33877,23,0.02662,-0.978026129635469,-0.7780847790865404,1.5491737830220267
1050.0,3.24048966828466,-14.975294388093644,39.46268,7,122.90099,32,0.71815,-0.985094120196758,-0.7871126762123666,1.5156497401912803
1051.0,3.2456643187845255,-33.704128231788395,41.13842,8,117.27774,23,6.56804,-1.023831573124056,-0.8395662690383585,1.5108207099551874
1052.0,3.268688696400696,-22.641889742014826,38.93896,7,112.13689,23,1.66952,-0.9915352945102276,-0.8048539173431641,1.4896114753595824
1053.0,3.2502520564827573,-23.08863106129951,40.8007,7,117.16613,39,1.02425,-1.0052567101925824,-0.8020702784489708,1.5065586667231459
1054.0,3.2877069435440007,-18.489988328384115,38.7307,8,116.14733,39,0.42813,-0.9923243650323696,-0.7845315667363069,1.4724275470911712
1055.0,3.2987977533021065,-20.160941282597538,38.60799,15,118.35646,39,1.87156,-0.9154828964672348,-0.78589303106779,1.462543363229087
1056.0,3.2953835272342498,-10.829050250507391,39.57488,5,118.16321,22,1.72944,-0.8660784273721204,-0.7577847964056509,1.4655755082901811
1057.0,3.291951003203568,175.6521211705574,40.63158,5,119.1822,29,1.62374,-0.8557189603343458,-0.718310196444747,1.4686334188523984
1058.0,3.308876215998238,179.65019793372875,39.4728,5,111.40633,27,2.17472,-0.829905861828666,-0.7274007671448149,1.4536474485479642
1059.0,3.272503953739952,168.87430639451296,41.86858,17,108.98531,36,2.6783,-0.8489923092214048,-0.6978613298380242,1.4861401651471764
1060.0,3.242490155848852,-1.6496116340621825,41.91134,5,119.0974,34,1.87983,-0.9149671491241084,-0.7389438433462469,1.513780125797638
1061.0,3.2526483161667685,175.56986195920877,40.23056,17,118.92002,20,0.15002,-0.8587811103629506,-0.7180133281198269,1.5043396896664654
1062.0,3.238375083334152,178.811177067269,40.55821,8,120.97696,30,1.22057,-0.8717988204549283,-0.724906358116554,1.517629755745061
1063.0,3.2242646997978333,169.92972143853234,40.6692,8,117.95739,33,1.73705,-0.8607590320582793,-0.7029622531346763,1.5309420596742234
1064.0,3.234194629237541,173.93948735860877,40.30576,8,122.69535,35,0.49852,-0.8475248785195606,-0.7149292871445395,1.5215556059590938
1065.0,3.2207760110663406,154.30669207842232,41.2547,5,115.96297,40,0.14795,-0.7867244092661276,-0.6563849308028586,1.534260435694429
1066.0,3.2140807319984326,150.0617161424038,41.48868,5,113.29272,36,2.77075,-0.734650248527481,-0.647457317538787,1.5406591554510958
1067.0,3.2307443590467546,140.53146248730116,38.27626,5,116.94062,44,0.08307,-0.7423769650242965,-0.6270902813690381,1.5248072288760846
1068.0,3.245363957769003,135.35847240428186,37.45735,5,116.50079,35,0.13162,-0.6912344358079697,-0.6046000761840057,1.5111003782130525
1069.0,3.255263700016589,125.76897718529835,37.68424,5,121.38278,39,3.68568,-0.6778347284204911,-0.5711303906848859,1.5019233906694212
1070.0,3.2456537095859916,129.65535537541248,38.94031,5,117.01834,32,1.83078,-0.6606577706975418,-0.5862469633445728,1.510830586931903
1071.0,3.2586403935316146,126.74182682362704,38.17159,5,117.24547,43,2.36792,-0.6240772168127353,-0.5755196983958173,1.4988123340761057
1072.0,3.276197981311514,131.38336416247066,37.92609,15,116.5252,23,0.35227,-0.6126321432444335,-0.5878511252338972,1.4827907047165765
1073.0,3.2885740265245413,131.96112349686854,40.33502,5,120.70459,32,1.08025,-0.6217125819505741,-0.5866458190652818,1.4716511932412204
1074.0,3.2872612289690717,129.16603849646066,39.23995,5,123.04013,45,1.24944,-0.5799143489103462,-0.5812314861337815,1.472826862426765
1075.0,3.296518318355384,124.29297735994676,38.61575,12,116.43077,31,0.63393,-0.5837105819017895,-0.5650525498813834,1.4645666646208342
1076.0,3.301586862907622,118.230665834916,39.61755,12,119.4407,34,0.62613,-0.5014642126949967,-0.534694694504208,1.4600733565901072
1077.0,3.3066874153118833,122.65510093540718,37.59189,15,115.32265,31,0.02067,-0.6057183399185997,-0.5613594333154851,1.455572515651004
1078.0,3.3076062094903502,117.90847623202691,37.83971,12,120.70431,16,0.00275,-0.574874397504939,-0.54484966438665,1.4547639636529677
1079.0,3.308655424427839,117.40647653590467,39.75789,18,112.57394,47,2.80256,-0.5836677556640383,-0.5421228542848014,1.4538414631978094
1080.0,3.3005209046033803,118.78993858267567,40.05888,5,110.04812,22,1.16363,-0.530679439918101,-0.5402168444016291,1.461016618998233
1081.0,3.3044647411118597,124.77660593729324,40.72339,21,117.29872,44,1.08838,-0.5024576023082225,-0.5551894186150501,1.4575312906987727
1082.0,3.2883219892794906,121.19897976115423,39.46136,12,114.31869,3,0.11825,-0.4800667050362449,-0.5482114104436095,1.471876794704871
1083.0,3.282996738480288,114.89968558507186,39.96815,12,110.16122,22,0.0751,-0.452467443275613,-0.5297783984925367,1.4766556420121242
1084.0,3.281003010788224,96.80561344232422,39.75267,5,115.63827,20,0.0083,-0.4645508982522843,-0.4820139457605921,1.4784507904609128
1085.0,3.297860740571632,93.61492075086365,38.21312,21,117.97928,19,0.22949,-0.5059894635256452,-0.4796684523307439,1.4633745787019337
1086.0,3.3127968055372614,104.67635375878112,36.64553,7,106.64552,41,1.31014,-0.5466363773948031,-0.5206804603232089,1.4502087935803816
1087.0,3.3232633735344264,101.51234414925383,38.07681,21,113.99788,30,0.6211,-0.5000971112970969,-0.5122653131311306,1.4410883570173039
1088.0,3.329348598335456,115.16358515132605,39.74841,5,116.91452,34,0.13844,-0.5141105447732348,-0.5511918830740187,1.4358252659021602
1089.0,3.3135945134201763,114.36258827887266,38.65077,5,115.78522,8,1.46693,-0.5530535060059006,-0.5575371603611788,1.4495106371017696
1090.0,3.3254904548580666,112.09796636371,40.83515,5,120.53304,8,0.35578,-0.5504342992157673,-0.5537321438424431,1.4391588092802747
1091.0,3.315923664169509,93.37342392924108,40.38451,1,121.68524,34,1.15839,-0.5202939260314441,-0.4978537978217296,1.447475039537683
1092.0,3.304284459817981,91.07938365289752,42.41756,5,116.69739,35,0.23958,-0.5309507251977985,-0.4921201505240525,1.457690340440633
1093.0,3.3341352007041176,91.14574007742684,40.43026,12,110.70601,33,0.19119,-0.5326475466020497,-0.4958118424056577,1.431705582180827
1094.0,3.327249528505947,80.70357721452311,40.75671,1,124.56579,41,1.08249,-0.5774223083163498,-0.4795692270236493,1.4376374823666094
1095.0,3.3324037416553636,83.02749135355202,41.06572,1,121.55914,39,2.77443,-0.5587703985637607,-0.4757234983704086,1.4331937473520395
1096.0,3.3323711277808297,68.5678590646107,40.75708,1,122.89597,31,0.86234,-0.5138422198679592,-0.4148456626562049,1.4332218007878654
1097.0,3.331556802720715,67.82912298286459,41.96376,1,120.99808,44,0.94497,-0.5117571852165553,-0.3916316110125432,1.433922524884778
1098.0,3.34267638416542,74.9634329279678,42.3007,9,115.17548,42,2.83924,-0.4803920742976605,-0.4072314821491494,1.4243983614999474
1099.0,3.3151039091100647,72.10537717270003,43.29723,12,106.70397,25,2.44827,-0.4585909420313663,-0.3963137714022697,1.4481909879526114
1100.0,3.316005931232545,69.71693458841318,41.2206,15,111.53171,16,0.55402,-0.4662851533024321,-0.3738171703414475,1.4474032193747137
1101.0,3.3270780207336683,53.265959355656946,39.37473,15,119.19669,16,0.41754,-0.436628467470058,-0.3329159896417314,1.4377857039325197
1102.0,3.316147585348102,46.689550529677234,39.28514,1,110.11624,18,0.0388,-0.4122250140166923,-0.3050112425244293,1.4472795661062592
1103.0,3.320735218501672,31.366666111369423,40.66613,1,119.10884,31,0.07798,-0.4044526528566576,-0.2480231691465678,1.443283462261346
1104.0,3.309599117520469,26.83110554991929,41.33104,1,108.42236,43,0.38431,-0.3895545037391605,-0.2223603551306259,1.453012489962126
1105.0,3.2871900693878375,19.19206917970888,41.27042,1,121.10126,32,0.04394,-0.3711861658482661,-0.2124097437120827,1.4728906292762272
1106.0,3.3045373441205528,33.48388544605898,39.15715,6,120.7779,31,0.7693,-0.4491563861947872,-0.2458091879617979,1.4574672454280029
1107.0,3.2957461281532026,19.23184057778441,42.13985,1,119.58003,30,2.97531,-0.4353434074018282,-0.1901648334691614,1.4652530381897297
1108.0,3.287292790056896,33.70933038783649,42.94075,12,109.33559,30,2.09546,-0.4440067202166246,-0.2196614408618709,1.4727985815295175
1109.0,3.284706364453448,39.61576433109087,40.90097,6,103.50543,22,1.57566,-0.4547153240657527,-0.2391335444173656,1.4751189007787795
1110.0,3.2829194098687484,33.21298718748726,43.28794,17,109.6313,10,1.72313,-0.4336803741524214,-0.2180906610249178,1.476725207579291
1111.0,3.277716579312255,33.041233515589454,42.78225,6,114.05671,13,1.04144,-0.4469714749527012,-0.1990237578492137,1.4814170402685585
1112.0,3.3059592828299573,24.907900311269884,42.08051,8,102.83897,46,0.50611,-0.4356554118582533,-0.158653340859685,1.4562137615060753
1113.0,3.3077025893471053,29.53738035278768,43.40844,17,110.32476,44,1.11584,-0.452700439495364,-0.16267367565629,1.4546791870468954
1114.0,3.3200309786826248,24.997288948868345,42.37498,21,110.34118,47,0.2121,-0.4199331892080347,-0.1470611317268844,1.4438958212973274
1115.0,3.3434110549995033,12.122731119182433,40.78811,1,110.64174,44,1.1214,-0.3671445251902154,-0.1234446048820792,1.4237724444698732
1116.0,3.3425027886793828,-175.39693607744306,40.76685,1,117.42615,35,0.27148,-0.3275228266374584,-0.072204114828809,1.4245463198189472
1117.0,3.342026687292612,-177.28196488586718,41.00326,6,113.62699,39,1.03846,-0.4106599480486729,-0.0575752249970267,1.4249522272827027
1118.0,3.3126974037128853,3.409570822849304,41.66095,3,119.54461,14,0.21259,-0.4288270070512902,-0.0693263130953653,1.450295825714619
1119.0,3.3174828266763994,-177.21661313586495,39.22523,6,116.47385,40,1.49439,-0.3876111822462416,-0.0640899119865682,1.4461147802156427
1120.0,3.313346152872628,-175.0049201646272,40.59211,6,122.51779,30,0.14534,-0.3694548522606558,-0.0645951979655723,1.4497279489860797
1121.0,3.3232884808227725,-178.7356028010575,39.94828,6,117.59052,32,1.73324,-0.3820135361350082,-0.0609862465933035,1.4410665823898863
1122.0,3.3335141654312133,-176.40625399739957,38.9926,6,117.04861,37,0.16022,-0.3408467739385858,-0.0529912049073709,1.4322390867327148
1123.0,3.346899902383792,7.199209704103751,39.82118,6,116.18845,10,0.5353,-0.3539321364152252,-0.0660525237703415,1.4208056776618072
1124.0,3.3553092387645167,-174.5456680278926,38.09236,1,118.39906,25,0.72096,-0.3193827723329792,-0.0347969129968197,1.413692735466395
1125.0,3.329787375713622,-172.5792332369963,38.39908,1,112.19457,14,5.1365,-0.3249229121031727,-0.0213583418519996,1.4354468837020535
1126.0,3.334232178937595,-171.15028896005606,37.79682,6,114.82899,31,1.28209,-0.3357944177325069,-0.0005669659726718,1.4316222992829473
1127.0,3.3434887139604132,-160.37838745200634,41.01826,6,119.43766,47,0.32956,-0.3015637462794913,0.0294628461043797,1.4237063055270003
1128.0,3.320706918187362,-165.20130805749756,43.55937,6,116.97615,37,4.17083,-0.2728588392265904,0.0155341568937049,1.443308062776041
1129.0,3.3360635122597095,-157.30794250217983,40.21047,6,113.96285,14,1.14204,-0.2232350834921434,0.0262097262788477,1.43005095149606
1130.0,3.323397589782559,-165.97331578612676,42.7595,18,113.97915,35,6.0571,-0.2551127209772439,0.0129495430707876,1.4409719619356594
1131.0,3.3077782528038684,-170.08567293734507,41.3735,18,118.11964,46,4.88974,-0.230102907048391,-0.0071739312918966,1.454612637968624
1132.0,3.338217724399068,-154.47922053451714,39.50825,9,110.09644,36,3.70042,-0.1483531195432098,0.0314193690045706,1.4282058716481927
1133.0,3.327056413091942,-165.6822257327427,36.66859,8,120.54717,25,0.64563,-0.1949834475660696,0.0114688068817581,1.4378043794555015
1134.0,3.334884001281888,-170.27358304705837,37.49603,8,114.48408,46,0.67921,-0.2000162193789644,0.0090216512679858,1.431062716276874
1135.0,3.332426779971055,-173.6613216599311,37.92916,9,120.18698,15,0.24784,-0.2294400930980437,0.0041930348582775,1.433173931009149
1136.0,3.3313306224714268,-167.7391266761307,41.11149,22,117.81656,3,0.14697,-0.1801369122420528,0.0232808031593803,1.4341172434527585
1137.0,3.3150418494905893,-162.99680133754995,40.85998,2,115.04662,46,0.23181,-0.1754592269073307,0.0220832470200462,1.4482452105096533
1138.0,3.310847680891514,-172.94288161357412,41.62292,6,114.56949,28,1.90212,-0.2064524277914246,-0.0015062093597807,1.4519167970928284
1139.0,3.3165760555623476,-172.16134878575565,40.85208,18,115.74223,17,2.54454,-0.2204741565611164,0.0066383546135761,1.4469056406368561
1140.0,3.3236461281706813,-177.44807221454468,40.27434,8,122.18699,15,3.3053,-0.1740110402121104,0.0024543914439812,1.4407564615818853
1141.0,3.3547472003974024,-175.71664255808585,37.4506,9,111.26364,7,0.00966,-0.1894814771191617,0.0113782875226314,1.4141664618408136
1142.0,3.3503970160112497,1.375901513836553,39.7758,8,120.52283,44,0.03879,-0.2104966133682118,-0.0025974483335631,1.4178411777998403
1143.0,3.3550712814883967,-167.32966024878715,39.71734,9,109.99911,29,2.02248,-0.1497220615303659,0.0312895071175207,1.4138932739192926
1144.0,3.3367257044035945,-162.39428407664963,38.29072,6,120.44746,46,0.60244,-0.1423175019584586,0.0512827628281228,1.4294834043713143
1145.0,3.341863822642411,-166.77100846293516,37.76067,6,124.32248,46,1.26465,-0.1094042240652416,0.0538831217434019,1.4250911198369176
1146.0,3.354715097003231,-158.83407244824656,38.54996,8,114.67309,26,0.60353,-0.1148709764115339,0.0720377167049571,1.414193528079981
1147.0,3.362164716870304,-162.70283076103647,37.26548,8,112.59783,32,0.38436,-0.1358611550008987,0.0610356762028265,1.4079335535987405
1148.0,3.3488695545070044,-174.1958550423039,36.49703,6,107.68239,36,0.19764,-0.141552700757871,0.0327907922018777,1.4191348631369167
1149.0,3.3820073464370437,1.1526770512766262,36.66844,18,115.24592,43,0.03922,-0.1586841097897723,0.0291217197372707,1.3914609998814669
1150.0,3.368861285423055,11.511700285841584,37.41934,18,115.5432,28,1.92933,-0.1657257197136055,0.0102102436538399,1.4023417811711845
1151.0,3.351298803111715,12.14346825016787,38.77149,18,110.38456,30,2.78984,-0.1931618014442388,0.018142701015952,1.4170782384533989
1152.0,3.3553014363549187,-177.82244952140675,38.98395,18,112.63821,29,0.45934,-0.1341729408020243,0.0540574509528799,1.4136993102691675
1153.0,3.3562970605581124,-149.59800213553024,40.11493,18,110.72175,45,0.58932,-0.0856291271079535,0.130612014245158,1.4128607048304846
1154.0,3.354605415235389,-168.7519031417276,39.02147,3,114.78951,33,0.09105,-0.1218816866619147,0.07601076984517,1.4142860061885987
1155.0,3.3824276468263723,-165.2060589563542,38.41374,3,112.399,43,0.96307,-0.1991745439848701,0.0839717575036509,1.3911152155363362
1156.0,3.3683186237851843,-165.00854440431516,41.49289,3,117.11783,1,0.02466,-0.2008970238698575,0.0838118549722436,1.4027936733310573
1157.0,3.3686557371138814,-150.11759362473254,40.46124,3,117.44993,26,2.05859,-0.1831265469090876,0.1239228550312613,1.402512922302052
1158.0,3.367730024387211,-138.2265852275318,41.7408,3,118.99764,38,0.30332,-0.1807974911716585,0.1644606634780354,1.4032840663617216
1159.0,3.3856123422947855,-129.178405166048,38.69691,3,106.1815,33,0.23938,-0.1620591399411347,0.1952174761555561,1.3884993255926394
1160.0,3.3916516343201013,-126.32707007270568,40.15622,22,112.83938,47,0.70139,-0.1154725532676626,0.2019595943332386,1.383558908353505
1161.0,3.3591103427635165,-116.42385537104148,41.80655,3,119.65591,35,0.62522,-0.1363025685095616,0.2327501253387535,1.4104951311989866
1162.0,3.3868070392543212,-107.01320484698688,41.70813,22,109.36122,46,1.92204,-0.1151214419744086,0.2628207527757268,1.3875199114565495
1163.0,3.381243928736005,-102.48325286855516,42.78912,22,116.46615,26,0.69703,-0.1289801009313967,0.2913940277471474,1.3920893993103631
1164.0,3.4061657224045714,-112.37301636289652,40.27354,22,117.29949,29,0.49161,-0.138011997088613,0.2589545451353248,1.3717930029348373
1165.0,3.4284254218825208,-105.14464372312996,41.63692,19,111.82097,34,1.95366,-0.0997580320620459,0.2823236572800959,1.3540375806364682
1166.0,3.385185189213934,-135.1087734769713,40.58264,7,110.36431,16,1.30026,-0.1921292087842728,0.1855792527667356,1.3888497579331087
1167.0,3.402081621251145,-128.37438373477866,41.34296,19,118.3533,38,0.98422,-0.1557469308432955,0.2045615687917956,1.375088575971911
1168.0,3.4240103415907934,-132.54377467643835,40.84631,19,122.56902,41,0.31537,-0.1616137279043425,0.1935541946592958,1.3575317516910121
1169.0,3.4598834558303015,-133.65003825065256,38.05393,19,113.20288,14,0.78044,-0.126662387355356,0.1909691328313862,1.3295270920894422
1170.0,3.4496906003541565,-127.7983701788562,40.08937,19,114.7364,16,2.33536,-0.112655829862744,0.2056890254027667,1.337395448850487
1171.0,3.431597387305869,-126.24547230663204,41.45645,19,120.61741,18,0.4056,-0.0882859196654666,0.2043882156547434,1.3515355532132947
1172.0,3.4524109434545833,-125.63356348788952,43.92428,19,120.07275,46,0.83896,-0.0901417951447062,0.2045297637033988,1.3352886653978684
1173.0,3.424413669116035,-133.75342323371748,43.95946,19,121.55417,43,2.69894,-0.1296138012020945,0.1845094303879349,1.3572119902774071
1174.0,3.454351856117807,-129.04145515373546,42.61545,48,118.09177,33,0.11364,-0.0991580789068546,0.2085551657516112,1.3337885573090562
1175.0,3.4781188361651525,-132.31426817280988,41.78085,22,114.41801,39,1.40328,-0.0917381452629007,0.2013488665692955,1.3156225201455425
1176.0,3.486324758694075,-150.79218213010532,40.18594,48,116.20714,43,1.49784,-0.1562035268437918,0.1511455416399345,1.3094365266850572
1177.0,3.483283455276781,-140.83223378081885,39.76381,48,110.42849,30,0.03734,-0.1145419063702428,0.1688377024157797,1.31172409953194
1178.0,3.51313170337578,-142.64041163092085,39.32033,48,115.94656,15,0.73182,-0.1278599280529979,0.1682187114739604,1.2895294621942464
1179.0,3.500627846861037,-157.00172237155948,39.87661,22,113.03761,21,0.94139,-0.1662921273827836,0.1312364407267255,1.2987580285036593
1180.0,3.513065739583964,-160.229233178787,38.4011,22,118.40916,46,0.54631,-0.1671177145090456,0.1204350377482451,1.2895778888721876
1181.0,3.4983069565757177,-161.30536150132505,36.47383,22,116.01871,25,0.88077,-0.1740127548288804,0.1173233914832667,1.3004818765322177
1182.0,3.483297251317668,-171.8739603004934,37.1766,22,114.2507,18,0.3858,-0.2348894452710015,0.0959883195688164,1.3117137090529385
1183.0,3.4632532920141346,-177.18403847982836,38.7127,48,108.0244,32,1.2357,-0.236777159271408,0.0852811303639311,1.3269410214756692
1184.0,3.466016367282126,-175.36222754044235,38.51715,20,110.28194,21,0.28917,-0.1929660228678595,0.087033951191635,1.324826215251205
1185.0,3.491186290660565,1.8441463013386112,37.69116,20,118.51986,41,0.25676,-0.2348211058711991,0.0747068567362304,1.3057922437866498
1186.0,3.493275234436771,15.1240522085792,38.05162,20,110.19306,29,1.65234,-0.2431136523671862,0.0401107812083557,1.3042310092311022
1187.0,3.4838256598868296,25.46947404897459,39.77115,7,117.7269,40,0.7353,-0.273800754477412,0.0215799083367027,1.3113158313935294
1188.0,3.495784463587802,38.70811304922367,37.85115,20,119.33368,17,1.36253,-0.3217028502595543,-0.0106047957806314,1.3023593606887978
1189.0,3.4988241529161828,39.04254764678123,38.83621,7,115.4227,17,1.63885,-0.3013866341876178,-0.0128757972130543,1.3000974303721486
1190.0,3.488353357202343,49.659473866604856,38.61077,7,113.58023,40,5.00311,-0.3376388258255278,-0.0335764660367968,1.307914003969396
1191.0,3.4757352052622132,52.99238426272592,43.3945,7,113.65067,3,2.50627,-0.3726209043476315,-0.0361353415267169,1.3174276253205706
1192.0,3.476097148622354,64.58188729470919,40.1888,1,109.30582,40,2.47768,-0.4234888063324878,-0.0600712169790936,1.317153289284352
1193.0,3.497541033827116,69.19196944371521,37.56196,7,97.85186,2,0.582,-0.3613571470979492,-0.0793538840084536,1.3010515211526794
1194.0,3.462221221231822,72.21371754885743,39.70473,1,113.67682,41,5.46483,-0.2937121183642717,-0.0833218824497751,1.3277322483157215
1195.0,3.451523426042709,68.61640500828489,41.35465,1,109.49697,36,0.46868,-0.2545833517678766,-0.0659990837271016,1.3359754602766107
1196.0,3.431251008244147,77.51303517901971,39.90516,7,111.40872,40,0.38508,-0.2690787022039703,-0.0909890618083827,1.3518084375023423
1197.0,3.40365814866416,81.0602631064923,40.88032,1,111.65548,25,1.95974,-0.2709202500693966,-0.0991310742500614,1.3738150269383929
1198.0,3.4137746917220433,81.98403434393506,39.78916,7,109.48557,2,2.51794,-0.2389471996763568,-0.0978375748333945,1.3656846336086956
1199.0,3.4003971843053757,80.90236967117653,41.35972,12,107.57519,40,0.77131,-0.2102963363768086,-0.0950728720645914,1.3764512542531908
1200.0,3.4011964116096616,75.43612758467509,43.38939,12,108.70311,6,1.95029,-0.1304813542273147,-0.0743700709928337,1.375804441755727
1201.0,3.4048305416745492,71.65147723247432,43.05722,21,111.50859,40,0.9751,-0.115872216417886,-0.0620088853126437,1.3728690921461246
1202.0,3.392597937935821,70.5362407368973,43.5233,27,107.96267,25,3.27548,-0.1165096920527039,-0.0618888294683115,1.3827871787095094
1203.0,3.3823558436410557,80.40931650490663,43.6259,5,119.46144,44,1.09342,-0.1594204315504023,-0.0868995762118586,1.391174279436451
1204.0,3.348069418500793,73.34589051782604,43.97839,5,117.65674,42,2.11862,-0.1455421611969353,-0.066298015757199,1.4198132460753536
1205.0,3.3645931360214525,76.99321991152652,44.4531,12,121.38355,30,0.3144,-0.1501359608977942,-0.0744908969242482,1.405901914821612
1206.0,3.344795616952899,76.05935946168319,47.54502,5,118.89014,13,1.38244,-0.1516657942390475,-0.0739279429123513,1.4225939610123899
1207.0,3.359746033280918,91.3209443503976,45.75256,7,117.92512,38,2.63865,-0.1994179662217611,-0.1155561681651139,1.409961428028969
1208.0,3.3273750329549387,81.70857712515465,45.62214,5,121.35718,38,2.6852,-0.164094704730616,-0.0906544596231883,1.4375290326153845
1209.0,3.3723120601969168,62.51857751360484,44.27278,12,117.54656,17,2.9169,-0.1342796584719326,-0.044554081670546,1.3994733101175976
1210.0,3.3595248839850034,67.21342696931623,47.59992,12,120.31757,46,2.96836,-0.1425638291479078,-0.0491665030845884,1.410147062754564
1211.0,3.375467871191395,65.56047459337702,45.16577,12,120.09611,34,2.07503,-0.16012047155692,-0.0419842321917961,1.3968577268027722
1212.0,3.3883588513411587,58.12168339361304,44.62971,25,119.81098,39,9e-05,-0.1200355026175349,-0.0178407381398262,1.3862492803305797
1213.0,3.3695986538635987,50.32533791561971,47.80663,5,120.53635,35,5.80257,-0.0405204772215961,0.0058884698924915,1.4017281001136699
1214.0,3.382587556642277,53.82033114480296,46.76435,5,116.96075,41,0.20711,-0.0367566404029335,-0.0015861182133107,1.3909836903556114
1215.0,3.3686358233283964,67.71370740001618,47.238,5,115.31827,33,0.85119,-0.0625805015233136,-0.034324850665684,1.402529504340297
1216.0,3.3639117584595444,80.28868757416325,49.94921,1,119.47696,20,0.45863,-0.064071964730871,-0.0550763944825287,1.4064715177759324
1217.0,3.346624872761173,77.67452497092015,48.45919,1,111.47176,13,0.30048,-0.0652762905872646,-0.052809214910644,1.4210392142671402
1218.0,3.328434407394872,76.87775240290375,48.94515,1,113.25166,46,0.18938,-0.0683654603412758,-0.0524110844884935,1.4366141044683909
1219.0,3.3230759646716126,78.82492613499645,49.45936,1,119.80451,47,0.54598,-0.0938509607195991,-0.05818271247711,1.4412509054204172
1220.0,3.315844498403347,82.65219902409419,49.25253,1,120.93494,15,0.96667,-0.0674908930198947,-0.0612087813415814,1.4475441572773622
1221.0,3.3152895152234367,89.83934684381228,47.58494,5,120.8813,33,1.24237,-0.0843423611775357,-0.0790132904174694,1.4480288388701352
1222.0,3.3142434980796907,92.1604170571672,46.43477,32,118.37901,42,1.18584,-0.040347960542897,-0.0788866339329253,1.4489430155227365
1223.0,3.3064612464327534,91.45104077399614,47.55384,1,115.23994,44,3.44595,-0.0445546829106519,-0.0783235191838861,1.4557716508828928
1224.0,3.3217139613479585,91.52503062776734,47.22564,5,115.71571,41,0.47964,-0.0660759681386197,-0.080669683953062,1.4424330607707097
1225.0,3.3221997528323297,84.12364716514219,45.70747,5,115.0154,11,0.88835,-0.0613077361153852,-0.0665510813375609,1.4420112496106268
1226.0,3.377047895894457,81.95479799417018,44.96099,7,112.37836,26,1.6718,-0.0450288707629581,-0.0577990150349208,1.3955509325431428
1227.0,3.363254741811356,76.60535394125779,46.57924,7,113.25373,19,1.38625,-0.0695271797019381,-0.0474582416054699,1.4070210839153046
1228.0,3.339316569612338,77.84605185871749,47.30224,28,117.35139,23,0.17934,-0.1100792449248147,-0.0499741012455009,1.4272660871497744
1229.0,3.334506921832689,77.90428275386716,45.96809,22,122.56676,19,2.82576,-0.1739616871722167,-0.0586402571444125,1.4313863952284662
1230.0,3.3250555931184453,84.77224853992757,43.63607,22,121.46926,31,2.35793,-0.2179641279307613,-0.0805614671459678,1.439535269769585
1231.0,3.321612988133403,86.12865823122107,43.58398,7,116.12415,35,1.26502,-0.2823144391516928,-0.0873527255546882,1.442520758715774
1232.0,3.334309340193862,92.69219028856996,46.03878,22,116.15786,37,2.23484,-0.3148872459836006,-0.0986521919845844,1.4315560399856446
1233.0,3.3438550335356596,81.91296715606325,43.64052,22,114.56849,31,0.78801,-0.2781755916440775,-0.0641375385438852,1.423394388343403
1234.0,3.3644733875550075,93.09364404473568,41.39537,9,115.69363,8,1.52973,-0.3065508647939222,-0.0874742916226745,1.4060019944328441
1235.0,3.380685463914636,102.39098449349882,41.93537,9,113.98468,15,2.43262,-0.3889965156111131,-0.1085535371229966,1.392549363527188
1236.0,3.3877504405272227,103.73591449951444,39.8829,9,117.58658,31,0.52196,-0.4436939789456243,-0.1040968075508319,1.3867472419143942
1237.0,3.386197704276174,93.1392816052326,42.58332,9,108.76836,30,1.21486,-0.3797096330871643,-0.0765624999106707,1.3880193155422054
1238.0,3.363786758182406,84.79987432704718,43.7055,9,113.80757,43,0.05569,-0.3078046088398885,-0.0481571296394762,1.406576050321386
1239.0,3.3453212537751065,74.46623084422797,43.20161,27,108.90027,18,1.98999,-0.2556028561550508,-0.0172015451155573,1.4221469432431701
1240.0,3.369392204062729,80.21855960993722,42.10396,4,105.05789,15,1.71837,-0.2299847415041708,-0.0316750800742168,1.4018998790787038
1241.0,3.3849191804216385,91.096269406093,41.78079,25,116.20569,21,0.33056,-0.2742526499582907,-0.0600607795384607,1.3890680560630377
1242.0,3.396543324333727,109.3929504014578,41.99837,25,113.81549,30,2.59729,-0.3171542328307981,-0.1012834477452306,1.3795765845221466
1243.0,3.377273329199097,118.13222474374292,42.34654,9,118.71796,30,0.34359,-0.3864279828076993,-0.1198886868907471,1.3953646324555038
1244.0,3.3938027843269087,115.29570888879772,45.76915,25,113.07727,36,0.11602,-0.3868147845470406,-0.1133438577942073,1.3818055362787687
1245.0,3.406715304086526,106.47500760196876,44.68177,27,115.41923,41,0.61011,-0.3378794538196067,-0.0927368160074467,1.371350434990737
1246.0,3.404706962423317,109.11765279107138,44.37776,27,114.43885,17,1.24559,-0.3410161210222842,-0.0940860108530702,1.3729687548867515
1247.0,3.414742731190352,111.54632911191786,43.6181,27,110.90207,13,0.32563,-0.3528544873378251,-0.0939390716166711,1.3649104322472916
1248.0,3.409802701878788,101.193683060759,45.06434,27,115.98535,36,1.5978,-0.3424750774323581,-0.0616905837468547,1.3688681872561357
1249.0,3.4113250203594307,96.08399389299264,44.11177,27,112.14668,6,3.12397,-0.3360306741324999,-0.0450162171729478,1.3676467332097892
1250.0,3.4048896675664704,93.7255885989681,45.14964,27,108.50814,19,0.80112,-0.2913464281343175,-0.0386400203885107,1.3728214128303686
1251.0,3.4011924642181404,92.61917649143766,43.47349,32,109.41113,48,0.33197,-0.2172525152908649,-0.0337812213938683,1.3758076352485957
1252.0,3.405122267434472,95.23921434576252,46.93996,32,114.56874,18,0.62469,-0.1529836073578431,-0.0346320987663966,1.3726338676274559
1253.0,3.4122750625539604,98.55088269741664,46.77253,26,113.75657,12,4.56616,-0.1389870268111901,-0.0418996157618313,1.3668852815671362
1254.0,3.4075006415667928,105.79649131954947,46.77122,32,114.94616,16,0.77272,-0.1670969885441312,-0.0565014902270686,1.3707183888655725
1255.0,3.394018729478401,104.8343236774121,47.03796,27,112.49993,18,1.65441,-0.162442421281162,-0.0541880007339119,1.381629706540072
1256.0,3.40379718940554,105.30334690430831,44.83225,32,115.75931,17,1.29486,-0.163124853837755,-0.0552567837587922,1.3737027920737102
1257.0,3.383979813267301,96.12384469779668,45.57192,23,113.61199,19,0.73167,-0.0955766883295713,-0.0288276835960889,1.3898393526348538
1258.0,3.395077483259482,79.59622074464755,42.89633,2,115.42525,21,0.04476,-0.0642993882121551,0.0128069235935104,1.3807681193772852
1259.0,3.39766888185602,87.44651538123415,40.38732,2,112.40713,13,0.12151,-0.0893798976919478,-0.0043215091386828,1.378662701706162
1260.0,3.403324788682161,82.04630369376568,43.35384,2,117.75145,40,0.53681,-0.0667496557346527,0.0128065711357118,1.3740841739700178
1261.0,3.3727247894729495,94.81114275868808,46.92538,2,115.17196,22,4.96632,-0.0898415119461713,-0.0248585855666758,1.3991308165548424
1262.0,3.352236731253977,92.6239904065716,46.64868,32,115.16768,22,0.0462,-0.0984077199748486,-0.0210976138926755,1.4162853758198106
1263.0,3.349911123203944,71.86951379018691,47.7713,26,115.21744,17,2.73097,-0.0250458025375711,0.0313089836257068,1.4182525133651613
1264.0,3.335849634914322,84.23885199858012,46.23825,29,118.04729,22,0.76935,-0.0467736784373082,0.0040965442042648,1.430234332247402
1265.0,3.3203048742507235,80.99044904296645,49.54724,2,116.98542,35,2.42298,-0.0504104073101611,0.0142865731968709,1.4436576140425261
1266.0,3.331550968274577,81.23606404177585,48.13833,2,117.94864,38,0.16213,-0.012063887902038,0.0174552680518911,1.4339275472609283
1267.0,3.357032088215888,80.4655673851214,47.74426,2,118.33725,12,2.00558,-0.0270628382652554,0.019204989048313,1.4122420762456975
1268.0,3.341503815273751,75.01841455726588,47.41324,2,115.9876,19,0.38003,-0.0257594416384943,0.0338283782825985,1.4253982096801021
1269.0,3.3592179387401364,79.18643309258238,47.2155,2,106.41847,17,0.40505,-0.0323913793479504,0.029913169209783,1.4104047761381198
1270.0,3.3720643407365194,78.16687007690388,45.0494,2,103.88353,9,1.1958,-0.0160412495457658,0.0368531122691467,1.3996789346087224
1271.0,3.3657233026402795,81.26755394276421,44.60128,2,111.53729,32,0.00946,-0.0069218058614046,0.0305480024652607,1.4049579057608794
1272.0,3.3723701700348374,82.27094489225817,46.23633,2,119.02065,21,0.09522,0.0107524124947583,0.0294414379443876,1.3994250814460822
1273.0,3.3672937208934366,92.25784890016186,46.7566,2,119.29522,21,1.13885,-0.0217215790565038,0.0037171542383095,1.4036477396596727
1274.0,3.375064990221079,100.21795486703608,44.54846,2,118.7473,32,0.91728,-0.0264010337999566,-0.0160442879478469,1.3971912320755453
1275.0,3.3617547299406554,109.7556469107192,47.21261,5,118.87893,14,3.33229,-0.0506768794189543,-0.0372422368371576,1.4082769870731164
1276.0,3.3313006985304177,106.0887637070456,50.38395,5,119.25917,14,0.39731,-0.0769049504539295,-0.0281118577178596,1.4341430079432202
1277.0,3.2958363658930443,102.54487757487246,50.6052,2,121.92131,32,1.80922,-0.103980680629483,-0.0199010627158314,1.4651728040411118
1278.0,3.3073488075805835,92.77262723151776,51.16202,5,118.65602,15,2.56456,-0.0634049029750061,0.005750453169598,1.4549904130635687
1279.0,3.3178576877367454,103.93973979562716,49.42052,6,114.90669,13,4.51685,-0.0702084891472399,-0.017378047194955,1.4457880262995013
1280.0,3.3398612166099886,96.2548417109086,48.79389,7,106.70271,43,1.00886,-0.0589630214116163,-0.0003226193835117,1.4268006230150554
1281.0,3.3599321448424244,93.99033539215168,48.03968,2,118.30183,24,1.07012,0.0017908062256826,0.0116505391970879,1.4098052326987762
1282.0,3.3544369467529997,105.74220566500244,47.40362,5,115.64259,38,1.91072,-0.0732771667295054,-0.0189518658209428,1.4144280679438148
1283.0,3.3354037154493006,113.98201172073902,48.60564,7,118.06591,43,0.95502,-0.0872998560584259,-0.0406469865976384,1.4306167818788638
1284.0,3.339265533815988,99.65309064311256,48.94001,6,121.37781,21,1.51286,-0.0002764887582051,-0.0024727978816927,1.4273097148381164
1285.0,3.324169211966149,93.2559377076304,49.01657,2,116.7657,20,0.69118,0.0443704854040794,0.0145344606157256,1.440303068860303
1286.0,3.340374741850962,100.5820016922896,48.15482,6,118.31266,27,1.2312,0.054093908930332,-0.0014231714683596,1.4263619645587453
1287.0,3.330894474199304,111.0267299975324,47.78971,6,111.01859,27,0.66054,0.0058335486141092,-0.0275640130332766,1.4344928354826898
1288.0,3.33406003821535,96.2908785870871,48.11182,5,116.82209,37,1.01028,0.036873452154354,0.0092484202402108,1.4317701351681658
1289.0,3.33078223822135,106.141060052517,47.9761,7,117.14936,38,0.3736,-0.0353453605873742,-0.0178027871714683,1.434589512123399
1290.0,3.3573053819144536,102.2312437064616,43.94682,7,110.6789,3,2.12852,-0.0336743482354198,-0.008615933377121,1.4120121649880548
1291.0,3.34793221762159,111.16118730126912,42.35347,2,113.40344,41,0.39944,-0.0870665088950184,-0.0304645156932178,1.4199296185730765
1292.0,3.343423785253165,115.69199821342434,42.86374,5,117.53049,40,2.84487,-0.0827093135730753,-0.0400737135801236,1.4237616023206077
1293.0,3.3550022262639607,120.03647408469944,43.58216,5,121.16923,29,1.01052,-0.0927728072992093,-0.0513842420715024,1.4139514781859912
1294.0,3.360633658313601,130.1017046632548,43.43736,1,117.26826,21,2.97225,-0.1407305729924226,-0.0764792265694696,1.4092167162229061
1295.0,3.3853149364678714,137.04929623471304,42.08665,7,119.11622,10,1.21432,-0.1635915567907044,-0.0923578832413843,1.3887433004882928
1296.0,3.3895501302089968,151.8389305987318,41.71767,7,121.36099,38,1.40931,-0.2032827276496121,-0.1312796455029433,1.385275039377872
1297.0,3.396069186505102,158.1353737773119,41.47551,1,119.7766,43,1.26191,-0.1994106182764151,-0.1442467611569665,1.3799618270314165
1298.0,3.363188981063992,140.71686126766502,41.28003,7,120.23495,13,1.79223,-0.176222730015204,-0.1000427498414614,1.4070761076818241
1299.0,3.3690047453248435,129.01795833830445,40.35261,5,118.59202,13,0.31419,-0.1935317877825806,-0.0754848019996726,1.4022223538945486
1300.0,3.3699547405904977,141.35407409738562,43.06317,1,117.46659,19,2.72534,-0.1919131950751083,-0.1012449794346369,1.4014318881827008
1301.0,3.3605048898799317,140.2506368161957,44.00879,6,118.2973,43,1.28661,-0.2313803429990824,-0.0992756069675257,1.4093247155336373
1302.0,3.363431541732842,149.76048971375909,43.34556,5,123.70707,19,0.33539,-0.2833311420124121,-0.1206849846277511,1.4068731667206358
1303.0,3.3731888217521173,151.31910561270325,43.89507,11,118.13852,27,0.33155,-0.2993389329576957,-0.1200345350505539,1.3987459005364817
1304.0,3.3714655548535077,148.37926202359154,44.29008,5,115.2499,28,3.1979,-0.2714107844896599,-0.1130482657581803,1.400176156009229
1305.0,3.3857154242716745,135.45811436320025,43.51268,7,116.79213,10,3.01089,-0.2120658310800142,-0.0769313442577918,1.3884147779809304
1306.0,3.3978106660899328,146.80640670981413,41.82391,1,114.91129,24,0.41729,-0.2293526840454322,-0.1057898824429655,1.378547646115464
1307.0,3.383173052897803,135.12072035627742,42.95352,1,111.65951,13,1.23624,-0.085077252275467,-0.0656997151956165,1.3905022811828893
1308.0,3.3917843830402905,139.02285904661002,43.61552,12,117.83638,14,0.22644,-0.0851344592183223,-0.0751035234952397,1.3834506101485096
1309.0,3.372228415808931,129.44279201106195,46.35695,5,119.25028,20,0.18798,-0.0697450412541629,-0.0458042421787468,1.399542735747087
1310.0,3.4091277020882087,137.82084721966547,44.88028,5,117.93912,27,0.32005,-0.1167174693677931,-0.0693448645564739,1.3694103067037207
1311.0,3.4118868797582684,128.6076496648784,43.80949,5,116.7399,17,2.04073,-0.1668861610799805,-0.0472011853302685,1.3671963302934942
1312.0,3.4354756440362806,133.06430380143723,42.47522,30,119.17367,16,1.1064,-0.1618815750063057,-0.0562514786667871,1.3484858193099123
1313.0,3.41876611681853,125.23378026065332,45.79746,30,123.18261,43,0.17017,-0.1255098795755949,-0.0351315727104039,1.3616997243784787
1314.0,3.437389760518128,135.82472236675545,43.76785,30,120.56243,27,2.62764,-0.1367977862434724,-0.0625381020405833,1.3469844240939892
1315.0,3.4621511991484586,140.5045836618653,44.04689,1,117.01756,33,0.18203,-0.1700045880119177,-0.0722988482924931,1.3277859556860785
1316.0,3.44888742500206,146.82010492184375,43.2768,1,116.63353,39,0.82805,-0.2028273604765972,-0.0922217956022748,1.3380184254823366
1317.0,3.4374711089599925,139.03131322005902,43.15156,7,122.08588,33,0.05364,-0.1725237171832218,-0.0724193495394652,1.3469206715363187
1318.0,3.416338153053104,132.0126369260793,43.65683,30,116.30697,19,2.31074,-0.1326473594210567,-0.049670820805054,1.3636359100086355
1319.0,3.382987640213799,129.54380988548485,45.16588,7,118.51605,21,0.33672,-0.1001583291134416,-0.0418213889716078,1.3906547049293632
1320.0,3.379300558366556,129.74454831401138,44.919,13,118.29563,43,0.37428,-0.0724334760618703,-0.0391996290718326,1.3936909870586984
1321.0,3.388448049558809,133.0272496946233,44.02117,1,120.66588,23,0.08939,-0.1125068002313992,-0.0549468574693739,1.3861762974571763
1322.0,3.4119636327697767,121.64883399564252,42.36372,5,118.76605,19,1.4717,-0.0591364511041287,-0.0266225234891482,1.367134820109517
1323.0,3.420967575867215,114.53812564320415,42.05021,7,117.45487,12,0.88491,0.0011040545144479,-0.0011723914569143,1.3599477278652887
1324.0,3.42409862841821,126.43671099725668,43.70249,1,119.71705,38,4.19972,-0.0376008106610563,-0.0275844514731229,1.3574617475005093
1325.0,3.3709988520629532,121.2295084900202,46.33181,7,114.32599,23,0.93328,0.0003215282365508,-0.0102610056844991,1.400563881655535
1326.0,3.362099320933137,121.58514679517418,45.86437,5,113.88531,23,1.2084,-0.0198689671459592,-0.0108628012842131,1.407988325347503
1327.0,3.364620756792866,128.69994927507042,46.26213,1,121.36633,18,2.25898,-0.0376297106177996,-0.0274431706824527,1.4058788323176177
1328.0,3.35588013296549,138.2441108436928,46.21385,13,119.7631,35,0.08909,-0.0822282790386217,-0.0482252733731733,1.4132117884096764
1329.0,3.331364148625384,134.7625105604386,46.70741,1,120.40105,29,1.08414,-0.0305762721117546,-0.0385260179623954,1.434088378284367
1330.0,3.309067136358955,135.98211901282966,46.83948,1,118.57864,28,1.85506,-0.0344995447341122,-0.0426463520347742,1.4534797137287137
1331.0,3.2966085978712507,132.75834256190757,46.78208,1,120.69165,37,0.24953,-0.0014976039937989,-0.0322561027330561,1.4644864497241938
1332.0,3.3000120612230637,130.99104231347104,45.334,1,119.34271,39,1.12629,-0.051812702901589,-0.0297964952051604,1.4614672148976315
1333.0,3.3014569258306765,131.48183910833282,45.15824,1,122.83879,45,0.22162,-0.0280991076010653,-0.0305862297719256,1.4601882885136488
1334.0,3.3110104968038954,137.70485384967307,45.32927,1,118.43586,19,0.81909,-0.0442476987155377,-0.0450404102902645,1.4517740072430285
1335.0,3.327304751110268,133.861184841236,42.23201,3,118.68158,9,1.42852,0.0018461028262268,-0.0279689355234753,1.4375897624052751
1336.0,3.3381872794277996,144.77046127061612,43.38642,1,117.57875,18,2.95806,-0.0437248205393832,-0.0546290478592521,1.428231922843868
1337.0,3.310457318589206,147.01085718379613,43.0863,1,122.6941,17,0.29053,-0.0475237820868307,-0.0586001760573045,1.4522592313522138
1338.0,3.316035853160987,141.0861285724552,42.70298,43,116.29361,29,2.18907,-0.0186796412331939,-0.046002136939014,1.4473770984869565
1339.0,3.3337658595571567,140.2024209632412,39.91538,31,118.02274,45,1.00257,-0.0593160325024568,-0.0464342657450404,1.4320228312593606
1340.0,3.2991830920170937,146.6924382174528,42.1328,1,112.97399,16,1.53822,-0.0883791889744043,-0.065804514901022,1.4622017382557355
1341.0,3.2840521741318915,145.26724206273906,42.5305,3,117.23409,35,1.83131,-0.11871787320441,-0.0642900697171842,1.475706653087669
1342.0,3.3047307012097007,151.21308508707983,43.50539,3,115.60766,35,1.30577,-0.0970973318023824,-0.0790084101540075,1.4572966999855452
1343.0,3.3281678334861926,158.03917145980097,41.85162,3,118.70012,46,1.24065,-0.0876315542956879,-0.088070618805664,1.4368442486157087
1344.0,3.3318508715820907,159.72690943817662,43.03544,43,114.6352,41,0.0762,-0.0930176383551145,-0.094584959131289,1.4336694203059237
1345.0,3.3237750437300484,171.98343936656818,43.22171,3,116.46101,30,0.59225,-0.108095049113191,-0.1222685522591039,1.4406447017180275
1346.0,3.3031968669732117,178.9443737073575,42.83986,32,120.69716,25,0.86773,-0.1066800546685976,-0.1412967799057506,1.4586504010387757
1347.0,3.2994073875811045,-5.729015488037376,43.1591,3,117.30319,14,0.67614,-0.1830602914955969,-0.1607784176597048,1.4620029424252
1348.0,3.2827281815192446,178.9945699860619,43.66161,3,118.85279,37,3.14657,-0.1757416566052582,-0.1431457876783643,1.4768972595638388
1349.0,3.2800858567075797,-9.616860527649068,44.05312,1,111.88146,34,1.81534,-0.1995919371663079,-0.1675007790688216,1.479277693662631
1350.0,3.2821933851771865,-16.456172655048405,41.60916,3,119.86007,18,0.28935,-0.1819073026351904,-0.1817085972161737,1.477378586229885
1351.0,3.282631277480247,-17.310157264101605,43.81897,32,117.39784,25,0.87212,-0.1978367974269088,-0.1849310320096777,1.4769844575522613
1352.0,3.3048477734585577,-17.314643709603814,43.63267,3,116.14174,22,0.04976,-0.1983822203643481,-0.183349913780032,1.4571934540923885
1353.0,3.295120584716425,-29.19954400862698,43.77273,1,119.91982,44,1.80103,-0.2597984757574308,-0.2172851564725442,1.465809416263974
1354.0,3.274734481789655,-11.982768981380488,43.2236,12,116.6013,9,2.39035,-0.2815054444140143,-0.1728215527882161,1.4841163379286606
1355.0,3.3095441144887214,-14.291816407886287,41.30657,3,114.34379,46,1.50611,-0.285049810103839,-0.177169156894195,1.4530607871012284
1356.0,3.31721318119018,-19.23074820833294,40.56191,3,105.20829,18,0.15046,-0.3437409395933425,-0.1918370854031733,1.4463498897188012
1357.0,3.321365416715716,-24.356401927906063,42.34758,1,112.20936,40,2.74961,-0.2982784771957656,-0.2032518131487601,1.4427358149799425
1358.0,3.297991699156196,-22.641229326869137,42.11467,7,120.06553,9,0.03746,-0.2668058110278833,-0.186620526367665,1.4632583639408976
1359.0,3.278212089001139,-19.110053149735748,43.53749,7,114.49146,29,0.05775,-0.2419000122896344,-0.175743120341282,1.4809692345747258
1360.0,3.2653783014724422,-21.803529322505156,42.50908,3,118.18276,16,0.21509,-0.2833494305312682,-0.1886534587497542,1.4926333009550299
1361.0,3.2678625690704353,-21.46559341582727,43.06799,1,111.39185,46,0.64703,-0.2959968909033547,-0.18676407305949,1.4903647287638455
1362.0,3.2527324023974575,-19.345087855718873,44.69855,1,109.30627,25,0.59037,-0.2739490319690941,-0.1778634203652866,1.5042619134441804
1363.0,3.25758625675649,-25.30865390612543,43.3901,33,95.67839,35,2.49562,-0.2973260836331847,-0.1933367253442671,1.4997825056742402
1364.0,3.2434396982801523,-15.416505180788974,42.33976,12,101.58629,18,1.96086,-0.2891576790200484,-0.1685232883474812,1.51289391351071
1365.0,3.213110432118145,-9.168375298138798,42.53943,2,106.84197,46,0.12219,-0.2916510525623205,-0.1492773016785304,1.5415897970471204
1366.0,3.22253092632753,-8.932631397585723,42.96008,2,110.00936,36,1.76451,-0.3271300744309624,-0.1487779364109228,1.5325898457269804
1367.0,3.224085615283874,-14.22795803577273,44.49546,9,113.22904,25,0.01937,-0.2892738016365453,-0.1541047313673705,1.531112139294815
1368.0,3.2290816868518073,-1.1430477485872927,42.82445,9,116.24853,26,0.07726,-0.2768369489328499,-0.119616158428506,1.5263778966611732
1369.0,3.2316575076198175,-2.099446726686864,43.7017,9,115.98011,24,3.59058,-0.274762591364351,-0.1235070563958127,1.523945640774819
1370.0,3.238167398698816,-2.684866689316024,43.8572,9,112.40706,46,1.49631,-0.3142907636820463,-0.1223528012781272,1.517824432826956
1371.0,3.2243982940641085,-2.0192293855413226,44.26092,2,114.38131,48,0.04057,-0.3124467137321888,-0.1241014999411887,1.5308152013735132
1372.0,3.2246601010707656,-4.313588993007002,41.35805,4,118.42062,26,0.31449,-0.2909072604143899,-0.1314339614033211,1.5305666406795717
1373.0,3.2553231343128948,-10.601439617615071,40.01723,4,115.01526,46,0.62023,-0.3585490452075441,-0.1498202786050586,1.5018685482213698
1374.0,3.264197823523641,-12.056064455772995,39.57629,4,115.19666,27,0.98728,-0.358124712250393,-0.1482550733786835,1.4937131002839403
1375.0,3.273423095113579,176.8673175366155,38.51539,2,119.69756,5,1.07492,-0.2936881271657034,-0.1122804509118292,1.4853056985365425
1376.0,3.2844284916146407,-0.5929820384296534,36.33914,2,118.23071,47,0.60838,-0.3325532298933388,-0.1188585415001948,1.475368510606973
1377.0,3.2766450636274276,-1.7755999590921334,36.97519,2,113.3139,27,0.25535,-0.3069877406739303,-0.1193362472102815,1.4823860931320738
1378.0,3.277906136655474,-7.63986685066061,36.3228,2,112.23566,41,0.12529,-0.3073484268602452,-0.1310694906107149,1.4812457081149861
1379.0,3.2854627456640504,-7.903397986987628,38.07815,10,116.7222,48,0.89273,-0.2884570284807352,-0.1304704582056107,1.4744397734401107
1380.0,3.251193488267867,-3.1879954917557285,40.83035,8,117.03165,36,1.28589,-0.291784448861678,-0.1237823644000656,1.5056862997773586
1381.0,3.2615215183474286,167.0072198739959,39.58773,8,118.26795,39,0.31463,-0.2497482042800924,-0.0842123525698506,1.496165496962677
1382.0,3.2763002388745397,166.80645910827695,39.46126,10,114.37941,27,0.239,-0.2181636223956408,-0.078964887422068,1.4826981465340803
1383.0,3.2677227174800993,176.18555993732502,38.37795,10,117.56818,27,0.40223,-0.2356408415984307,-0.099923361642959,1.4904923003821848
1384.0,3.2922364003061735,166.22451475402931,37.30065,4,116.23891,27,2.97339,-0.2490139032628276,-0.0802070006745429,1.468378804356827
1385.0,3.285882226021317,171.7446924733892,38.92693,10,113.66574,27,1.10332,-0.272888660027911,-0.0966936477470024,1.474063339349542
1386.0,3.2860563334825015,168.44536764109515,36.5767,8,113.24331,26,0.4519,-0.2310192993622014,-0.0827319788195358,1.4739071407938384
1387.0,3.311943498601106,158.68277739434507,38.2315,4,109.75194,29,0.76598,-0.1815178480198727,-0.0559404169356041,1.4509561690338497
1388.0,3.3008171417633356,164.4787639591642,40.13678,10,108.90411,18,1.74235,-0.2079442287765305,-0.0638653692091954,1.460754388178547
1389.0,3.3024295938174246,171.8394571664896,38.80881,10,112.56496,43,0.13143,-0.1632849092172996,-0.0738058273175548,1.459328273664284
1390.0,3.3005527886798345,167.5856135081013,38.4808,10,112.52181,18,0.59068,-0.1111046195697591,-0.0616687908934348,1.460988391641447
1391.0,3.310367810928052,174.61900831474884,39.22002,2,113.84386,44,1.19152,-0.1167397404225562,-0.0698143845473898,1.4523377664830286
1392.0,3.332174073700229,169.17730489083945,38.03435,2,120.08986,44,0.95654,-0.1571555325117391,-0.0566072927132002,1.4333913180752433
1393.0,3.32521116413123,156.18702760346957,36.96994,4,118.02345,40,0.42407,-0.1771691007930455,-0.0287772475273512,1.4394005747321756
1394.0,3.3538804194294176,156.47212443843438,35.87372,2,113.40529,25,2.78944,-0.1932995112170065,-0.0297999009365936,1.4148975141244118
1395.0,3.351255445014179,172.0851559571796,37.92792,15,121.56813,27,0.82685,-0.2980133256092425,-0.0680377820392283,1.4171149066304145
1396.0,3.311820510755736,173.3108926288008,39.32274,2,116.84713,41,0.57969,-0.2613599517295616,-0.0696731914135548,1.4510639365205464
1397.0,3.305661670173804,173.73235552242687,41.58613,2,117.64221,20,0.80627,-0.2154608375962515,-0.0678730008094505,1.456475982627252
1398.0,3.297342915443663,173.3913158638087,40.92504,2,114.79187,40,2.27937,-0.1897813612561189,-0.0631294693997912,1.4638342407082088
1399.0,3.32614595397133,166.46647470327673,39.40276,2,118.89266,41,0.77641,-0.1497758908692865,-0.0393597959953251,1.4385916216826888
1400.0,3.3259239894346915,162.93272230345315,39.63727,8,119.21433,11,5.7048,-0.1163985077390712,-0.0301366535114954,1.4387836446988205
1401.0,3.3381523591399125,167.4898871890931,37.02259,2,118.04923,24,1.32086,-0.1391553094331336,-0.0449460010168984,1.4282618043623945
1402.0,3.3286767590347512,167.3032686672141,37.59429,5,109.55677,30,0.88945,-0.1343291483580498,-0.0424555322211904,1.4364049203782514
1403.0,3.323176913413865,156.53883894950417,37.98486,2,118.46809,24,0.00785,-0.0672126347387241,-0.0074820989620212,1.4411633444748897
1404.0,3.2955519086479983,167.02481855223635,39.9378,2,112.54904,46,0.04307,-0.0966078080369406,-0.0346538185518746,1.4654257492339986
1405.0,3.284846116389573,168.27113158012298,40.61806,2,122.90681,33,2.07641,-0.1611058391893767,-0.0437805896067509,1.4749933872357943
1406.0,3.2830218971102028,176.60777539567425,39.62659,8,116.19029,6,1.14381,-0.2133555944897371,-0.06406304140195,1.4766330101250238
1407.0,3.3083237131309793,172.72832477056335,37.70701,2,118.94848,14,0.49175,-0.1914416593291201,-0.053607843930443,1.4541330185931378
1408.0,3.310903372217959,176.85935189016848,38.80153,2,121.29357,18,0.98988,-0.1764253070692192,-0.0629479421013576,1.451867953328346
1409.0,3.3302457869530935,-7.1151415457494664,39.89412,5,120.59048,47,2.72212,-0.1854725268658097,-0.0804790886948064,1.435051729867538
1410.0,3.3699128348715734,174.6420840551573,37.3852,2,117.8139,23,0.68104,-0.15090402659244,-0.0490815994272479,1.4014667427197907
1411.0,3.3508849771626363,-6.766436267558788,38.53523,35,119.01769,23,0.65919,-0.1735898622164493,-0.0849996624358157,1.417428271332402
1412.0,3.3156808163190146,-2.248591798956795,39.42869,2,121.26137,20,0.51431,-0.1371910722970459,-0.0659414420773184,1.4476870798964414
1413.0,3.334448106102346,-21.368709248098185,37.42843,5,118.26748,24,0.21169,-0.2038130335625292,-0.1184144191495519,1.4314368916081057
1414.0,3.331652145237262,-8.474176147495797,37.31886,2,114.14467,13,1.74085,-0.2010642429836587,-0.0826748620038052,1.4338404563974847
1415.0,3.3533942878492935,-15.666542020112814,36.15995,2,109.47037,24,0.66112,-0.2237139427330152,-0.1001838653073215,1.4153077708143675
1416.0,3.326455225215274,-26.528163914907793,36.43907,5,103.30422,30,0.09209,-0.3029460429252933,-0.1291378048175481,1.4383241331354792
1417.0,3.353320800477127,-4.2964221037766634,35.41912,2,114.50272,13,0.62422,-0.2441608101647606,-0.0690173135102973,1.415369803882315
1418.0,3.3282053842891033,-13.4575008848891,36.08934,8,107.62368,27,0.3279,-0.2124828778439235,-0.0907684198924133,1.4368118261269565
1419.0,3.294479397154172,-13.11086603904775,36.98208,5,112.88066,41,0.01028,-0.1814490674136894,-0.0888196594672382,1.4663800376660014
1420.0,3.3048500673528083,-10.393567214043417,37.57243,8,112.51013,42,1.38777,-0.1540716454084985,-0.0788194261308718,1.4571914312190615
1421.0,3.3029287017257047,-21.18082104761615,35.20369,5,107.44557,26,1.29412,-0.1922693581896222,-0.1067456078830224,1.4588872667178667
1422.0,3.295422044226058,-24.60495674602184,35.33971,8,114.86246,22,0.99673,-0.2172980556114759,-0.115075251822679,1.465541249109295
1423.0,3.2865944990239666,-6.291858756314923,36.93359,10,117.719,9,0.98641,-0.1654523255222581,-0.0685978157079713,1.4734244885574805
1424.0,3.274715858085986,-4.2448747452421856,40.04985,16,115.78893,46,0.71337,-0.1856496829358958,-0.0617303417693359,1.4841332186735443
1425.0,3.2575233480322674,-1.401712534647416,41.18354,16,124.05151,48,0.68153,-0.2401450198300238,-0.0562918409649773,1.4998404333112778
1426.0,3.2589035798215504,-8.165476051666289,38.20598,8,110.05389,4,0.0637,-0.3121921009750945,-0.0759227718835836,1.498570258224857
1427.0,3.2597611816687726,-22.2614059541245,39.46469,16,111.26871,29,4.64232,-0.2919064742736973,-0.1088339970598736,1.4977818522692108
1428.0,3.257058374806112,-29.214317297509496,39.14842,16,99.61376,21,1.5995,-0.3267142161748267,-0.1312414266509058,1.500268694241019
1429.0,3.261903940792885,-21.12911251565589,39.67653,16,99.50654,20,0.1598,-0.3447921857581318,-0.105854461339449,1.4958146995521013
1430.0,3.260010352229071,-25.309463420989715,38.91751,36,99.85516,26,0.0359,-0.3495106635527215,-0.1131401113584784,1.497552902762553
1431.0,3.28337927653784,-8.636775008489053,37.30346,36,111.73686,47,2.95591,-0.2881225723323255,-0.0626143370042086,1.4763115793698192
1432.0,3.263886835824543,-4.095170121950062,37.62568,36,114.97836,19,0.27124,-0.2590523017018868,-0.0513300726016707,1.49399775998809
1433.0,3.2681052104410897,-1.0747979521852642,40.49404,36,114.69938,21,1.315,-0.274459223208302,-0.0347937269221246,1.4901434319004732
1434.0,3.284367397678756,-0.4636751183747236,40.03921,3,117.77604,26,0.05727,-0.2374042153040687,-0.0282777519263106,1.4754233990506878
1435.0,3.2800089469723233,-18.273889129756853,39.47331,3,115.69761,44,0.61896,-0.2422932323779491,-0.0753068354787979,1.4793470667597663
1436.0,3.2986295908128014,-5.066557250309671,38.45605,13,108.88628,48,1.93974,-0.2156420447915233,-0.03825836242343,1.462692486490721
1437.0,3.287482556949454,-8.36199249239695,41.0488,13,106.67572,26,0.07512,-0.1692398336975513,-0.039310284703061,1.4726285545628433
1438.0,3.293612214935453,-7.346510760961706,39.85957,36,95.75583,24,1.28883,-0.2007453498913385,-0.0436507752339228,1.467152312005031
1439.0,3.3147957524524125,-15.62940480532592,36.98923,36,94.47431,41,0.60356,-0.2058579076596561,-0.0556202302925518,1.4484602597095009
1440.0,3.330872199245653,-6.131394325321324,37.50698,6,100.84961,40,0.09093,-0.1854049456891616,-0.0298295117330498,1.4345120216695826
1441.0,3.3550444777865907,-8.806489026070295,36.78011,10,101.89842,34,0.38802,-0.1630609342188424,-0.0318482272838945,1.4139158654082187
1442.0,3.3251174282161613,-1.132891709456601,36.34218,10,115.47653,20,0.53657,-0.1750552524271945,-0.0207146420316365,1.4394817300204925
1443.0,3.346074515767887,174.29353350537346,35.32185,10,110.83444,30,1.79011,-0.1553597499335496,-0.0009558486923116,1.4215067132323675
1444.0,3.3719984448212736,163.53794296331182,37.81625,10,112.42752,25,1.27619,-0.1497500698871832,0.0343951681091848,1.3997336404617469
1445.0,3.3523465675769226,173.77475888007467,37.93273,3,114.51865,8,0.6056,-0.1785143882377619,0.0057868232214157,1.4161925709582561
1446.0,3.368695091675037,-4.973185215512544,38.06937,10,121.03462,30,3.75352,-0.1970856876931561,-0.0160546031858554,1.4024801529616027
1447.0,3.3439883332423896,177.08298544834224,39.31587,10,113.51087,21,0.94567,-0.1658464488163239,0.0041124564187909,1.4232809105116022
1448.0,3.321482462525857,163.20733524148048,37.97437,3,117.43196,48,1.0006,-0.1177319689496414,0.0432663942902197,1.442634135558871
1449.0,3.3280465415320153,161.0489940053051,38.58479,3,117.87898,1,2.97704,-0.1010934077864252,0.0503375205224481,1.4369489832222695
1450.0,3.3497590902579577,173.38722288754923,39.08062,10,118.6152,21,0.0705,-0.1655228811619122,0.0173831269226113,1.4183812545641936
1451.0,3.345729216607416,170.5582254475304,37.79243,10,118.31013,16,1.37854,-0.1516630158829584,0.0221229652534995,1.4218001442735362
1452.0,3.337660543595447,154.8299844529119,39.66585,10,113.8375,5,0.39383,-0.1301030840076207,0.0607417759849424,1.4286827537677207
1453.0,3.3440691672510745,174.72585784313424,40.14254,17,117.7915,23,0.38491,-0.2017831205536138,0.0113627659498467,1.423212103255999
1454.0,3.351132803923488,170.76553002807424,38.15419,3,109.2853,23,0.58557,-0.2072748073106892,0.018449093695313,1.4172186325691702
1455.0,3.3593919164939368,-11.27182107240658,39.24737,3,119.08938,44,2.64672,-0.2761238363761373,-0.0317433076013569,1.4102586945215065
1456.0,3.3555335367237933,-16.292917397924654,40.44335,3,115.01261,8,1.03649,-0.2904656719249137,-0.0399125387393698,1.4135037474593444
1457.0,3.353027109779815,-13.793598325254422,41.78519,7,105.62742,28,2.19808,-0.285174574917167,-0.0324133807164249,1.415617758423531
1458.0,3.3619892209769624,-17.769881633640253,38.7556,7,113.98965,5,0.41276,-0.3031245114836655,-0.0394007561913488,1.4080805457450414
1459.0,3.3598993026177,-10.743214428486212,39.74043,7,119.43149,24,0.10816,-0.2827759856849162,-0.0254305792837376,1.409832793862008
1460.0,3.3650210126211575,-15.316821326756056,39.77978,7,120.48345,43,4.13118,-0.3037911253025988,-0.041349712202663,1.405544404848505
1461.0,3.380255075484973,-18.160246243119488,39.18497,7,119.52972,5,0.96789,-0.2912930101521967,-0.0442455242268681,1.3929039966986418
1462.0,3.370930060574249,-33.35800669723262,41.01385,11,117.60778,25,1.05415,-0.356306099158807,-0.0875779581693474,1.400621045616698
1463.0,3.355497342783838,-35.56531894022975,42.14681,11,124.14538,5,0.01396,-0.3489723529862791,-0.0913313170798561,1.4135342410288247
1464.0,3.3822770305172805,-48.12405584649712,38.98344,11,118.27869,26,1.24883,-0.3954130981308628,-0.111396898574792,1.3912391139057307
1465.0,3.3826554786182306,-48.34561653861723,40.96984,11,118.69406,23,2.60927,-0.3746726088991818,-0.1113208348556344,1.3909278304474255
1466.0,3.3795968812875867,-46.75727916859531,37.73355,14,111.76319,24,1.31157,-0.358225538121352,-0.113096994978711,1.3934466002317147
1467.0,3.398697042301692,-44.728727316744006,36.19748,4,106.83252,29,0.37809,-0.3192530172462919,-0.1018469045568311,1.377828692652712
1468.0,3.399697845449074,-58.273653169216104,37.76833,4,115.20401,42,0.21189,-0.2735570440955067,-0.1321383769750216,1.3770176015561892
1469.0,3.4034022492152465,-54.353068679325666,42.34255,1,117.69832,23,1.07168,-0.2557091207406377,-0.1203856340582906,1.3740216270986318
1470.0,3.4001391236153733,-67.21858883033133,40.24391,1,106.22928,23,5.73418,-0.2835272498724437,-0.150307535128267,1.376660199491688
1471.0,3.412860021690694,-56.77436160605071,39.08776,17,102.28402,26,0.93076,-0.290414905927533,-0.1233739626861002,1.3664167575101818
1472.0,3.437738637826617,-69.69256975189326,35.34293,1,102.74372,29,0.19886,-0.3158679508796767,-0.1509687594151979,1.3467110417897892
1473.0,3.465040244133969,-71.07643148511669,35.70024,39,116.45159,46,0.27547,-0.3215449573167935,-0.1500038958600099,1.3255727437733293
1474.0,3.4698279713851545,-66.41259569131134,35.54212,12,117.91898,43,0.09374,-0.3031198231977369,-0.1353962266651022,1.3219171721943237
1475.0,3.4509900456055487,-86.28476987661797,36.56952,12,112.07602,3,2.06413,-0.3892137615241879,-0.1838237426160396,1.3363884653757707
1476.0,3.452880555504134,-84.41368059422342,36.43297,8,106.88691,15,0.68862,-0.3554671723754409,-0.1756765402274897,1.3349254758844304
1477.0,3.463222973842674,-76.84845329917495,37.53505,12,104.74501,21,0.89774,-0.3713330591950559,-0.1572118438798817,1.3269642545171485
1478.0,3.489207243130869,-78.5664501838369,36.91572,12,106.75925,23,0.41848,-0.3835150288137976,-0.1621816028923673,1.307273931522008
1479.0,3.507494032982716,-73.33212261302727,35.3363,4,109.29433,43,0.08503,-0.3556827418981551,-0.1545949676682336,1.2936781703993014
1480.0,3.506700318083857,-80.52626054976878,37.32811,39,115.27402,36,2.28832,-0.358001265285662,-0.1661416230944343,1.2942638650698006
1481.0,3.520026585163634,-55.024814732456264,34.95903,39,116.37138,38,0.86347,-0.2441937675494774,-0.10377111780548,1.2844826563374232
1482.0,3.542410263619231,-58.765783708014325,35.9152,39,113.21456,48,0.39656,-0.3065147403244722,-0.1165069552855419,1.268301238755845
1483.0,3.552138857029745,-50.04405900474288,36.87999,39,109.38078,36,0.03036,-0.3325999189178472,-0.0898152393572303,1.2613635086486434
1484.0,3.5513296492811413,-53.52565076146477,35.7773,39,114.0385,21,0.06392,-0.3545557205000128,-0.1064676939902769,1.2619384039780035
1485.0,3.540184389638682,-43.83855905342169,38.76045,39,105.20209,38,0.7539,-0.317221351178348,-0.0755481985907187,1.2698966168009684
1486.0,3.528899490308671,-32.38622926302405,37.15629,39,107.94788,16,0.2565,-0.3033585760569284,-0.0433544744217015,1.2780314867111429
1487.0,3.516451615395897,-23.6496063190409,36.3965,39,113.62198,26,0.10878,-0.2479289137861585,-0.0242931283830413,1.2870957000346581
1488.0,3.5334393751727458,-27.282014621348637,34.60346,5,114.89989,46,0.18473,-0.2270848826913085,-0.0404091772626631,1.2747494785557165
1489.0,3.533348731452532,-37.077270998861465,35.52843,8,113.85121,15,0.26901,-0.2575113672417442,-0.0668156026958497,1.274814883657777
1490.0,3.5555899452186703,-37.531962174122086,35.28164,5,106.83571,27,1.46547,-0.2476995348238497,-0.0710836105724661,1.2589161149921193
1491.0,3.5564485948057625,-45.06779712929285,37.02695,19,103.22005,48,1.30336,-0.2426653152095586,-0.0862413293742866,1.2583082966688577
1492.0,3.559695258420201,-46.409158360280095,35.12778,5,105.16876,47,0.60507,-0.2344766693501418,-0.090799280772525,1.256014032446525
1493.0,3.5586278318430997,-43.07093567190796,36.21844,5,109.62945,35,0.33451,-0.2541327252423713,-0.0787124260701554,1.2567676396781593
1494.0,3.5469551517398057,-50.20165610183738,36.9381,5,114.02979,2,0.62052,-0.2665716941657566,-0.0927175190360188,1.2650530475865212
1495.0,3.5599872957486647,-51.712128534171576,36.66225,10,114.19596,38,1.10997,-0.2938197380560147,-0.0983468839793548,1.2558079710721115
1496.0,3.559020858205975,-49.741153971043346,34.7269,19,113.79044,34,0.29224,-0.2696338167156431,-0.0923488112755717,1.2564900826978709
1497.0,3.508713975574608,-43.15238973400539,37.06096,19,120.57483,42,1.98811,-0.235330735336061,-0.0733847380733588,1.2927787304635945
1498.0,3.516145632079196,-44.70255775730523,38.56377,8,109.39681,44,0.01893,-0.2368929291664636,-0.0696632006890292,1.2873197220112318
1499.0,3.501850150986373,-45.188735299684765,39.76225,19,116.43308,34,1.57342,-0.2913182391393258,-0.068021283517111,1.2978515361199634
1500.0,3.486008682309027,-47.32866719298307,38.60712,19,113.09706,47,2.97453,-0.2997173082782467,-0.0735814646530331,1.3096739906530859
1501.0,3.4813034534244505,-57.659476988477344,39.94332,19,117.88014,44,2.92839,-0.3207408027101636,-0.0965409135806988,1.3132166179342226
1502.0,3.468175332593835,-47.9816173505979,39.98619,19,115.04866,43,1.02088,-0.2790880231606665,-0.0705437497084845,1.3231773000126357
1503.0,3.4783357872669582,-47.1119633789526,39.14217,8,116.2666,9,0.02594,-0.2991818380100638,-0.0610760461727422,1.315458408989254
1504.0,3.472133904612477,-28.445114713567165,38.66642,2,107.89405,1,3.21002,-0.1989966185871025,-0.0151659298810788,1.320161917009233
1505.0,3.439125861790093,-44.66132335003237,36.66766,19,118.86216,7,0.21716,-0.2518113410751948,-0.0563061700882037,1.3456248279536833
1506.0,3.415812489311075,-53.51613279281973,39.03455,15,115.76519,28,0.43206,-0.2732281424929236,-0.0709085743408961,1.3640556456429367
1507.0,3.43898849065328,-39.20571759611656,40.06521,2,122.01031,45,1.32193,-0.265875232868256,-0.0332581324013364,1.3457323326486126
1508.0,3.4367996426235043,-33.64529030295779,39.94223,2,115.62084,28,2.83599,-0.2528249353711798,-0.0168136285919911,1.3474470334618651
1509.0,3.443970150312186,-30.39169094956736,42.6077,15,118.45383,36,0.11529,-0.264015773312263,-0.0028422165465835,1.3418419784533142
1510.0,3.4628486778257983,-30.256271090250152,42.73606,6,116.55143,27,1.67971,-0.2073958802072695,0.0025599658075659,1.3272511306263348
1511.0,3.4626739157621165,-37.02421669577352,44.77562,15,120.18906,43,0.03207,-0.2135233026768994,-0.0159124921974616,1.3273851074347918
1512.0,3.448784307008282,-34.60411855585018,44.24999,19,118.38283,23,2.21748,-0.2064469501271213,-0.0102492598974687,1.3380984396705755
1513.0,3.44551572525228,-56.0749238230697,44.04165,15,122.10796,30,0.31155,-0.2085731661620157,-0.0584384033037971,1.3406384128066897
1514.0,3.4588291342311974,-36.59712601020039,44.96653,13,115.45386,29,2.65262,-0.1512548381791644,-0.0072538295744392,1.3303377495207436
1515.0,3.468626468999687,-47.131707095886526,42.20366,13,116.91343,5,1.51878,-0.1892497647174395,-0.0271530788711726,1.3228331322923026
1516.0,3.466924838435259,-26.45290015002965,42.39724,6,111.29238,27,0.68597,-0.1925977755586666,0.0161051549329516,1.3241319926968667
1517.0,3.472024873659708,-24.623454867636852,43.11265,6,121.38808,23,1.69055,-0.1574025593340388,0.0228077735291511,1.3202448316062694
1518.0,3.4554789706715883,-25.96622221294203,44.67696,15,112.53971,17,0.12663,-0.1131997183027411,0.0276919281668128,1.3329185839551598
1519.0,3.4753660681976166,-25.313296911212007,43.26897,6,119.01482,43,0.79018,-0.1121131576987754,0.0335242315109172,1.317707502135698
1520.0,3.480817193013664,-15.064336564630835,44.87028,15,116.12244,24,0.57645,-0.122252133251602,0.0613532845823155,1.313583548927472
1521.0,3.4846202580537224,-27.095933339818345,46.15175,42,111.19309,9,0.51655,-0.1651614336111075,0.0352957878699389,1.3107178607232444
1522.0,3.5217910436777453,-30.78271328849435,45.10287,15,119.57481,27,0.39789,-0.1904486671847646,0.0250512702291619,1.2831958970830857
1523.0,3.53710178284276,-41.77050621421086,42.13176,20,114.76958,48,0.88719,-0.1646315442460415,-0.0044572190020646,1.2721110273423935
1524.0,3.546748929227548,-37.738225457366525,42.25407,2,110.53002,21,1.25423,-0.1326696802306903,0.0021358030247984,1.2652001625964668
1525.0,3.5430357359137292,-41.609693336076184,40.63588,7,115.62037,48,0.04556,-0.1657498480298836,-0.0094297848896219,1.267853477387753
1526.0,3.5192992376991987,-39.471676171637576,41.89705,7,111.62411,25,0.4193,-0.1732498525400028,-0.0042052065108368,1.2850136494040698
1527.0,3.515829703329944,-38.68727242691568,41.39328,42,120.23152,37,1.0878,-0.1657280110436965,-0.0026670447543141,1.2875510867910174
1528.0,3.527700580612392,-43.9493722319782,41.1289,7,117.09671,38,0.7625,-0.2022918961094374,-0.0170656480754171,1.2789003272930768
1529.0,3.5310575776677577,-42.56158992381386,43.76941,42,115.91072,35,0.56783,-0.2134718777366823,-0.0109322166978431,1.2764697672002063
1530.0,3.538756182036608,-47.14427098099234,42.66508,7,124.57682,38,1.19225,-0.2397096264251016,-0.0245844339320816,1.2709218595131826
1531.0,3.5174733312173756,-45.90674649425497,39.83804,7,115.72896,47,3.37963,-0.251095539022586,-0.0166964547507754,1.2863480866617452
1532.0,3.492117500587942,-67.71179696905904,36.32573,7,118.19993,21,0.39676,-0.2437009889699857,-0.0722633821492188,1.3050959301172873
1533.0,3.4711105981176824,-74.01469827673156,34.92079,7,117.98179,30,0.02487,-0.2852179843468238,-0.0881867506871991,1.3209404167759664
1534.0,3.449273086891182,-66.17278518887173,39.7646,7,107.00245,46,1.42579,-0.2815515903955943,-0.05924280520394,1.337719235564633
1535.0,3.4599334682942624,-81.99044985372761,37.56403,20,91.45105,30,1.94349,-0.3408634105168074,-0.0986415509676432,1.3294886564109425
1536.0,3.43689426848943,-78.52166011606991,37.56844,42,92.20617,38,0.97163,-0.2895435670013246,-0.0852730688415676,1.3473728376460297
1537.0,3.39625227656266,-72.00266819298868,41.8435,42,105.50254,8,0.87502,-0.3202776563978103,-0.0647155495273065,1.3798130451038921
1538.0,3.3927840442989736,-70.19490930557728,44.11739,42,113.59236,35,2.01633,-0.3069330410122466,-0.0579771232781338,1.3826354812060297
1539.0,3.395523215319412,-59.36536399977754,43.3121,42,101.53497,26,0.1586,-0.2643489313003972,-0.0271973011888863,1.3804056349036289
1540.0,3.4018521659724716,-56.45327189938198,39.38543,7,98.23314,31,2.75936,-0.2292507630841071,-0.020012245584331,1.3752740819598135
1541.0,3.3976413388466966,-66.40769347172717,37.6652,7,104.83125,40,1.8042,-0.2254636296685528,-0.0409654648160148,1.378685054079336
1542.0,3.3999196492535706,-59.83757308977026,38.80939,42,119.26033,37,2.78297,-0.2437027169655117,-0.0239036989535405,1.3768379397925885
1543.0,3.4002792016933223,-40.741075914099056,39.85376,14,116.92956,2,1.01872,-0.1866284454316552,0.026529508155185,1.3765467758984042
1544.0,3.3954882614494135,-28.553046035081763,42.32446,14,116.51667,40,0.95899,-0.116486029579581,0.0554464804322053,1.380434055421529
1545.0,3.3977013663649323,-38.7200690935465,43.11017,7,114.46169,9,2.69729,-0.1085021954129199,0.0287563355476612,1.3786363397856152
1546.0,3.4274819235212712,-22.245867274687495,39.21702,7,117.01783,26,0.87283,-0.0747387555059284,0.0667020740715608,1.3547831472669756
1547.0,3.4143298830233704,-28.83636539797145,41.48081,17,114.1169,40,0.57118,-0.099256720160298,0.0486321580128065,1.3652405320663314
1548.0,3.41923175876527,-27.37440010790251,42.97399,17,114.3768,40,2.0284,-0.1140429015666501,0.0493666445396955,1.3613288683612228
1549.0,3.440820226255356,-31.467311418749578,41.03981,17,114.47467,39,0.75414,-0.0925182713638592,0.043403917339514,1.3442999011183818
1550.0,3.407627549573434,-18.95292904864297,43.09528,14,111.11306,48,1.21752,-0.0594862410981989,0.0782723890524993,1.3706162932599824
1551.0,3.397451561262201,-18.869657536661265,45.13172,17,113.56543,37,1.20384,-0.1172581315646276,0.0827335533574233,1.3788390817804954
1552.0,3.421624048242567,-31.451415131065772,42.24597,7,110.24287,25,1.54541,-0.1676692071558556,0.0531610247322553,1.3594259391126444
1553.0,3.412009846930931,-14.742660322036343,41.11166,7,117.58203,33,0.63909,-0.0664996485205407,0.096844201779105,1.367097785889892
1554.0,3.3880664869832384,-15.95616597626426,44.4791,7,113.61978,47,1.27999,-0.0407134199466768,0.0973022382022257,1.386488536182869
1555.0,3.389187609470825,-6.706737949492009,43.83613,7,118.40121,47,0.10592,-0.0063531753854469,0.1209131757204973,1.385571404079899
1556.0,3.3861280783543113,-34.32775913397089,43.0097,23,109.32035,45,1.50019,-0.0526050145381474,0.0493920515329273,1.3880763973275094
1557.0,3.368088415470865,-61.75707529602048,41.03876,42,110.19635,2,1.78724,-0.116295934111397,-0.0257797639711001,1.4029854413390836
1558.0,3.3388517052829543,-57.45996705204045,40.02064,41,110.4631,47,0.06847,-0.0684169448780015,-0.0090673554496743,1.4276635479172135
1559.0,3.35442922879938,-40.13762565608644,39.64584,41,106.07901,10,2.25912,-0.0242038632180958,0.0386318638288758,1.4144345766533688
1560.0,3.3558178747911356,-37.44198759517072,41.40297,7,99.71568,36,0.21279,-0.0181197017582087,0.043174452770423,1.4132642255831815
1561.0,3.3296063000972773,-14.321538794597116,42.18905,41,99.25453,47,1.18167,0.0892916097330253,0.1050018730278662,1.435603017174643
1562.0,3.3310406885975565,-7.596663949380982,41.78211,7,106.07742,27,0.79237,0.0727863615097047,0.1166927881481482,1.4343669055268287
1563.0,3.328013142262492,-25.71718236730713,39.56232,41,116.88081,19,0.34582,6.149469599610786e-07,0.0673204270931316,1.4369778252280876
1564.0,3.3114462788682193,-33.835656303136496,40.83452,41,114.13687,25,0.34967,-0.0375366466967088,0.0421401842245079,1.4513919292069644
1565.0,3.3036403025781027,-51.436683101141654,40.88454,43,120.17918,39,0.06658,-0.0833816281163514,-0.0038898243336666,1.4582588486579526
1566.0,3.282355363712268,-62.37756485603788,38.54397,43,110.93393,25,0.02645,-0.1606352332992414,-0.0356422676133718,1.4772327776942247
1567.0,3.3079149233294594,-72.71395213242378,38.87449,41,99.95464,3,1.04851,-0.1933415769670608,-0.0610218794342477,1.4544924422734606
1568.0,3.3198669251742445,-79.85298219184122,39.46107,41,112.68207,3,1.29072,-0.190608815650276,-0.0725364628787864,1.4440385270341884
1569.0,3.3106518317397615,-92.48254310027971,37.94124,41,110.07171,26,1.33909,-0.2653832576167319,-0.1079383462391845,1.4520885850659901
1570.0,3.3011381983118686,-94.42374631736187,39.71785,41,116.82939,3,0.64162,-0.2883587992382124,-0.1095847768290272,1.4604702668070169
1571.0,3.2735680238259057,-108.6855302013823,41.71451,41,120.83663,47,0.49152,-0.3754857136501882,-0.1449836614214877,1.4851741853523843
1572.0,3.2701810612494846,-100.49087372740316,40.29534,41,115.01164,39,0.26447,-0.3347993370032205,-0.1205710347892915,1.4882522010481556
1573.0,3.2794976009861787,-91.16945636306444,39.39873,41,117.15255,39,0.02125,-0.2950371824488264,-0.0943598568291933,1.479808428377308
1574.0,3.290259397504908,-91.37937039374027,38.49666,40,103.70386,2,0.31053,-0.2803098642173377,-0.0945265489400466,1.4701439303310653
1575.0,3.2854122893784496,-91.21720963593664,39.33412,16,115.31348,30,1.3734,-0.2843548993115011,-0.0857797064770505,1.4744850617138627
1576.0,3.2710105676797103,-99.06765184932594,40.7983,40,116.3879,48,0.86655,-0.2517983400901761,-0.1066062484990501,1.487497475123138
1577.0,3.2839483643482343,-89.41338991740481,41.85224,16,111.00757,30,0.16301,-0.2293680103298468,-0.0772442601495021,1.47579995248992
1578.0,3.265801474580002,-80.67715762844826,41.35815,16,114.64809,48,2.33113,-0.1934706735842827,-0.0552513401817098,1.4922465038063732
1579.0,3.247952568666387,-77.15063090075336,42.40072,45,117.53037,11,0.1275,-0.1855945691185896,-0.0413861188113801,1.5086926508617882
1580.0,3.247195053479021,-72.6824423220549,43.19939,16,115.80322,11,2.28504,-0.1520657612927875,-0.0279786793053794,1.5093966374605956
1581.0,3.286110229049889,-52.04568725323404,40.25783,41,114.16296,35,0.00424,-0.0761350701636188,0.0299732306457836,1.4738587940223253
1582.0,3.299027471415803,-59.890853488640445,41.02738,41,115.00338,39,0.20729,-0.0926139340912188,0.0073418303069402,1.4623396904750563
1583.0,3.3106565751298085,-75.65641911017214,39.6886,41,106.6583,20,1.78639,-0.1580084944748443,-0.034786822701568,1.4520844240680424
1584.0,3.314364598163709,-73.5833890529325,39.97673,8,103.86425,15,0.30201,-0.1569234090832471,-0.0287744159144738,1.4488371346456534
1585.0,3.3454438362815453,-91.37580200608215,40.91818,40,112.33384,30,0.44317,-0.1759776721222781,-0.0743338802992796,1.4220427255958357
1586.0,3.332404411865317,-102.63131626268928,41.0158,40,104.44835,48,0.01873,-0.2334999218105226,-0.1041881453847496,1.4331931708670158
1587.0,3.3070728292815073,-106.03842704363586,41.53231,40,110.31542,32,0.68225,-0.2198181348353145,-0.1133087225992074,1.4552332637988161
1588.0,3.323738587700117,-92.76846113710936,41.0769,46,114.04842,11,1.18793,-0.2022186355324269,-0.0795084981687629,1.4406763049702154
1589.0,3.34970984419801,-90.69995263764696,41.51188,46,118.91028,7,2.11474,-0.199018353829961,-0.0736952410794117,1.4184229597894162
1590.0,3.354507823902347,-82.90056455825064,42.46326,41,102.63735,39,0.00928,-0.0910429981648391,-0.0471850057225476,1.4143682978818075
1591.0,3.379193126638486,-86.08917020833103,41.83621,46,106.23919,33,0.2021,-0.1175812919396598,-0.0600531807821294,1.3937796052616764
1592.0,3.356533349228812,-77.49874911951918,43.581,46,115.47923,27,0.37117,-0.0537317252838001,-0.02991801132792,1.4126617905386347
1593.0,3.362938913918594,-68.2333557773711,43.13294,46,115.32857,6,0.70049,-0.0112847696674554,-0.0073025333175034,1.4072853749904763
1594.0,3.357741734577477,-67.0913564932341,43.4401,17,119.31256,32,0.65123,0.0596438349572174,0.0004088582712434,1.4116451949930824
1595.0,3.3911332888746375,-62.63306601261348,41.00184,23,117.92857,31,1.8454,0.0679058682936139,0.0182767358548854,1.3839819033865974
1596.0,3.3832992252235705,-46.67521048598251,41.50619,41,119.91486,30,0.02971,0.0640965646505712,0.0505109001991569,1.3903985719784975
1597.0,3.4103214786711913,-32.32075012226752,41.08303,41,112.53728,39,0.22841,0.1003559282097393,0.0878770687672135,1.368451755527361
1598.0,3.4201355479302755,-14.014871126862914,41.23872,46,103.6159,32,2.17785,0.1422390599018286,0.1314270293262204,1.3606094865120917
1599.0,3.4372952082472894,-8.694059270870937,42.29014,46,94.88727,35,0.81284,0.1638146287454489,0.1450671045076888,1.347058530145443
1600.0,3.4448974561417836,176.9328621382979,43.03809,14,108.82278,3,0.64888,0.2275350531011906,0.1799025428623985,1.3411196751433898
1601.0,3.4583867724534487,-13.633942591947232,41.78248,14,112.86949,8,0.73689,0.2146813165537714,0.1390620172369824,1.3306780979244823
1602.0,3.451996082031394,-12.534056509474354,41.23663,17,113.90108,40,0.86974,0.1507966069532617,0.1386948362195941,1.3356096350805768
1603.0,3.4476750680954225,-24.866431360931685,40.44143,9,119.73759,27,0.06416,0.0963834825790302,0.1015768454882821,1.3389596052969144
1604.0,3.4549950688490267,-17.700602677126696,36.84224,17,111.34086,1,0.10244,0.0584906186459426,0.1133362871246062,1.333291983562553
1605.0,3.4428939704182264,-21.03271693213253,39.10585,17,120.76739,29,2.26929,0.049026575595191,0.102610266369292,1.3426809755663098
1606.0,3.4530985123951408,-8.458675428570473,38.13623,17,119.79896,6,0.92571,0.108751315441615,0.1315837069273637,1.3347569622883424
1607.0,3.426576445091587,171.32303051534151,38.6598,17,111.67641,40,0.20913,0.1876352965865204,0.1759205062063764,1.3554992491947784
1608.0,3.4340597286207637,165.2587085129606,37.38369,17,115.39888,39,2.28332,0.2184887051088384,0.1969891490183369,1.3495980512659813
1609.0,3.44336395389233,154.24243085643684,37.12335,9,113.99249,40,1.00918,0.2253354387512332,0.224314339424723,1.3423144765189268
1610.0,3.4159830959586586,140.88810482254374,38.20773,24,106.19264,5,0.26131,0.2257422626435739,0.2609677812912077,1.3639193972231307
1611.0,3.426533261877321,154.69603754968807,39.17027,9,99.98883,44,1.58949,0.248323284739287,0.2298201031128997,1.3555334150288076
1612.0,3.4137877976371733,160.29993002462658,38.47988,15,107.38344,37,2.01359,0.1658115562192633,0.2095693856297144,1.3656741475951493
1613.0,3.44612112731484,145.5764861455561,37.75837,17,115.40077,7,0.17743,0.2222209609061144,0.2481570478721421,1.3401674171924398
1614.0,3.4570517223153185,153.04929287366497,38.09748,17,110.91474,22,0.33316,0.1688826033618512,0.2263070057510956,1.331706063457724
1615.0,3.448428525840742,149.48583693638528,39.36716,15,104.49398,48,0.64446,0.1716387509633989,0.2375231719378935,1.3383745624204795
1616.0,3.428193940448254,152.31332393337786,40.3834,15,118.81491,23,1.12489,0.183275333778714,0.2287113899600988,1.354220443770036
1617.0,3.455066773605455,169.86329838438368,41.8233,47,114.68077,14,0.63802,0.1451804348523918,0.1766439090362916,1.333236643164731
1618.0,3.472913591466822,-4.555668652559177,35.53906,47,114.89137,7,0.79654,0.0751709157873601,0.1325883896972511,1.3195692173510412
1619.0,3.4721865278706923,-4.479401957180443,34.09662,15,109.80124,36,0.64788,0.0507503415852013,0.125855108179022,1.3201219014775523
1620.0,3.47952799286629,171.50199298631486,32.61214,15,119.94689,6,0.18362,0.0940012063317599,0.1602324716935863,1.3145571211088538
1621.0,3.4397078312334695,177.36347738499484,34.89053,17,117.06,44,1.04574,0.1008249206813749,0.1462964326486599,1.345169529816439
1622.0,3.465038539440799,174.1773715111171,35.04573,25,118.65057,21,1.33441,0.0870307436739638,0.152612503455003,1.3255740480562879
1623.0,3.487902609029157,-5.0018370894079,39.0226,25,114.89953,7,1.82072,0.0364028661121738,0.1245008768457544,1.3082520741552521
1624.0,3.4969008602828073,-5.237319193530581,37.34564,25,114.92237,14,0.28789,0.0158317989175349,0.1251610601964307,1.3015279287122905
1625.0,3.5035610314760515,-11.857304703947534,37.41063,25,114.65295,29,1.06291,0.0010208057200458,0.1093370288957752,1.2965842959062557
1626.0,3.508244322354217,-1.142707974426969,37.33147,15,117.89453,44,1.31447,0.0509254295143422,0.1348303583405119,1.2931248855649597
1627.0,3.4957953655691782,169.3725488662089,39.93309,15,118.77357,28,0.35838,0.0530179576657271,0.1603052756543016,1.3023512376301678
1628.0,3.4927068886486654,-2.453473405128207,38.83024,15,118.21546,45,2.23977,0.0692155732023573,0.1313339288650127,1.3046555020581374
1629.0,3.513111422916914,176.40747829207703,37.67876,15,108.8103,31,0.51315,0.1410043121447585,0.1553471755420712,1.2895443506059998
1630.0,3.4990790221219767,155.34115673820534,37.54822,47,104.1924,32,1.14738,0.1869787603898835,0.2097456825302798,1.2999080418332374
1631.0,3.488269298368623,139.1198391611211,36.36847,25,112.62834,6,0.12008,0.2281951936338425,0.2553735722602467,1.3079770398425123
1632.0,3.4993985825466387,141.44340171096175,37.22893,47,106.87167,42,0.5993,0.2430057810363123,0.2513526625806251,1.299670640926069
1633.0,3.5068711905351235,136.6676931163768,37.29716,11,107.32718,40,0.30824,0.2235071030937415,0.2649442457236943,1.2941377420163298
1634.0,3.524926997971296,139.57590496966756,37.15711,26,104.1382,39,0.96235,0.2260617871793377,0.251626506349817,1.2809137200687524
1635.0,3.490045989923435,146.90655822388234,36.48592,26,95.30732,44,3.29106,0.2153487186500993,0.2323360434690174,1.3066456646938887
1636.0,3.475240557108435,153.49679841838673,37.49758,11,103.99772,27,0.05205,0.2179340514789958,0.2159492682188559,1.3178026839728332
1637.0,3.5042291418950886,127.49638588481494,37.66127,16,112.05672,37,1.54105,0.3008514726413927,0.2870670050731501,1.2960899338869898
1638.0,3.5092952908590163,114.93240948083502,36.78529,16,114.2698,3,0.01183,0.3830056114559182,0.3282525553378161,1.292350467961266
1639.0,3.5309941023400215,118.772814532035,37.48753,26,123.29241,3,5.56098,0.3573054605299103,0.3114441149067481,1.2765156608283135
1640.0,3.533932975985223,104.14495867176096,41.1013,47,109.54521,36,4.15465,0.4328321439782044,0.3602562496130994,1.2743934030784845
1641.0,3.521383646844061,115.86963748929556,41.89241,16,122.64311,38,2.59087,0.4142909603128547,0.3266539398234939,1.283492825925903
1642.0,3.5157334985659943,111.80567933211978,42.4312,26,121.83026,38,2.66704,0.4194894904233482,0.3305684438584046,1.2876215530212949
1643.0,3.524538874075976,107.96983045268053,42.98204,16,111.08723,33,0.11696,0.4424148498894648,0.3428077683929774,1.281195845256608
1644.0,3.5499495815654147,111.72374791415788,40.86859,17,119.1408,5,0.49164,0.4089220853202029,0.3262506871724235,1.262919769449508
1645.0,3.5544640768718385,95.29683703739198,42.50826,16,111.88403,37,0.38734,0.4448650647777864,0.3705072414709528,1.2597137588841265
1646.0,3.5789016669957787,97.047240511747,43.39115,16,116.5786,40,1.25127,0.4418464229187108,0.3608112935893389,1.2425692436781368
1647.0,3.603562041312691,87.75440386708806,42.05299,16,120.87039,31,0.37676,0.4940508378911036,0.3904676753004128,1.2256208049666781
1648.0,3.579931104604454,88.51664168115767,41.63439,11,115.1901,4,0.41005,0.5560623798281659,0.3952680521821679,1.2418547251251568
1649.0,3.545221593038212,94.97301484748728,41.89951,11,113.35208,33,1.17264,0.5938512105742194,0.3784871798351544,1.2662905329415761
1650.0,3.5275236628730804,103.7221735560788,42.74094,11,114.8252,32,0.19989,0.5340135338368666,0.3501966062242126,1.2790286132240614
1651.0,3.55362642036853,97.291124566217,42.23433,26,117.40525,22,0.48519,0.5906332832609897,0.3588292632928471,1.2603077052722407
1652.0,3.5567492765101214,87.68498012148396,42.87793,17,115.61016,28,0.82064,0.6019992026465889,0.3855772199467108,1.258095555054937
1653.0,3.5357042186701997,82.59910427753493,43.67692,17,118.96095,31,0.10206,0.6298100189295143,0.3982010852629618,1.2731168853291959
1654.0,3.533862972985073,88.03991872551816,45.43103,26,120.81416,36,0.02066,0.6310934680555477,0.3775223019515757,1.2744438930074216
1655.0,3.5732585120032354,81.37409741831652,42.92289,26,114.70914,23,0.37792,0.6936410780901148,0.3948784840463223,1.2464970578854673
1656.0,3.5502536097064374,76.5432055946103,45.10076,18,104.59384,36,0.65525,0.7136366732582621,0.4058418417556601,1.2627034768960648
1657.0,3.5160175775624865,71.24900774840933,48.18681,18,111.66268,38,1.2861,0.7131620976620451,0.423813582063471,1.2874134929342202
1658.0,3.524556030066095,61.95707353970607,47.26446,17,113.13816,47,1.9936,0.7277888561289249,0.4547290016709999,1.2811833726900894
1659.0,3.5048247042741805,59.91573292806413,45.2449,26,115.22215,37,2.62721,0.7036986434793101,0.4594995728853709,1.2956494914190464
1660.0,3.4915121873813937,70.13045633481784,44.47342,18,117.71405,36,0.07375,0.6812367418705504,0.4291498901268729,1.3055484906350174
1661.0,3.4872920739288173,62.41781864915262,45.76352,46,122.29499,37,1.06279,0.7151319384368566,0.440533717333531,1.308710196797863
1662.0,3.4924503554425868,62.73886470535615,45.0568,18,112.37462,8,0.4659,0.7337313673553184,0.4334947422869324,1.3048471724996407
1663.0,3.4849780758949427,78.93521443816564,43.44381,46,111.35123,30,1.83148,0.7826015735457785,0.3800403397008482,1.310448720345247
1664.0,3.4742129600331824,87.99834706073503,43.88418,16,117.48146,1,1.62871,0.7538826783114532,0.3568027492137181,1.318582354342221
1665.0,3.48203531685253,93.91358128233092,42.60296,11,126.03364,1,0.91557,0.747568550624917,0.3321583631400093,1.312664645236881
1666.0,3.4846447573061226,83.67786132551146,43.09436,16,118.84945,40,0.37978,0.7349914152759465,0.3646395541872418,1.310699430440074
1667.0,3.5036135821542023,69.28883838037899,42.94225,16,116.76283,40,0.53563,0.7864544100017298,0.4176434508700706,1.296545401278499
1668.0,3.5298823476938477,72.50682952732274,43.96329,16,118.06884,47,0.31307,0.7877264977209796,0.4159156644489752,1.2773198778332062
1669.0,3.55842738772987,86.23898439476469,41.19556,16,112.65697,7,0.85202,0.7779016494778271,0.3601876415156209,1.2569092296237392
1670.0,3.5584319167986487,82.3300753745817,40.60207,16,116.83189,7,1.52263,0.7656435850596007,0.38729534658756,1.2569060301106614
1671.0,3.5647279076431,82.31578084892453,38.71167,16,114.88253,39,0.34838,0.80850719018734,0.3711988600693501,1.2524700783558744
1672.0,3.5784814843426105,107.2552483128472,37.75145,16,110.81889,48,1.58959,0.7589884419204569,0.2990922770861127,1.2428610639356912
1673.0,3.583799526445246,104.53377162520766,38.90461,16,112.96788,39,0.27287,0.779982385900211,0.3209406819848925,1.2391752085217025
1674.0,3.626643108610158,126.66981419710746,38.48183,16,109.70129,29,1.18327,0.6978722526165165,0.2547356419239576,1.2100699957669907
1675.0,3.6098741835102888,121.07744410014936,38.00489,16,117.36817,34,0.59915,0.7034920687638843,0.2669862988513077,1.2213383681517938
1676.0,3.613066469327095,107.93069369279092,37.88808,3,114.10133,34,1.04885,0.7465356983771255,0.3046754281550632,1.219181120957507
1677.0,3.63140761764628,108.97698126334733,38.39231,27,118.13158,9,0.78621,0.7398342637587006,0.2899877004289871,1.206896786995523
1678.0,3.6460014249022263,124.18874667844123,38.48573,3,121.25102,33,0.1707,0.7355780635347012,0.2481039008741909,1.1972544600045532
1679.0,3.6570365077368385,118.08594656654417,39.01139,19,112.32582,33,0.41959,0.7743956786510354,0.2538663052585435,1.1900399469141212
1680.0,3.660608330174681,129.65329931249423,40.6003,19,112.14729,14,0.74393,0.7691184945000613,0.2200519012444589,1.1877187274645356
1681.0,3.669933675133268,132.0994746705997,38.92541,19,110.94332,33,0.37102,0.7418277109515087,0.215507949936948,1.181690381534217
1682.0,3.68712666226784,139.04134926271882,38.06428,27,108.94372,41,1.13364,0.7187382506590648,0.1896444717690187,1.1706956851074
1683.0,3.719476708698784,131.53056411755432,39.53988,27,112.95124,38,0.81636,0.7031402617721768,0.1974538991220238,1.150420056505052
1684.0,3.711025478819451,137.26743187875468,40.75598,24,111.59234,45,0.62997,0.6767025348571712,0.1736078485887661,1.1556657952050655
1685.0,3.756716842108696,148.120086092853,38.81933,27,113.51771,34,0.72792,0.6607725386330463,0.1504427933064297,1.1277249991165472
1686.0,3.7390255953400504,151.76205201027358,39.97474,24,109.92328,28,1.32973,0.6616627412401737,0.1402780968527086,1.1384219358517704
1687.0,3.7588005735817434,149.13383297843313,38.40794,24,114.81931,8,1.65402,0.6487730232478331,0.14311653778175,1.126475012750901
1688.0,3.7688887107605313,158.9906922588599,40.09362,24,116.404,21,2.67757,0.644781069842249,0.1170573078601777,1.120452640458294
1689.0,3.762796330502963,153.41884050463182,39.39294,24,115.64953,15,2.66859,0.6686820033623944,0.1308496356396969,1.124083849351247
1690.0,3.76045376239878,156.8664449080784,39.87915,13,117.69275,21,0.83394,0.6751913465358862,0.1258642884698317,1.1254847777101122
1691.0,3.7708381257628143,152.0562769641341,40.48259,13,116.51271,15,1.57174,0.6300206690925595,0.1457053471726443,1.1192944562443503
1692.0,3.7791963126031938,176.65175336566756,40.89761,24,104.21001,4,1.58911,0.6057514469246099,0.0818622919191022,1.114348998947191
1693.0,3.792543764559851,-5.120532446261521,44.05688,20,117.10622,2,0.39425,0.5973904606534721,0.0505207684928502,1.1065191372946304
1694.0,3.7684554857044983,178.7776523929938,45.23039,24,117.69467,42,0.0936,0.6086377340505608,0.073288101790091,1.1207102717670714
1695.0,3.77365958022331,169.8277352439746,46.13334,5,106.37818,10,2.29466,0.6426074656644355,0.0955414896082099,1.1176213547454994
1696.0,3.783823503710185,178.69657249162265,44.92974,22,104.28674,26,1.37106,0.6173156926279998,0.0703962314236117,1.1116252181040402
1697.0,3.809227257941133,179.16664477096134,45.66678,22,112.54851,28,6.2407,0.6380630069715433,0.066750604364909,1.096847790868778
1698.0,3.810403238285777,-18.424559279730204,43.00613,27,114.89177,21,3.76445,0.5382837703380781,0.0206597245257934,1.0961708691258036
1699.0,3.802080013434978,-35.218960315246306,45.078,22,111.75624,42,0.00834,0.5303331275810145,-0.0227141127472892,1.1009754303219776
1700.0,3.7838074342603822,-37.76225430170656,44.57188,22,110.6496,15,1.58998,0.447912533651279,-0.0245401786002865,1.1116346600451983
1701.0,3.781741620393512,-47.585951520848894,45.07995,27,107.50805,21,1.15704,0.4141417160370278,-0.0467870524007019,1.1128494746730089
1702.0,3.7829414737485134,-50.569001609309765,46.73396,5,105.22739,9,0.28596,0.4468221523166284,-0.0618058843490116,1.1121436512124458
1703.0,3.7970523548195647,-66.06792183836218,43.7382,14,105.17813,16,0.02066,0.3754624880164987,-0.1000993914508341,1.103892953042713
1704.0,3.7844553664066622,-62.16555125088205,43.3488,17,104.79274,47,0.97517,0.3694750295072683,-0.0889614483938111,1.1112540493080263
1705.0,3.81174723429993,-65.8703165162012,46.14157,27,117.92887,11,0.22751,0.3579270273983234,-0.1020986425562418,1.0953980006958777
1706.0,3.8161304482247345,-57.53047326629891,44.18559,14,115.13353,9,0.53347,0.4216253537843146,-0.0771964156394383,1.0928830938248149
1707.0,3.808150452412288,-61.36781054739146,46.43309,29,118.9428,39,0.28021,0.3815671723482445,-0.084225373169233,1.0974681753651496
1708.0,3.8274527416452697,-62.07272801480447,47.20193,14,114.54796,19,1.52429,0.4185336165968483,-0.0879106582750387,1.0864267680528852
1709.0,3.793249609877454,-62.82467129105943,50.32239,32,116.83606,39,0.00141,0.4586227624251127,-0.0936955499923558,1.1061073749455503
1710.0,3.7870842168240175,-63.356224675167965,50.16982,32,115.80427,23,0.49146,0.4514558832495101,-0.0950984140231834,1.1097118038394629
1711.0,3.7952828499738143,-68.20198744836739,49.63219,29,117.89857,39,2.49222,0.4025533483575719,-0.1013605387031394,1.104922546550419
1712.0,3.799542102764599,-64.0600817161749,48.76905,18,116.95985,38,0.1425,0.4532008666544964,-0.0949405793335017,1.1024467183901716
1713.0,3.79821484168039,-59.39597570465624,50.36878,27,116.11455,10,1.48178,0.4722750206796698,-0.0834400302834676,1.103217338455951
1714.0,3.7893866379568495,-43.28903556567659,50.16635,27,113.3742,4,5.37731,0.5152433653996287,-0.0415487514081695,1.1083636977000155
1715.0,3.8273988351485255,-38.80308725348572,49.29928,5,115.6741,2,3.83991,0.5432468061541316,-0.0356905035167915,1.086457371538953
1716.0,3.804872082150916,-24.20175712109031,51.49108,32,121.50277,35,1.84486,0.5815749842478914,0.0028659495851093,1.0993602006281673
1717.0,3.829828159303676,-21.266348498375933,49.94057,15,115.32021,2,2.80031,0.6007237607804105,0.0084635455539687,1.0850794924633138
1718.0,3.879082317775405,-17.796176996770498,49.1954,20,120.97239,30,2.10204,0.593899600424871,0.0179260270233838,1.0576991125686042
1719.0,3.901786710252522,-24.70441069366575,49.30523,20,120.63668,17,0.94628,0.5160338368791224,0.0060203260781936,1.0454254810602044
1720.0,3.933328646595594,-26.147471126798855,49.30055,29,115.50056,30,0.03538,0.503133758025104,-0.0019175655653449,1.028725869975454
1721.0,3.932349190495094,-38.04342063708495,48.68174,29,116.75028,25,2.22574,0.4774013726241551,-0.0303733810589069,1.029238396846308
1722.0,3.929946905823487,-39.929688282342624,48.32668,29,120.84316,17,2.51725,0.4550134098161315,-0.0341811386977761,1.0304970801727689
1723.0,3.927602389540803,-47.49007654411819,45.72832,44,111.93856,16,0.33685,0.4281012601544986,-0.04998226648589,1.0317277232188162
1724.0,3.9392272329773106,-45.08217664120213,44.95093,29,109.33612,25,0.09291,0.4493627993786507,-0.0431828582613412,1.02564735486308
1725.0,3.955080762885229,-52.83207907653082,45.24603,29,108.99826,7,0.83782,0.3885876412685169,-0.0633717216098504,1.0174414326753347
1726.0,3.92607564135398,-65.18109859826428,47.37511,29,103.91871,25,2.16271,0.3369998313514832,-0.0949108542359831,1.0325303031227417
1727.0,3.924549970402325,-72.31726232054723,47.2726,23,102.96013,41,0.57254,0.321460452304121,-0.1144970124354921,1.0333332526082726
1728.0,3.934822596592599,-88.66356176110253,46.31454,18,97.56003,19,0.92139,0.2468651458327173,-0.15613866980818,1.027944857251869
1729.0,3.9728348510606537,-88.96003523937974,47.44542,18,102.80991,17,1.66547,0.2750508176193401,-0.1576772475190649,1.0083681218995622
1730.0,3.980907747279549,-75.3029869780387,46.97153,18,108.55984,19,0.37858,0.3352945807874841,-0.1223927682055791,1.0042825224882703
1731.0,3.9946174578278586,-92.78179156248795,48.24094,18,107.81538,13,0.86867,0.2665796405824034,-0.1657753688811217,0.9974008644032675
1732.0,3.980258187568824,-92.76476166411774,48.17142,23,103.80664,7,0.49907,0.2891375812737458,-0.1688399261161441,1.0046103377523077
1733.0,3.982467243787444,-80.81556703178478,48.46602,46,96.35327,25,0.74932,0.3143614322883547,-0.1387420269927734,1.0034961414128065
1734.0,4.002593187528373,-61.82240916193541,48.75258,26,99.14358,40,0.50777,0.3794605718168178,-0.0862874295463811,0.9934299017810316
1735.0,4.003502098082071,-70.59586543993484,48.50006,44,105.41172,8,2.84464,0.3350579310963553,-0.1105882513549781,0.992978878450274
1736.0,4.013743103028327,-75.62920578182936,46.65284,44,99.86915,30,5.52128,0.2972422555597331,-0.1217770879313553,0.9879182015756408
1737.0,4.018074520137028,-100.17273871110524,45.7987,44,110.13652,7,0.50553,0.2153884537034038,-0.1865342386016084,0.9857894309978839
1738.0,4.015879233049825,-100.68417199809494,46.49072,24,105.08359,48,1.20449,0.1748797133880399,-0.1851172862780636,0.9868674924558497
1739.0,3.99393425316276,-88.81221578725359,46.97001,15,112.67092,48,2.17662,0.182215301589491,-0.1525100651934725,0.9977421255073049
1740.0,4.0029915617347065,-86.30120056300699,46.49547,15,107.52169,25,5.05443,0.1734280997425089,-0.1448970808281643,0.9932321810764639
1741.0,4.031353169164805,-93.35283791210496,46.24075,15,103.57156,5,1.90667,0.1630886680524878,-0.1674276303062475,0.9793060527422567
1742.0,4.037522924935258,-84.07394835556737,44.02078,15,114.36826,37,0.85277,0.1795990943610333,-0.1420339750937601,0.9763153761225114
1743.0,4.041953051898579,-78.9194916330558,44.18233,26,118.75729,25,0.00707,0.1473135467931396,-0.1259523659588694,0.9741763949278103
1744.0,4.032074956811949,-78.55987290877295,44.86788,44,115.49067,45,1.35444,0.1878670124814556,-0.1234391472452816,0.9789554701008146
1745.0,4.045882531401328,-97.36497007703274,44.19414,26,116.35686,41,2.77868,0.1188763273643999,-0.1755221608941874,0.9722850166139667
1746.0,4.072531484615808,-80.73100327113357,41.11076,38,113.57851,5,0.0067,0.1786749678638934,-0.131956227297828,0.9596021903939859
1747.0,4.088316230394497,-86.8608322754823,38.90674,38,117.70196,33,0.42998,0.0999344705440989,-0.14569889218594,0.9522065610976382
1748.0,4.09134767516617,-102.72875153149822,40.66265,38,113.72155,23,2.06724,0.0588501776046672,-0.1909373480788881,0.9507960272367998
1749.0,4.10105126714093,-97.53352528431408,39.90513,24,110.50556,34,1.51524,0.0333408799470538,-0.1770814511250312,0.9463019494933866
1750.0,4.090387076576377,-117.77508962027738,40.37721,26,94.25038,34,1.11202,-0.0311632690058057,-0.2331831696031923,0.9512426551723924
1751.0,4.0563828477268205,-125.0424802736471,42.32729,24,123.65769,34,0.06091,-0.0397417999229986,-0.2516094578531386,0.9672578351253635
1752.0,4.087791573948292,-125.07162941378576,42.23724,24,111.60288,34,0.02859,-0.0589587672940131,-0.253470171588705,0.9524510028023008
1753.0,4.075805547244438,-124.28927101918076,44.03057,24,118.95424,31,0.52575,-0.021675032818979,-0.2530340533045022,0.9580611277781156
1754.0,4.081727471411089,-120.2512986921364,42.74035,24,111.8508,33,0.62416,0.0217160458654866,-0.2379108232735951,0.9552831619907718
1755.0,4.066901606167052,-127.4204171522032,40.30928,7,120.81696,10,0.65914,0.0154615232706925,-0.2559772322899309,0.9622608153425148
1756.0,4.03698780334743,-136.1286961277874,40.57104,24,119.78327,22,1.72232,-0.004132192829424,-0.2805749934585649,0.9765742236029431
1757.0,4.055637771022666,-121.00563933300838,39.61461,38,107.76217,18,2.34795,0.0691092821859743,-0.2415618644164758,0.9676132650331166
1758.0,4.061561843300159,-108.07744745558,41.00372,38,114.64439,39,1.39076,0.131512380024407,-0.2083003312539256,0.9647926601898287
1759.0,4.0921741017970685,-119.62722466425372,41.21437,38,106.02611,22,1.15486,0.1348867238555257,-0.2396745533850614,0.9504120338903181
1760.0,4.1500039822957415,-123.36707464471388,40.89671,17,100.55288,44,1.22286,0.131741640675434,-0.2512236613067248,0.9241087974775026
1761.0,4.155602164498808,-112.30400894833105,41.31318,17,106.37809,27,1.40673,0.1745161097553025,-0.2183862908263693,0.9216206647752323
1762.0,4.122236546000981,-101.8270772724214,42.36593,7,106.68357,43,3.42009,0.2028346429432225,-0.1879873601804283,0.9366003444130969
1763.0,4.1301667427841595,-102.01781642706584,45.64021,7,117.54206,4,0.21017,0.1876602639792912,-0.1882488929401337,0.9330071265486741
1764.0,4.122431926850254,-109.18736313708315,46.02959,7,115.12927,47,1.10616,0.1570707530327764,-0.2064375530410495,0.9365115669935966
1765.0,4.097130675702316,-113.49052139039162,44.71832,7,108.21866,27,0.10381,0.1180000845710709,-0.2163184389456219,0.9481138704285225
1766.0,4.153764856672535,-129.5751542225022,41.70944,5,112.04319,23,0.70335,-0.0107220716480774,-0.2616731299678845,0.9224361540540298
1767.0,4.197153215810635,-138.4159226020377,41.89457,7,112.00804,43,0.74976,-0.0290607056800578,-0.2882485998666431,0.9034632365171605
1768.0,4.219473030445734,-154.03660872464036,40.89339,18,100.67848,45,3.99023,-0.067851297183096,-0.3340804602421929,0.893930388262676
1769.0,4.205961518547953,-150.3563033520271,42.18624,18,117.34264,48,1.04129,-0.0114965493681778,-0.3222569935876355,0.8996830570279944
1770.0,4.2154707516596455,-139.61971945110298,42.51702,25,117.10071,1,0.21342,-0.035955855510847,-0.2938499457271488,0.8956286360974345
1771.0,4.196297898590291,-127.96085314187212,41.92555,25,117.66324,47,1.07999,0.0077773770474595,-0.2612150004152032,0.9038315737687526
1772.0,4.201219015690113,-124.69601979953497,42.28141,18,107.68815,23,0.91835,0.0752230067438706,-0.2556467123437154,0.9017153993987586
1773.0,4.175227536109552,-144.96554263363336,43.79262,18,106.0202,14,0.53095,-0.0116079313519318,-0.3120049754413491,0.9129769972515515
1774.0,4.157369911562805,-146.32730315735975,47.04149,18,117.70231,20,1.40401,-0.020691611958239,-0.316367973499878,0.9208370703941127
1775.0,4.189518091438792,-146.20964481732452,48.60469,18,120.46598,28,6.43649,-0.0166691672704771,-0.318013418697297,0.9067592431953326
1776.0,4.230859995626577,-133.23360283705853,46.78882,18,124.51422,29,0.86656,-0.0248267035032806,-0.2823636486213841,0.8891250030249003
1777.0,4.227397747295246,-126.78435910060598,46.4558,3,116.98751,34,1.12642,-0.0450298514830729,-0.2634143361291446,0.8905819902017884
1778.0,4.245736636737184,-154.0177369069499,46.43506,19,118.06798,23,0.71224,-0.132874020849231,-0.341898230300925,0.8829051070146698
1779.0,4.22902095088308,-144.96819607445465,47.27317,8,118.49554,10,0.07451,-0.1118768070404056,-0.31411079625786,0.8898984662984135
1780.0,4.243424211427965,-143.55309179414627,46.41387,18,120.71122,45,0.21309,-0.0997373489369248,-0.3091237395517668,0.8838676355320175
1781.0,4.238948127184295,-139.59482939704574,47.85987,21,116.6173,2,0.66888,-0.0822671700747753,-0.2977422225546125,0.8857352473414829
1782.0,4.2482664964352175,-155.80973999746163,44.72559,8,111.2018,35,0.26757,-0.1384116472555871,-0.3452302105537471,0.8818538730665767
1783.0,4.282873575782434,-154.17428119562396,45.67914,18,116.47699,4,1.26689,-0.1435130315487709,-0.3411608108504148,0.8676600908164386
1784.0,4.2879752127324515,-169.4145125479629,43.26876,18,117.17084,4,1.88318,-0.1915439879742106,-0.386706545594444,0.8655967143536327
1785.0,4.285126293839397,5.085444819041001,41.82517,18,113.56574,47,0.1111,-0.2391300170120064,-0.4311590733719384,0.8667480617891554
1786.0,4.327588819238968,-178.3658168941583,41.92492,21,115.46233,44,0.17214,-0.2066062211983706,-0.4092634489161413,0.8498223554830618
1787.0,4.342166725111712,1.2761226313984366,39.02952,3,103.5237,15,0.5591,-0.2132534942546785,-0.4172195964173465,0.844125736726809
1788.0,4.334501209565417,-172.47259740894202,40.29378,3,109.00362,2,2.02777,-0.1791041343736849,-0.3911449393558033,0.8471140300910351
1789.0,4.323761024805456,-150.7499154567053,40.008,21,113.00636,1,3.0875,-0.0998793826473898,-0.3281912045479887,0.8513277047230469
1790.0,4.312582735154574,-153.56862315884467,40.08327,18,101.2202,37,0.29588,-0.125240269262024,-0.3369718540919538,0.8557467369261553
1791.0,4.284917748413499,-147.4032434896926,43.73633,18,110.73818,29,2.87288,-0.074575937385133,-0.3188809463167446,0.8668324324832872
1792.0,4.295197515112281,-124.6203689616181,42.10597,18,101.87938,12,1.17281,0.0399344023643622,-0.2546084014324146,0.8626881890963295
1793.0,4.279265986562312,-122.05788177090672,42.00503,3,102.05751,28,0.14596,0.0840331107160176,-0.247111205700594,0.8691236505131601
1794.0,4.3045162787138445,-109.40818478050755,42.11915,9,106.37802,6,1.53997,0.1197175796734266,-0.2122541697308101,0.8589569984881661
1795.0,4.299428088645549,-118.80794353008852,43.37548,3,117.0202,23,1.67331,0.0830415864859911,-0.2399856257817321,0.8609912795834835
1796.0,4.267761081646125,-132.86150228895613,45.45502,3,120.21506,42,1.45382,0.1062733984728489,-0.2814008862851766,0.8738158825863747
1797.0,4.267099610947497,-126.22399810307398,42.27265,3,104.04716,11,0.84994,0.0774386828294217,-0.2610439802150543,0.8740868152830856
1798.0,4.235271572996991,-130.25179740847966,43.27193,3,119.6761,31,0.76327,0.0684303208586246,-0.2735316675680062,0.8872736927551009
1799.0,4.224739362124713,-134.63040745801763,46.93414,7,116.45073,11,0.46287,0.0753110207462371,-0.2864957036239945,0.891703126736724
1800.0,4.233495820667039,-133.8627470548181,45.53311,7,116.42285,28,0.43308,0.0811130510457189,-0.2852544608323712,0.8880181880065263
1801.0,4.222744617682226,-116.51681833635178,44.17249,7,114.3834,31,0.46308,0.1133256248059208,-0.2387748806299413,0.8925457729937168
1802.0,4.193578858995616,-113.09230658497486,42.88382,22,118.51365,30,0.31688,0.1026578641547445,-0.2285976708262234,0.9050040093590028
1803.0,4.203653566873856,-117.60980416541028,44.38348,9,113.3649,30,2.49619,0.0651273876577605,-0.2400960326989064,0.9006712426618844
1804.0,4.220843593987984,-114.9550496672995,44.92327,7,111.5509,41,4.16871,0.0620291964934309,-0.2336844927706464,0.893349940560801
1805.0,4.208024468219109,-113.39657856820568,45.53039,7,117.87589,14,0.89353,0.0901946050760659,-0.2321449399011857,0.8988011486949934
1806.0,4.21952771455367,-123.1100802982436,44.82109,7,117.1217,47,0.90424,0.0815274551067627,-0.2617909698720784,0.8939072181486799
1807.0,4.2188408725079345,-117.52462989449803,46.46306,7,110.00249,12,0.114,0.0828037890685511,-0.2469712069228449,0.8941983042832118
1808.0,4.237818411920226,-109.7969530495584,47.18267,28,119.38194,30,0.20171,0.1170726463641168,-0.2255991564310836,0.8862075479004409
1809.0,4.201827709075433,-128.05970236148966,48.33007,34,122.73598,38,3.09778,0.0577615046619474,-0.2740746166912672,0.9014541662014715
1810.0,4.215483602758203,-133.24888518829047,46.97267,34,117.03716,25,0.03443,0.0169675305670223,-0.283594786004706,0.8956231753743412
1811.0,4.234796359089125,-148.54177059288574,43.67563,7,110.44663,3,0.13266,-0.0090679240053709,-0.3280556587191734,0.8874728373754661
1812.0,4.225410301513983,-153.53463981975335,44.4486,26,118.37265,1,2.81258,-0.031621758982902,-0.3387042817926177,0.891419967843651
1813.0,4.2305459126953755,-136.3517371255171,41.92931,7,118.60879,25,0.57657,0.0158353123258462,-0.2895500677104984,0.8892570282335844
1814.0,4.254587083014933,-124.38118281100658,42.65283,7,122.16282,31,1.72161,0.0414415515759182,-0.2571851462194139,0.8792356666830565
1815.0,4.2834772777783385,-120.47247914410252,40.91252,5,111.91213,32,0.8208,0.0442626366416115,-0.243837916900119,0.8674155365991247
1816.0,4.293588358732299,-123.69923363690415,41.17251,5,110.9992,45,0.14648,0.0936011844998962,-0.2547427827113807,0.8633349489732023
1817.0,4.286860195147052,-113.64390634053376,42.35555,10,111.44037,31,1.06155,0.1057738606346048,-0.2278857528530201,0.8660470584439446
1818.0,4.293814006351145,-97.66335898143984,41.06184,10,116.45621,47,2.89808,0.1228191182645798,-0.1859495305383927,0.8632442117608216
1819.0,4.341380257114861,-99.19519386256478,41.50128,10,118.98634,15,0.23674,0.1073691510489694,-0.1905345978027043,0.844431601668709
1820.0,4.340837881315781,-84.7227897208752,42.48046,10,120.89556,15,2.21774,0.1144060797401389,-0.1539426775967545,0.8446426336814785
1821.0,4.331561480225956,-65.72303138240898,44.3598,19,103.37209,41,1.51916,0.1102540262833289,-0.1049098030121345,0.8482642531821234
1822.0,4.328059263526178,-69.82290978118654,45.96823,19,111.67487,45,6.56798,0.1060942508552961,-0.1139854080284074,0.8496376203304868
1823.0,4.362577618745479,-73.04510423237345,43.85669,10,106.27426,20,1.16514,0.0750132334796056,-0.1215082078042643,0.8362455075539432
1824.0,4.352737330602036,-66.19349509562626,44.69002,27,105.37036,18,2.27831,0.1180622592580857,-0.1030561293481073,0.840030802972701
1825.0,4.340972446891009,-73.20462227260134,44.2504,10,108.31751,41,5.22048,0.1118609062096514,-0.1194000436427644,0.844590268428491
1826.0,4.3477273239884715,-53.488459720469365,47.37942,10,118.42663,25,1.74566,0.1559696000936127,-0.0679176885432913,0.8419678999361251
1827.0,4.364339837181146,-59.74286558797991,44.34416,10,114.51909,25,3.48331,0.1717373444637734,-0.0816064697394705,0.8355703311043723
1828.0,4.405850696165967,-69.89996080018693,44.62639,24,117.45783,41,1.38237,0.1154145253924488,-0.1078353236673731,0.8198994214034967
1829.0,4.380129101291676,-73.50817298923586,45.49,10,115.8604,18,1.43055,0.1493066806438032,-0.1193310603546241,0.8295571467716729
1830.0,4.4457081703965535,-71.35434955314584,46.1446,36,118.26303,14,0.9562,0.1583786080154676,-0.116326404857965,0.8052638994988679
1831.0,4.456438929098624,-63.941094874244776,44.17884,24,119.86686,42,1.06543,0.168193989625571,-0.0945555876702168,0.8013905426798839
1832.0,4.483114961004677,-47.34033631377929,44.97419,36,113.23073,18,3.66377,0.2141599872347569,-0.0532277989642751,0.7918818341195639
1833.0,4.508546893312029,-57.21740700726757,45.03594,36,111.85217,18,1.02416,0.1492443443534874,-0.0765677157136606,0.7829732943483958
1834.0,4.481016996439901,-43.09106420791293,45.95142,24,114.54494,17,1.60036,0.2078611262676616,-0.0417053178811084,0.7926235090293762
1835.0,4.469949076718907,-46.66535080260426,42.85288,24,121.44091,3,0.33718,0.2161749363333635,-0.0493434725782064,0.7965535557168245
1836.0,4.458893207292897,-37.30136199821113,45.35143,10,118.90622,46,1.77581,0.2756358852536922,-0.0284526029179876,0.800508577606176
1837.0,4.446465256904892,-35.632591306712385,46.66676,36,117.62155,25,0.60176,0.2894011990559478,-0.0247938810840222,0.8049897030319166
1838.0,4.443637974248859,-48.84560285419556,47.09381,24,118.06945,39,1.77596,0.2732911053017704,-0.0611965393667449,0.8060143848240833
1839.0,4.449528771869277,-54.60709226711945,48.00604,27,112.60394,25,4.66228,0.2724863505071341,-0.0764793770077893,0.8038816085933456
1840.0,4.460080953709697,-77.07717784582255,48.19407,38,120.20471,43,3.11621,0.1593550161406929,-0.1343345074975449,0.8000822738675247
1841.0,4.480080019830809,-89.2148980413294,46.83618,36,113.54433,1,3.29379,0.0740934786832384,-0.1681716140410038,0.7929550867451798
1842.0,4.472578437470731,-83.96773156645601,47.93026,36,112.26518,14,0.55641,0.0836842099280466,-0.1540029278149396,0.7956172676026494
1843.0,4.474236761103299,-66.59674008120146,48.19153,36,121.16124,4,0.5826,0.1306941733921928,-0.1097925789370249,0.7950276043910866
1844.0,4.429539768405997,-60.70332535367102,50.0358,36,118.77974,4,9.24096,0.1167582408783035,-0.0936332548895818,0.8111532664142577
1845.0,4.419418690012807,-57.9905817676032,49.63032,36,111.13139,22,9.42163,0.1051361632698832,-0.0858775940353236,0.814872826428786
1846.0,4.4003541060011635,-64.55412390358843,47.34509,38,119.90792,12,0.04236,0.1144147605548132,-0.1020008592953194,0.8219490136278289
1847.0,4.4316532118730105,-71.76245297479485,47.89762,31,116.83922,30,0.59218,0.0834842058493934,-0.1218752482182096,0.8103797772846487
1848.0,4.427161327875185,-73.2826708798925,49.54765,36,123.26099,23,1.72762,0.0847716948090801,-0.1244618749758299,0.8120250657023795
1849.0,4.433203556367004,-65.55950950275917,50.41491,29,119.18895,42,1.26515,0.0853201837249137,-0.1061043605109796,0.8098130773231734
1850.0,4.409838676608279,-66.68651553933626,51.32196,5,117.84098,20,0.32645,0.1220552728830441,-0.1088722458681152,0.8184171611114032
1851.0,4.396251101658379,-48.23532196814585,51.08385,36,120.98302,39,1.82764,0.2182241547679153,-0.0627755894412109,0.8234839733226356
1852.0,4.426031744865782,-47.983935210763704,49.46645,26,115.65365,15,1.66662,0.1873848232864861,-0.0614566021278303,0.8124395980950769
1853.0,4.427803072517079,-59.21226938948566,49.11504,38,116.32035,9,0.39784,0.1390845979574066,-0.0913881993457731,0.8117897006860639
1854.0,4.433403814854055,-70.5149660822403,50.24231,31,121.359,30,2.02691,0.0977112699067541,-0.125122531279222,0.8097399198641428
1855.0,4.4723970068685555,-84.04344331212108,49.60364,38,119.68287,9,0.02454,0.0867641203008331,-0.1634871472002957,0.7956818201223083
1856.0,4.455065891441265,-84.03057509359455,47.96322,26,120.6519,4,0.5057,0.1295657358183604,-0.1624641941535538,0.8018845910198108
1857.0,4.469018621340166,-81.54782037134018,48.57325,40,114.9291,11,0.41515,0.1398935824117894,-0.1544131019945396,0.7968852771788051
1858.0,4.475379846352011,-78.01360897953907,49.98326,40,116.06216,19,2.68678,0.1501331316184302,-0.1458564337015742,0.7946215301364309
1859.0,4.4811350616099,-77.83576144351899,50.59978,29,111.54128,43,0.86482,0.1749389021396915,-0.1488539926614011,0.7925817428271738
1860.0,4.471297852259987,-79.04296485360271,52.74361,26,121.25257,44,6.59729,0.185453355688015,-0.1526532391219771,0.7960730643939788
1861.0,4.480768584369537,-88.50042289457309,50.30244,40,116.7947,14,0.05569,0.1523569100983714,-0.1787514115116195,0.7927113969446492
1862.0,4.497364568990227,-88.11534072993113,49.95175,29,116.4418,24,0.82224,0.1059043869165513,-0.1795692946818383,0.7868717313297648
1863.0,4.528353894812159,-68.64693673661509,46.99436,29,115.47853,47,0.35982,0.1539449040321157,-0.1258946132767973,0.7761388300647918
1864.0,4.551775823787753,-57.95954480488385,47.01586,39,110.41578,37,0.711,0.2028558093648316,-0.1004307095252923,0.7681718745050975
1865.0,4.5734176200471826,-70.95069640732831,48.25705,29,113.11452,1,0.12571,0.1927670335516199,-0.1378763237984585,0.7609189682406631
1866.0,4.531706886302027,-62.886824248908496,48.08332,39,119.26546,44,1.32968,0.2157271296527363,-0.1138940905347177,0.7749907310329283
1867.0,4.551367206296433,-58.91996011897427,47.81201,39,115.91676,34,0.14279,0.2166577791798349,-0.1020623042794393,0.768309812201768
1868.0,4.5612069742007595,-57.81274735134434,50.78081,7,110.49117,30,0.54495,0.1995323142029753,-0.1029425508708235,0.764998480007191
1869.0,4.555252122471236,-50.01786913079772,51.01698,26,121.21535,34,0.49282,0.1951927252253759,-0.081187372945399,0.7669998753003813
1870.0,4.52867326982686,-28.458828329842532,50.75447,26,110.47777,41,0.81607,0.2575994818956564,-0.0235867363130158,0.776029362856666
1871.0,4.546222703296001,-17.562141735989655,53.2413,39,118.87957,30,1.27632,0.2687569624691636,0.007573374114515,0.7700496339203322
1872.0,4.578593836626711,-9.337461744633828,54.56873,11,120.52762,15,1.06638,0.2763832351141245,0.029972061278182,0.7591994643362349
1873.0,4.587878003058398,179.9600599104117,53.717,26,115.66935,8,1.51533,0.3081239345504259,0.0545819713939304,0.7561298960672846
1874.0,4.604416316257056,166.69206879897877,53.13158,32,116.98848,8,0.44523,0.3136147315726423,0.0858764748386817,0.7507078603440241
1875.0,4.62145279098359,-0.6976805777059525,51.27983,39,120.06913,6,0.3545,0.282729993133353,0.0466456407571555,0.7451832590188219
1876.0,4.628690562314405,173.4999605522436,48.9687,39,121.81339,5,0.20123,0.3254183992532529,0.0652454619476385,0.7428546310236369
1877.0,4.653019795950654,168.1322193795857,49.2174,32,120.64471,27,1.17057,0.3703939231551754,0.080373520058894,0.7351066156181978
1878.0,4.613898135541273,153.3553564736666,49.04729,34,116.4619,4,0.72119,0.4280604438080483,0.1184628593465515,0.7476255373124883
1879.0,4.63885185743492,149.64565699244554,48.76441,9,115.71416,8,0.47195,0.4034511435867213,0.1272188828028868,0.7396037844298341
1880.0,4.640510805562647,147.11202192959786,50.89513,34,120.96853,40,1.39546,0.4124878073393255,0.134615787367141,0.739075073238533
1881.0,4.6189562967391735,141.89976425613634,52.60515,39,112.37079,18,1.83516,0.4121065314235451,0.1451014472147281,0.7459890031504655
1882.0,4.611613871362053,140.54801412294873,52.32648,21,112.70126,8,1.2581,0.3843007012427121,0.1454017834349098,0.7483663613435979
1883.0,4.643356260574443,129.7479354578214,50.84387,21,114.3162,38,0.32728,0.4464203840195482,0.1743780678766064,0.7381695383662802
1884.0,4.6441825438542335,131.4580699810667,54.15951,47,121.71988,15,1.50826,0.4321468247709651,0.1680415796931541,0.7379068945610159
1885.0,4.661128582650484,127.96514709424451,54.1392,34,115.52844,38,1.69886,0.4630302364251208,0.1776878712483737,0.7325511667672722
1886.0,4.687015468514179,110.5020797443506,55.06104,1,117.59696,8,0.97639,0.5439167057332585,0.2226275312020831,0.7244815967212527
1887.0,4.66969163943709,124.15726537383831,54.48124,34,108.20168,19,6.39078,0.4972385251696269,0.1845999014656592,0.7298669956171554
1888.0,4.653654776437613,131.91443675459854,54.42252,23,116.40061,30,3.14633,0.5021917350335728,0.1622891727549428,0.7349060220917083
1889.0,4.665667615654914,122.76678833198407,55.59848,23,112.87474,15,1.54216,0.5142584574669088,0.1861179821403409,0.7311265232716572
1890.0,4.678739814576935,127.1444759568293,54.73495,47,114.27656,13,2.67014,0.4828588799193791,0.1747286835042099,0.7270467581210331
1891.0,4.665403871580527,136.37477676477522,54.134,47,116.29044,35,8.27105,0.4464884744033615,0.1476091361636195,0.7312091895290607
1892.0,4.666925440095557,139.3631037589381,51.68702,37,116.85749,41,2.09658,0.433316843542071,0.1378192793512132,0.7307324716017427
1893.0,4.672083288386769,146.84532027998014,52.78553,47,120.78036,17,4.67487,0.3724412150997089,0.1197611852117716,0.7291199460714459
1894.0,4.664327878342634,150.60064270083518,51.25134,31,116.04086,17,0.20555,0.3580022276116724,0.1091144523501722,0.7315465872904969
1895.0,4.658587945419093,141.60508715680567,49.40309,3,118.32954,18,2.22806,0.4272292782969466,0.1324240548791566,0.7333504021980227
1896.0,4.651627356072208,145.90963723740637,46.71603,3,121.00887,30,0.18728,0.3962217539986329,0.1216711766027291,0.7355467819907396
1897.0,4.658405287590057,123.97294881682498,48.68272,36,118.20073,7,0.187,0.4241053327952125,0.18008315812051,0.733407913217471
1898.0,4.635391096884952,122.3723371795318,49.58124,47,115.81367,7,1.999,0.4433238725855127,0.1838303625459474,0.7407085658972838
1899.0,4.648605257288027,120.53972062939968,49.85989,10,121.9264,16,1.66213,0.5093161324421417,0.1885254204508876,0.7365034636077867
1900.0,4.6457454455975435,123.89297899202155,50.86225,47,121.60508,23,1.09277,0.4804912624980635,0.178937020219688,0.737410491133262
1901.0,4.639342081476991,122.1872508046888,51.78859,10,120.42371,26,0.36909,0.5169502150667633,0.1849004222679675,0.7394474896817886
1902.0,4.643407470045177,115.40216918088478,52.16843,10,117.3353,12,0.34043,0.529192694252408,0.204653320062977,0.738153256761372
1903.0,4.639831166607679,112.7614894541886,53.70671,33,118.59751,26,0.70771,0.508036646545848,0.2128413103559709,0.7392916074101227
1904.0,4.6846388251340905,110.6627560511986,49.48603,1,110.77581,36,0.29783,0.4939079186911078,0.2174721408703722,0.7252168812209119
1905.0,4.6701932441475265,103.98910585658444,48.48159,47,118.89482,15,0.83858,0.4933882318856827,0.2343190115285603,0.7297102204932945
1906.0,4.6587550039376655,101.0223650159226,48.75332,3,104.15385,19,0.99912,0.4666927630028325,0.2424448794329135,0.7332978086467016
1907.0,4.676813343066428,105.61276811673147,47.08216,47,105.6799,48,2.60338,0.4746725386741649,0.2248136811362535,0.7276458512376935
1908.0,4.6876957175598335,110.129361872488,46.25939,47,108.55799,17,0.10779,0.4843004300351379,0.2124157809840038,0.7242713475129403
1909.0,4.702982075950186,120.5374031520727,45.46999,47,108.99792,7,0.02532,0.460890095102281,0.1824930240860362,0.7195707222038592
1910.0,4.691307189234161,124.16322366641356,44.94312,3,110.95763,28,2.52295,0.4458353085436288,0.1706534702720045,0.7231566566413161
1911.0,4.699618426139713,123.6281484800057,42.8054,3,115.18726,17,1.00973,0.4430856531585261,0.1712293872461188,0.7206011250461437
1912.0,4.682051554765054,133.22079440483947,43.40401,47,107.68437,8,3.1342,0.4181043277112462,0.1449073500039025,0.72601860266727
1913.0,4.6813252326607,146.88134326684923,45.72249,41,106.53423,17,1.95853,0.4419762418481104,0.1076987378619084,0.7262439082126042
1914.0,4.684260088255886,152.32748943317677,43.6647,32,109.78542,31,0.02434,0.4076357648689223,0.0885927018542223,0.7253341580058263
1915.0,4.695344176642001,139.74279390164295,45.18811,41,120.99977,28,0.29141,0.4476906447789694,0.1210161123826408,0.721913672446945
1916.0,4.712668978946773,124.17371862006844,44.22303,41,112.61974,16,2.18356,0.5242185844922029,0.1618901607883473,0.7166156035792497
1917.0,4.707246172960897,133.50432401966648,46.81114,41,113.70025,26,2.41712,0.4793732684404556,0.1367473366447384,0.7182676547534221
1918.0,4.6851160442402415,110.3195481177488,46.77305,11,114.04808,31,1.18655,0.5584576685576874,0.199720607409311,0.7250691496716497
1919.0,4.699365279239559,94.39480995009268,47.64108,11,117.23686,8,0.79901,0.5965877943584522,0.241997638333523,0.7206787622773386
1920.0,4.700446147878351,104.25730689440604,48.71471,11,116.37238,30,2.63715,0.5566333466650462,0.2135782943440368,0.7203473599008922
1921.0,4.716462336163209,133.39997528485225,48.57627,41,120.32327,1,1.18291,0.4916670128774775,0.1338224435535881,0.7154633476686119
1922.0,4.727033305450819,133.72422728653797,46.80949,14,115.34204,1,2.14032,0.4668051792892553,0.1328117146375456,0.7122669731408737
1923.0,4.712683744813808,145.7721244680495,46.29058,14,108.09575,26,0.76768,0.434226680764848,0.0961974041983261,0.716611112960013
1924.0,4.737355635625325,153.4558383992035,44.71618,14,120.20243,42,0.46489,0.3972714701315171,0.074673842942971,0.7091664058887045
1925.0,4.73954929545687,139.1196491380762,45.3089,48,118.17022,42,2.09371,0.4573674782137559,0.1099463109980231,0.7085100946036927
1926.0,4.7282228828832995,135.65309930272758,45.5503,11,115.67904,18,2.16877,0.4680892267111147,0.1207213173612767,0.7119086185742216
1927.0,4.72587657010262,127.51098562073108,44.43804,11,116.04898,6,4.69984,0.4564789396464864,0.1438832850977654,0.7126156937242321
1928.0,4.726531983970096,110.24905594922754,43.66573,34,114.37366,36,0.04689,0.5072865817622882,0.1917965355039169,0.7124180749091438
1929.0,4.71666908301899,126.62840961833888,45.23975,11,116.82779,18,2.41455,0.443547763210399,0.1467940236271148,0.715400626899759
1930.0,4.743074883895808,92.52922353768945,45.74749,14,110.585,32,1.82548,0.5377958526542927,0.2430480031241058,0.7074571967712153
1931.0,4.767217536367049,101.59712189375152,46.57748,11,111.14362,16,0.47644,0.4806255696033649,0.2168585300980874,0.7003097804010953
1932.0,4.780568864481022,98.37971375543418,48.18002,11,120.40525,38,1.08208,0.4660406464974815,0.2280414816874625,0.6964035469211067
1933.0,4.775492272071929,83.32467423382514,46.62008,30,115.57435,31,2.28063,0.4499447828746662,0.2700037183306115,0.6978849590524756
1934.0,4.766761150588415,66.98379033227266,49.01555,11,122.54091,10,3.37712,0.4507543295269349,0.3171567618689543,0.7004438868581437
1935.0,4.776853339277381,71.20982763656082,47.19971,34,112.17207,15,1.14445,0.4263618855498889,0.3063525152048476,0.6974873194597738
1936.0,4.761142278254176,69.948508635026,44.34933,11,119.38086,40,0.36226,0.4242106196068191,0.3106320245589163,0.7020981231370232
1937.0,4.776321866991335,75.94299869676945,47.49783,30,115.34072,20,1.02123,0.4167693657520608,0.291815035488053,0.6976425501224203
1938.0,4.781051117309004,90.67141548662866,48.11235,14,117.11206,37,1.97744,0.3771490630530336,0.2471148648066788,0.6962630649919772
1939.0,4.778280507999352,100.29439482080905,47.27675,16,111.27175,37,2.04178,0.3412931840738471,0.215938396664648,0.6970707330213454
1940.0,4.778980337611918,124.92020799186528,47.74483,34,117.66546,19,2.93278,0.3118582041242231,0.1490870465792662,0.696866591138428
1941.0,4.763487430355862,134.23440757193382,49.49373,27,114.07021,21,0.5695,0.2814006311282779,0.1232788650733383,0.7014069817808383
1942.0,4.790363542568084,129.01394039581115,47.85793,27,114.4033,29,0.61007,0.2866015574943328,0.1333637914611303,0.6935586374990397
1943.0,4.765603746273596,120.24391823912876,45.70034,27,114.6745,37,1.2216,0.318432305995324,0.1555681073964977,0.700784156534579
1944.0,4.756186096152438,109.61702461362748,46.67269,44,118.83693,36,0.21453,0.358668540840962,0.1830194368878266,0.7035621277427715
1945.0,4.758690803218341,114.541767622168,46.8148,44,110.99045,19,0.15016,0.3363802239863125,0.171853035427507,0.7028216916272225
1946.0,4.731768016152136,107.216595255242,49.30236,31,112.83822,19,0.33336,0.3949193796543483,0.1892666378061469,0.7108422664305073
1947.0,4.732724406498542,94.09114296991628,49.33328,44,116.24041,6,1.3814,0.4315375230239545,0.2227502260847928,0.7105550010283247
1948.0,4.737640018820219,88.26262367963344,49.73942,31,118.65575,21,2.28436,0.4503967295600314,0.2361607335728688,0.7090812711150573
1949.0,4.726025749423394,81.40862387961448,50.00133,31,113.9655,20,3.00726,0.44980533755488,0.2536474769752841,0.7125707063064842
1950.0,4.736334028825519,88.93225434885346,49.5415,31,111.6954,19,3.76025,0.4759238927856853,0.2351581558919173,0.7094723671459294
1951.0,4.756425678898677,85.9889460023744,47.34797,41,119.22736,17,0.98746,0.4268297155871944,0.2435842184828651,0.70349125221024
1952.0,4.729179913230538,80.39134300363483,49.84667,31,111.63906,17,1.59244,0.3895751838006188,0.257757623809322,0.7116205139866392
1953.0,4.7235104557471175,82.02668232230053,50.04602,46,111.04315,18,2.24286,0.3574219812284739,0.250045552035576,0.7133298035157792
1954.0,4.746892157554464,75.54593632205814,47.51916,31,109.94483,38,0.09325,0.3792486292764086,0.2680711405757927,0.7063198328757
1955.0,4.725206397072036,79.67384801703258,48.83617,31,118.08019,45,0.36714,0.3704533565495576,0.2570173430299579,0.712817847723913
1956.0,4.726333506048824,94.40488567080826,49.58696,26,117.49278,19,3.45488,0.3327172488579593,0.2131044257228669,0.7124779108167741
1957.0,4.729846633280952,105.40561948513768,46.32281,35,120.89875,25,2.90166,0.2747697203791872,0.1796576475362451,0.7114199078095906
1958.0,4.707452077235253,110.176172824615,44.77527,31,119.57565,18,0.04198,0.225787093679886,0.1655509913937022,0.7182048219753656
1959.0,4.696726469485451,109.39917374121768,44.63885,31,118.93565,34,0.39317,0.2154218304611284,0.1658318187793329,0.7214888023744933
1960.0,4.716337518169895,122.91350656312866,44.09886,12,113.23265,10,0.94006,0.0932763267922545,0.1267864372238568,0.7155012176813923
1961.0,4.695754824300738,122.6180856449992,47.53979,14,117.81053,25,0.90169,0.0504523946903265,0.1259031094890839,0.7217874140676221
1962.0,4.6764623322836,109.60285299746744,46.79213,16,115.49482,48,3.55985,0.1161430280914721,0.1625441594397661,0.7277550881382344
1963.0,4.701760366397273,127.33147167952212,45.85158,16,109.77674,44,3.4153,0.0920887811176042,0.1149091209207813,0.7199447185672173
1964.0,4.70707927382729,122.7074097064788,45.5785,16,111.32277,44,0.3498,0.0728216927986454,0.1248012293651674,0.7183185909571981
1965.0,4.671676209208907,114.22585692935743,47.54876,26,118.28821,29,2.00181,0.1041382416191932,0.1472351253541677,0.729247019295946
1966.0,4.654103691868531,110.8535438189781,49.14895,12,116.3999,5,0.88489,0.1100153851896806,0.1587242418492726,0.7347642569895406
1967.0,4.633723802014106,124.67171506738332,49.95672,12,118.18696,9,2.71188,0.0447903430853008,0.1210298326842262,0.7412417015907857
1968.0,4.616041227009293,125.77337486367458,50.74789,36,114.18667,37,0.30629,0.0820102861234281,0.1174916308220785,0.7469314975942435
1969.0,4.606001792818745,143.87989318279693,49.93205,26,115.79073,29,2.10845,-0.0313002085297221,0.0690605212355965,0.7501911324222732
1970.0,4.587732784442824,157.50438990908737,48.94201,14,113.60601,5,1.44922,-0.0395402537510255,0.0350169747731262,0.7561777654091633
1971.0,4.5654386932107,166.91411113774708,50.8889,26,120.09734,9,0.7394,-0.0706873176284426,0.0090468365186659,0.7635809784195308
1972.0,4.59034719765133,163.29912214477878,49.96366,14,111.44282,19,1.08942,-0.0679014706576021,0.0176743243255943,0.7553166548797169
1973.0,4.594548131680128,162.82311426225573,48.22829,14,113.02562,2,4.08455,-0.0522407658582169,0.019347641956774,0.7539360686953657
1974.0,4.59464726822166,177.14134687012205,48.16727,14,119.27287,20,0.31683,-0.1081199829360728,-0.0197027301703373,0.7539035343989636
1975.0,4.618532820617876,-7.4296424195452175,48.13116,13,121.71762,25,2.34614,-0.1273099033175357,-0.0455762433293654,0.7461258098052104
1976.0,4.632363521587198,-11.633966265402478,47.13064,13,117.54216,9,0.5208,-0.121728185042477,-0.0565590002896913,0.7416770925592618
1977.0,4.635696071346271,174.797826814735,45.95337,14,113.91596,8,0.43033,-0.1261712675270948,-0.0153077015061044,0.7406111092212166
1978.0,4.635900053106012,-2.9989537394657617,46.11997,13,108.77807,23,1.81406,-0.1516144000033664,-0.0364712653646613,0.7405459361881437
1979.0,4.613611725416733,175.9388489033558,47.92746,14,121.28801,22,3.10638,-0.1113063484882453,-0.0160836664128256,0.7477183644433553
1980.0,4.611982196386868,173.92966235796547,49.75965,14,112.98374,4,6.47979,-0.1358984184764874,-0.0113231684172449,0.7482468331060088
1981.0,4.609882083006743,179.96781459208302,53.4016,13,117.9453,23,9.62559,-0.1473770839918942,-0.0257869334301865,0.7489287425769277
1982.0,4.607585654180749,-2.1494445521256864,51.82557,13,116.5666,47,3.66448,-0.1538680263420536,-0.0291667027654913,0.7496754634295395
1983.0,4.594330115475037,-8.086022054864301,50.64175,43,120.32301,35,0.85371,-0.147862128061696,-0.0418778665467299,0.7540076239281872
1984.0,4.603741062683981,-9.001470154108333,51.38037,15,115.94262,20,2.29276,-0.175902555975536,-0.0462427646282035,0.7509280965972073
1985.0,4.6205135115270535,-15.669828477612173,51.69436,15,117.84167,23,1.27801,-0.1453465652048638,-0.062805447997118,0.7454862584442572
1986.0,4.636423713351988,-19.52777690413025,51.39952,46,111.51564,22,0.85195,-0.1372826738871465,-0.070412643895112,0.7403786639147805
1987.0,4.637532129361948,-25.88638648454284,52.1767,46,115.28586,31,0.48779,-0.1407586035648034,-0.0835531343250776,0.7400247905743106
1988.0,4.639188038346457,-29.46359518507848,52.0754,33,114.33602,31,0.13543,-0.1750892114519069,-0.0957750608431146,0.7394965968515597
1989.0,4.6487641176713055,-36.2245878124348,50.43351,33,116.79727,4,1.58535,-0.1814492515876493,-0.1120963390927164,0.7364531279829046
1990.0,4.637410625503739,-37.13208789500374,52.85958,46,114.00513,22,1.9041,-0.1628382513209019,-0.1138695308546334,0.7400635695621641
1991.0,4.65523919757891,-42.797401838234215,50.59195,37,112.69087,40,1.89202,-0.1698935528593976,-0.1268201628126648,0.7344058533847235
1992.0,4.653472077342335,-51.889869178836605,52.99655,37,117.60033,25,2.33345,-0.2090779346332032,-0.1526375948558683,0.7349637292397595
1993.0,4.662875438007267,-51.53803890248747,50.36569,37,106.46813,25,0.23805,-0.1830170765906868,-0.1509823303284728,0.7320023975596073
1994.0,4.673543258788558,-44.961948350145136,47.64165,15,114.38783,4,0.2081,-0.2058600429886302,-0.136615841347001,0.7286644769710817
1995.0,4.665985368050955,-67.08866941973598,48.50234,13,115.58336,25,3.02368,-0.2561259777898234,-0.1947916213052392,0.7310269476082619
1996.0,4.689654192002238,-68.62272537767795,48.62716,1,116.88141,9,1.56177,-0.2521509951971488,-0.1987149453214607,0.7236665392783906
1997.0,4.693523238804029,-63.930760392644885,52.88123,15,116.95076,25,2.87181,-0.2377350015066648,-0.1869135764508792,0.7224739402282023
1998.0,4.683466807421728,-57.01607863273236,50.61585,15,117.41807,20,1.33281,-0.2408372239693016,-0.1706275026931456,0.7255798915358654
1999.0,4.694816870019627,-61.03880983130175,47.29256,33,119.6511,2,0.45887,-0.2215952395986983,-0.1798128974984222,0.722075847564146
2000.0,4.690383094980935,-61.11462158284409,46.26685,15,116.45116,34,0.0958,-0.2145149750721411,-0.1785950053651236,0.7234416358114474
2001.0,4.705145335744728,-60.69556941256742,46.07541,7,123.75016,5,0.44572,-0.2152816401477275,-0.1752095739024145,0.7189092078562613
2002.0,4.692125762926045,-73.44364653861882,45.46769,7,121.54192,23,0.676,-0.2636436701877532,-0.2119774702957225,0.7229043593208039
2003.0,4.687196022774058,-67.32824735507695,47.49126,37,118.00875,3,2.27645,-0.2752296319580335,-0.1938210197897481,0.7244257826616565
2004.0,4.69686790053967,-73.5155411452645,46.31819,33,110.77495,3,4.76222,-0.3299037970924428,-0.2127955641076419,0.7214453524041
2005.0,4.696068497281577,-81.45494722641257,48.83834,27,113.05966,30,3.43516,-0.3242174679155972,-0.2316580324529774,0.7216909939883631
2006.0,4.689951451329427,-80.9557658885738,50.05986,44,119.13745,46,1.65541,-0.3524064294061381,-0.2296946793554419,0.7235748070660096
2007.0,4.678215895131102,-91.9942532140236,52.27483,44,111.37641,46,1.33941,-0.3967058523287265,-0.2594784702199744,0.7272096130523449
2008.0,4.66910092854977,-79.57532248836633,49.99192,7,105.91156,19,2.40383,-0.3449815156363595,-0.225438858296502,0.7300516854150622
2009.0,4.6442475601598225,-69.78041549080514,50.13074,7,113.87195,5,1.91225,-0.2918716526035662,-0.1968227961335969,0.7378862343168252
2010.0,4.627438308259311,-83.49214135972332,48.98828,27,119.07478,14,1.86941,-0.3426145661696163,-0.2354510261543218,0.7432567405844213
2011.0,4.629008198620159,-81.62428398425287,50.30488,7,118.05368,6,1.11335,-0.3336045233357644,-0.2290499277114108,0.7427526871535721
2012.0,4.652820922157115,-73.88044627184601,49.81999,7,119.08331,9,1.88001,-0.2649819642376574,-0.2054645691861792,0.7351694577383205
2013.0,4.650942411006172,-73.18433345916641,49.95954,7,120.40942,14,0.05545,-0.2365265110210089,-0.2016100861437916,0.7357634461386331
2014.0,4.626069350687881,-64.90461012155647,48.83349,7,113.79591,14,0.55312,-0.1993048302408574,-0.1769009525492541,0.7436966983169963
2015.0,4.639180444232546,-53.90710855837449,49.12503,27,105.28706,21,1.9291,-0.1638775756392871,-0.1478318337185404,0.7394990178938353
2016.0,4.642473499069226,-39.49515548088213,48.89215,27,107.54326,11,5.55613,-0.096813703930575,-0.1059170451029548,0.7384502893952669
2017.0,4.644933485123777,-43.262823816996885,51.84281,35,106.48882,22,1.64268,-0.0913218303333137,-0.1173345778767998,0.7376683206612548
2018.0,4.678798887498246,-31.514358001652404,49.45542,34,111.3984,5,3.85908,-0.0665323165673803,-0.0875018183630186,0.7270283993474094
2019.0,4.682282627175703,-27.32864218812469,46.36295,34,109.49258,24,2.83531,-0.0515561104649654,-0.0732988541553066,0.725946945852647
2020.0,4.702131259983714,-19.409083089604152,47.32704,34,108.85084,5,2.26172,-0.0393912203421498,-0.0519591725923043,0.7198311477913872
2021.0,4.694367057914013,-28.597750167996843,43.89454,34,118.64779,40,1.39975,-0.0494883941689473,-0.0771480919843503,0.7222142321490832
2022.0,4.712701817606135,-23.19033193315576,45.36848,34,116.79231,48,3.25003,-0.02712636851542,-0.0638204217244456,0.716605616690785
2023.0,4.711260826582444,-30.20576823083776,47.61386,45,114.51708,1,0.59986,-0.1171019006008238,-0.0876246630889272,0.7170440471741061
2024.0,4.699812728698352,-42.86982608560191,47.71737,45,112.28794,14,0.52321,-0.1857168951875044,-0.121892377197479,0.7205415432048444
2025.0,4.658978268637498,-52.66742162001073,48.72791,13,113.864,6,3.76468,-0.1904251792136199,-0.147797805618383,0.7332275290347943
2026.0,4.676347246197606,-54.71665826027697,48.39756,13,118.08483,4,0.70162,-0.1861611774308522,-0.1509824515533331,0.7277909090518045
2027.0,4.73258335807822,-57.03008191369778,46.6423,13,118.34202,37,5.1443,-0.1440222867460653,-0.1544693921019422,0.710597355973337
2028.0,4.69820390884013,-55.4188253765596,48.98415,16,113.47671,37,0.47119,-0.1076900647971844,-0.1507243749322304,0.7210351020386921
2029.0,4.7164941071073425,-56.69033237253945,46.66186,34,115.75028,14,8.32034,-0.1378904110047649,-0.1566366651186359,0.7154537087847407
2030.0,4.711156346772881,-50.95972677463776,43.39167,46,111.81995,24,1.62665,-0.1240203430678766,-0.1405876426586596,0.7170758514491923
2031.0,4.713958384112316,-56.763489389560505,41.86264,46,117.74526,21,0.1891,-0.1350269581341334,-0.1542737993187601,0.7162236266400719
2032.0,4.728068278218692,-52.8923335719596,39.8409,34,114.21574,1,2.18235,-0.1577070108234869,-0.1437322885318797,0.7119551772050386
2033.0,4.710223765452288,-60.1048145800917,43.23643,20,119.78309,30,1.24936,-0.1458141162194469,-0.1586731414647801,0.7173598285081112
2034.0,4.699821265056443,-62.90921964915488,47.05935,20,118.49785,27,0.69659,-0.130881657533788,-0.1657794293085241,0.7205389257457119
2035.0,4.666760353846635,-62.7335700629483,47.86602,46,118.69694,4,2.89071,-0.0934830294025191,-0.1657842210924223,0.73078417171371
2036.0,4.684545783711667,-68.28716488118701,45.06457,13,117.69759,37,1.85744,-0.0909670634194825,-0.1778429083038708,0.725245689085488
2037.0,4.683986701959643,-59.64167087910235,45.04369,16,119.66808,9,0.26255,-0.0953489782221116,-0.1564916696151761,0.7254188304092781
2038.0,4.665683768929398,-68.14666145868718,48.33225,8,120.11319,31,1.06532,-0.1249787101049003,-0.1790690428944367,0.7311214607481114
2039.0,4.678799162253634,-60.66141999138376,48.13916,16,119.13968,1,2.31524,-0.1600822845473222,-0.1619278913584955,0.7270283139601306
2040.0,4.714915804560835,-44.572608023768765,47.67866,16,120.65034,45,1.61149,-0.0862926865229979,-0.1170026403833392,0.7159327805033853
2041.0,4.707629124739072,-43.56262753159658,47.56633,16,119.80209,45,0.43521,-0.0822515517616822,-0.117680687049409,0.7181508015856943
2042.0,4.721294921380296,-51.040692592640966,45.82043,16,117.61375,2,0.9218,-0.1077886009621297,-0.1386472835400154,0.7139994407805463
2043.0,4.718794311345296,-55.543474122069625,46.52452,16,114.49716,21,0.4852,-0.1391632868835547,-0.1489847498450032,0.7147563744896365
2044.0,4.712959619454588,-59.78076305167792,48.40116,32,114.63183,37,0.26781,-0.1219646574415461,-0.1598113098639826,0.7165272212812112
2045.0,4.734707741785458,-44.16146647998955,46.52031,32,107.90004,21,0.25971,-0.1073596749562868,-0.1172969641493372,0.7099598328712381
2046.0,4.713645455334616,-31.442778760580396,48.49719,32,109.47297,7,1.18814,-0.0671736257497918,-0.0847855576991075,0.7163187268871407
2047.0,4.718178055339583,-21.32986741348944,47.95265,18,116.64248,36,7.41388,-0.0571880095757517,-0.0603628155782882,0.7149430998183577
2048.0,4.724265213937211,-23.01498972997601,50.4807,35,119.28777,6,1.51164,-0.0866799964503062,-0.0650337673038889,0.7131018956910478
2049.0,4.729094997846891,-17.240895051210046,49.53638,35,116.98363,3,8.30989,-0.0822203648261163,-0.0520039590251299,0.7116460698578999
2050.0,4.745593763828679,-21.246098388093785,50.95618,32,115.6269,45,0.04535,-0.0905392891380799,-0.0636786346239139,0.7067063837444395
2051.0,4.77157961959417,-15.140918115567828,51.95188,32,116.20549,8,1.33079,-0.1467681134828223,-0.0502076534367391,0.699029947110141
2052.0,4.777333885245724,-11.018797888642496,52.51131,35,117.37955,28,13.23614,-0.1093319108597556,-0.0406484777231683,0.6973470077838527
2053.0,4.82122601907033,-3.4587561275642145,47.43218,9,118.58947,48,0.82779,-0.1083919166382174,-0.0189345472909357,0.684707599795434
2054.0,4.855672129710853,-8.66348188896292,45.26339,30,109.06262,29,0.30942,-0.1175668559071172,-0.0346304463340209,0.6750274338531804
2055.0,4.862681078182894,172.4084066316459,42.71017,9,117.63371,27,1.34646,-0.0863467691390652,0.0085042821423725,0.6730829005045162
2056.0,4.883154226607758,172.26299456296374,43.47487,21,120.00126,27,1.66993,-0.0342604357059533,0.0101836853417885,0.667450787260938
2057.0,4.89529611042961,179.46923160499827,44.39037,21,103.05253,10,3.53928,0.0009880871249293,-0.0068326991855299,0.6641439149679127
2058.0,4.893527420139321,-18.00416160591341,43.61696,9,112.63866,13,1.70843,-0.0711456329873521,-0.0560794398253699,0.6646240909535261
2059.0,4.907354037236912,-19.84002839521331,42.94077,9,120.55302,10,1.40752,-0.0483514164506829,-0.0598463116899102,0.6608841704586963
2060.0,4.920545955022198,-4.23828930585357,43.65714,21,113.74124,13,0.90607,-0.0254497788883802,-0.020562020907478,0.6573452774743047
2061.0,4.899773957881424,-12.07101655303822,43.71926,9,114.51805,10,0.04138,-0.0796493056034898,-0.0435992566205793,0.6629305625805768
2062.0,4.927360743877005,-10.811566441836078,43.20436,26,118.72139,18,0.36041,-0.0816693270083081,-0.0401744578060177,0.6555282514033842
2063.0,4.948096602885114,174.18011330390704,43.3882,26,115.94084,22,0.50265,-0.0047327877955477,0.0064042995096175,0.650045553431384
2064.0,4.931242742218874,-5.409604944473415,45.43022,26,106.49559,3,6.54172,-0.0762668348788349,-0.0233543704017726,0.6544965609883754
2065.0,4.9251207463762725,-10.392770131794308,44.73466,26,118.21209,23,2.45658,-0.060114299220578,-0.0330148795142304,0.6561246694967715
2066.0,4.891408626937928,179.7720263517278,47.46306,14,107.31567,23,2.96336,-0.0407393683863482,-0.0038275662225719,0.6652000011280398
2067.0,4.916133244072806,-12.191059157928564,47.64172,17,113.22833,45,2.58296,-0.0743686941500707,-0.035711824121355,0.6585258705864723
2068.0,4.921819692676497,-10.65555903244369,48.03195,48,119.77119,3,0.17781,-0.0461275460461022,-0.0299353161320571,0.6570050874056617
2069.0,4.943745014513212,-24.722315340588978,46.30782,32,118.2092,27,0.43357,-0.1384876554255664,-0.0684680234136835,0.6511904246241077
2070.0,4.97641092037328,-26.529246114864534,46.46768,48,113.33296,1,0.01519,-0.1146609677049869,-0.0715628817225502,0.642669460397544
2071.0,5.0167540120406136,-39.86037193486474,49.17544,32,118.68885,12,0.28996,-0.1360825800302399,-0.1064540403333878,0.6323747464950668
2072.0,5.0058486591419715,-21.028155948453872,51.70126,32,120.83135,12,0.82247,-0.1466068740382041,-0.0564026862701214,0.6351330326852938
2073.0,5.040939367654617,-21.970083992195143,52.33764,36,119.98113,45,0.40238,-0.1445887932436829,-0.0576818858788828,0.6263213037405955
2074.0,5.075053884510515,-24.603015109745783,51.82238,19,117.85911,2,3.19288,-0.1671382182394028,-0.0648578557305545,0.6179293395004949
2075.0,5.055024809956382,-18.13892386449764,52.3284,32,116.12509,16,0.4677,-0.1606282948157776,-0.0472224831759215,0.6228357732105834
2076.0,5.078196757811251,-15.583423058586789,54.58775,48,115.06492,2,1.07681,-0.1707120202112895,-0.040895375924142,0.6171647087683263
2077.0,5.078655959376172,-6.336351374618019,53.60683,32,119.67474,35,1.12714,-0.159031831746866,-0.0136843074025559,0.6170531083015925
2078.0,5.089064424415029,-20.95634683108392,54.82039,30,124.59856,12,4.42765,-0.2236428276942404,-0.0523415747869988,0.6145316201662641
2079.0,5.11050276676408,-20.365576817940777,53.65661,22,118.50813,39,0.33428,-0.2585508964078954,-0.0528993415398308,0.6093865663268483
2080.0,5.1231687852057455,-15.44886329956826,51.80132,30,117.39152,45,3.79225,-0.2385172238357507,-0.040366326473145,0.6063771162858388
2081.0,5.145296987342652,-12.43996761535449,51.67139,11,118.77871,23,0.01765,-0.1932385063316548,-0.0309718568492924,0.6011726811711411
2082.0,5.15861463321897,-17.01570410303472,51.0198,19,122.24668,10,4.49325,-0.23096311656478,-0.0438328065838627,0.5980726743249125
2083.0,5.169298762879259,-22.38107658568535,49.35592,48,111.69919,1,0.79435,-0.22714622091637,-0.0576198049447242,0.5956029843938152
2084.0,5.181937138702996,-13.080259350609282,49.46513,8,123.66034,26,0.64604,-0.2231873362146338,-0.0342505475369137,0.592701260696832
2085.0,5.194271110827398,-17.480796252275923,48.91483,19,115.88438,44,0.08867,-0.2281108821220343,-0.0455004803387689,0.5898898242806574
2086.0,5.1959085481466945,-17.286872650233576,48.02531,7,118.05462,14,0.14269,-0.2429415280868397,-0.0455091225121185,0.5895180874012802
2087.0,5.236160646995304,-20.756168231967237,46.80062,7,112.1073,1,0.16728,-0.2530719311985863,-0.0530074529076381,0.5804892839413704
2088.0,5.237362641735675,-22.72540369307748,47.96384,27,118.49732,14,0.008,-0.2592821985780805,-0.0582455773953407,0.5802228654990039
2089.0,5.292757981412734,177.5306459696775,48.76844,48,112.04528,10,1.37846,-0.1807995730776205,0.0107245327373785,0.5681409068807761
2090.0,5.315220046192116,174.51681701440398,47.79396,48,118.09599,5,0.92706,-0.1741538850513758,0.0184930877064571,0.5633491381445187
2091.0,5.324003201575459,164.57193164451343,50.13123,7,105.91873,30,4.41238,-0.1797640957422625,0.0460791262757173,0.5614919260370229
2092.0,5.3108781537967635,163.15147779450135,50.34405,19,117.17229,26,0.27909,-0.1815420155128451,0.0507313700277197,0.5642706434506015
2093.0,5.309711547883941,163.4657582675673,47.77211,19,112.9931,30,0.63555,-0.1893081562685751,0.0488598809448467,0.5645186244489007
2094.0,5.3026605485547025,164.3060345853916,48.49652,22,117.06699,16,1.25946,-0.1870583568972654,0.0474456009941546,0.5660209144060862
2095.0,5.294993706005419,152.12942043245027,49.00532,22,117.98834,10,1.41807,-0.1110846441186331,0.08214367877321,0.5676612317362371
2096.0,5.274586010216198,142.3030927909819,50.42333,31,113.08825,4,0.19534,-0.1128515067636593,0.1070701966675121,0.5720623614479057
2097.0,5.294142849095648,120.638433619061,51.08746,31,116.97107,26,0.2385,-0.1137293462733119,0.1620607642865311,0.5678437116232177
2098.0,5.3229805158226595,121.12885660268184,49.59709,28,113.47391,16,0.77728,-0.1325973681724528,0.1595041814724765,0.5617077017490513
2099.0,5.321872867981086,128.1089902489068,50.02718,15,113.62976,35,3.66305,-0.1706126380348822,0.1399817476095008,0.5619415438891477
2100.0,5.360959624319772,117.00597875670906,50.98538,15,116.36416,38,2.16526,-0.1958504836229656,0.1719037916633133,0.5537771844261642
2101.0,5.3613831110060275,115.83112021298072,50.16091,25,115.61603,35,1.97421,-0.1936762008542309,0.1753134888361714,0.5536897040138012
2102.0,5.3857885331845,127.31640316950676,48.83826,25,114.5778,35,1.49737,-0.2554955778635584,0.1440346239679907,0.5486830409787543
2103.0,5.38557892862699,153.7920067037299,47.75944,22,119.39891,48,0.23052,-0.3364884755173098,0.07488708100697,0.5487257508547191
2104.0,5.433287857821215,167.36443660812483,45.46316,28,104.56224,1,1.52574,-0.3746564758851458,0.0364018167938767,0.53913149370594
2105.0,5.436394763760991,168.91987123689827,41.72978,14,110.13194,1,0.00968,-0.390429284263137,0.0338121200179633,0.5385154412403466
2106.0,5.433349852490668,163.0178607028426,44.3703,22,118.6249,2,1.15555,-0.4094895275595165,0.0531921694027814,0.5391191907661438
2107.0,5.490378378526075,163.72429602401576,42.52746,22,117.40371,27,0.22163,-0.3899124066179251,0.0517820530726584,0.52797770078536
2108.0,5.469373006433174,159.83187747112947,43.65744,31,118.94015,5,0.33627,-0.3837244829316828,0.0641906795992258,0.5320409323756758
2109.0,5.472535314217972,162.20555360006358,46.45681,31,112.73259,45,1.49386,-0.3662922207407491,0.0579542639305368,0.5314262296920063
2110.0,5.489136084318824,162.21538709210455,47.66405,31,110.53713,1,3.91403,-0.4180720065846496,0.0619005185694964,0.5282167102946161
2111.0,5.503578759235829,174.2277893190414,47.14799,22,103.2121,21,2.76235,-0.4292456212590825,0.030806973049784,0.525448020099209
2112.0,5.515369073388841,176.51415094463292,46.99999,20,107.70088,21,0.52317,-0.4739562276733339,0.0258945325164585,0.5232038999514758
2113.0,5.505135944847157,167.80838920036172,47.64216,20,103.42662,1,0.68195,-0.4471673267886901,0.0484646356456701,0.5251508051408448
2114.0,5.526672889728321,167.2255679779293,46.76105,22,107.51473,6,3.61222,-0.4353494019114485,0.0498049263638318,0.5210658495571364
2115.0,5.557363274413709,163.20173139057144,45.17457,7,117.16788,1,1.80667,-0.4104658180952741,0.0586128916635111,0.5153265974368723
2116.0,5.600522619277687,146.57433124877377,47.03701,7,118.37297,8,0.09169,-0.3567128631422623,0.1031483880449985,0.5074146716224549
2117.0,5.590205455801673,126.2828875828709,47.33698,7,115.55129,27,0.335,-0.3041056405924855,0.1588292112378426,0.5092893472616828
2118.0,5.632195752768584,122.12681246623036,50.76525,7,96.52403,18,8.54387,-0.2697482332497544,0.1694604271358518,0.5017237390438429
2119.0,5.6521328083312605,114.53471029112367,50.81764,7,116.69036,26,0.77064,-0.2281401196287577,0.1890816852335081,0.4981904702610605
2120.0,5.646300444692701,112.7135496839296,51.57065,7,111.82719,46,2.35962,-0.2370881334356275,0.1929197933236883,0.49922021662367205
2121.0,5.647257766032297,115.9759712505483,49.00559,7,112.98694,2,4.13589,-0.2495273624520478,0.1822545827965997,0.49905097566517476
2122.0,5.6634850907988366,124.47972567754664,48.17359,40,119.44173,27,5.46555,-0.2450461532739862,0.158320271923849,0.496195256849878
2123.0,5.678266294679565,132.66962210879254,46.98402,23,114.932,45,0.74696,-0.3166175518303146,0.1384668858717511,0.49361530840603973
2124.0,5.647574604982132,127.70088210800918,47.5712,23,113.18919,31,1.89337,-0.2640454131750223,0.1486630927042403,0.4989949819465501
2125.0,5.708829672384892,138.57100394475574,48.17895,40,120.02757,6,0.0544,-0.2912005669912803,0.1180093275204834,0.4883441171043053
2126.0,5.705762576746411,127.97598844638205,45.6621,40,107.2549,48,1.28748,-0.214850955074579,0.1461343555895875,0.48886927063367974
2127.0,5.728775207888216,115.67977662650227,45.53703,23,110.92613,27,2.03862,-0.2208927202433843,0.1807504649032838,0.4849495594588421
2128.0,5.706738776121721,112.55741025652452,45.89678,13,117.64534,27,1.0129,-0.2137497016101181,0.1893725313613645,0.48870203218898683
2129.0,5.689805428668229,119.89536987256884,47.88986,13,105.41364,18,1.65005,-0.258716070456834,0.17012968668572,0.4916151987313592
2130.0,5.7334013163991715,104.38713248179197,46.41743,2,113.10377,25,3.0574,-0.1429664730249641,0.2100862393336317,0.484167292848519
2131.0,5.7613578607683795,82.86506493598853,46.35408,2,100.73804,7,1.9757,-0.0556984158537886,0.2683450996179279,0.4794799242121509
2132.0,5.814329295255301,87.63646189498863,46.53473,2,112.12643,7,2.80708,-0.0968207940111446,0.2575239632499618,0.47078311997932676
2133.0,5.810109891296933,79.77406369738432,45.9958,2,122.52246,4,6.05952,-0.0587589260110228,0.2782709151531243,0.47146715022495983
2134.0,5.834968458427024,70.61289135333891,47.26988,35,108.96286,16,0.42739,-0.0124050832906645,0.3042193667012438,0.46745854840195555
2135.0,5.87220785295723,93.73745172846094,45.71714,2,110.93194,18,1.49071,-0.0947873528891266,0.2389878705647147,0.46154844557111396
2136.0,5.888955935322779,108.0135937783772,44.45591,40,120.17931,41,1.62748,-0.1367629435528249,0.1987991253237657,0.45892690810168246
2137.0,5.89575113897212,115.73749798127908,42.49831,40,114.4722,32,0.62168,-0.1471820732193962,0.177091484285418,0.45786963665385577
2138.0,5.914249097770708,115.52322878301558,42.28393,11,111.38422,18,1.33245,-0.1445605682685448,0.1783620250984049,0.4550099639232901
2139.0,5.921345747263171,103.95828060049794,41.74671,15,112.5864,41,2.8591,-0.1721102533900566,0.2101838085462188,0.45391997141683443
2140.0,5.927415042211049,120.34171863190892,41.99477,15,117.33414,27,0.84294,-0.2015546215185689,0.1631126621067123,0.4529908771284391
2141.0,5.949859006991456,121.02264911030838,43.88881,11,116.51626,25,2.82932,-0.206200204293118,0.1615852075070964,0.4495797927485993
2142.0,5.9395165928060605,108.9236831138898,41.30637,11,105.84374,9,0.16385,-0.1282960086498201,0.1940342441589804,0.4511468524996479
2143.0,5.9625236596378395,105.77395453797304,40.4567,15,113.98164,9,1.87443,-0.1179916213094621,0.2029306810763225,0.4476719680319557
2144.0,5.945520783998486,114.4674538746103,40.67074,21,114.8448,17,1.67231,-0.1909187465164981,0.1792760954261835,0.4502361150535715
2145.0,5.94584782285851,95.97049792654552,40.28525,45,111.68966,31,2.30248,-0.1955466254642884,0.2322348962022107,0.4501865878336518
2146.0,5.972714192572196,85.3294298072096,40.30884,40,120.29371,39,0.08649,-0.1519931162090498,0.2608390258925926,0.4461456521983018
2147.0,5.964117442566837,81.15195765141493,43.06232,11,118.09356,23,0.34242,-0.0784124442702019,0.2731191115255206,0.44743273846795956
2148.0,5.946394922685597,85.9862484532575,45.9715,21,117.21601,23,1.90109,-0.068544331428696,0.2605962891634251,0.4501037525436151
2149.0,5.990475974249367,93.38944092773592,43.78123,40,118.14977,14,0.88756,-0.120628038753745,0.2434026946687452,0.4435039276159648
2150.0,5.9880080114286445,81.18626157891748,45.50152,15,112.23155,7,0.08799,-0.0442597253668695,0.275224000073888,0.44386958402866056
2151.0,6.010227803477345,66.64094668839397,45.59311,43,119.04796,16,0.20079,-0.003045332051944,0.31579821538672,0.44059368201293514
2152.0,6.019858988334197,59.69348552660187,45.84678,43,113.32114,7,1.5856,-0.0140070874481604,0.3345153921287359,0.43918499630688596
2153.0,5.987497492377578,76.6854808167304,45.28724,2,117.20635,26,2.34469,-0.0832408919473789,0.2861654994405265,0.44394527960589325
2154.0,5.980601169576013,60.410481495063465,44.67158,43,117.08348,37,1.94213,-0.0344902062271941,0.3307203378609416,0.4449697101106757
2155.0,5.94955453969578,58.11352781120035,46.97248,43,114.87362,16,0.27237,-0.0145973038253968,0.3352185717830599,0.44962580824278114
2156.0,5.943539261245276,52.69821273008933,47.99427,2,118.48607,34,0.09114,0.0176029173801222,0.3515323262293574,0.4505363744730863
2157.0,5.942629221235214,47.01978338047695,49.64612,35,120.86746,16,1.60727,0.0021212773820273,0.3673203435928599,0.45067437316194003
2158.0,5.957336440754623,43.10597226914658,49.84724,41,119.14828,8,0.05979,-0.0320267271335733,0.3797051243822358,0.448451908362444
2159.0,5.977835926957542,42.5154260389979,50.07826,41,120.85104,29,2.96247,-0.0037362013763656,0.3802056282867692,0.4453814757775605
2160.0,5.97051606437705,37.29208082199446,47.97165,15,115.59039,8,1.56986,-0.0059877273595449,0.3941489668400134,0.4464742220750457
2161.0,5.962715418962008,20.819535426490063,49.83089,2,119.30567,17,2.39559,-0.0151626103468855,0.4453990738411788,0.44764317447478347
2162.0,5.982749187686697,13.594777374894818,52.18677,22,117.04759,11,2.31944,-0.0148704550363286,0.4680249891526439,0.44465024780913515
2163.0,5.985995705939956,33.284891722905186,54.03116,2,119.35013,3,5.57476,-0.0807529608596584,0.4117008691001182,0.44416806447445883
2164.0,6.0060212120821115,46.92700865102782,52.95093,22,110.49845,11,0.85752,-0.1073198878142273,0.3731786502439768,0.44121107798338766
2165.0,5.99001680002951,39.77616275817644,52.75168,22,120.91706,11,3.4853,-0.0782209112074232,0.3942358652623464,0.4435719252133513
2166.0,5.969447143154192,49.54848357148498,50.9501,43,120.53283,21,2.01015,-0.0665033110254686,0.3660590715972524,0.4466341325287554
2167.0,5.961474041349617,46.13869694232835,50.71006,6,117.13463,21,0.0853,-0.032339224172413,0.3739727386703505,0.44782962234600043
2168.0,5.981821690116048,47.622743486841955,52.50178,45,119.76961,37,3.19649,-0.0755955646881868,0.3716736387323694,0.44478814693712526
2169.0,5.997910609595146,43.95701009380119,52.63254,22,117.04202,47,3.24075,-0.0324776438915252,0.3801723620787817,0.44240512950662814
2170.0,6.009356819075262,42.70509209394555,51.7265,35,118.38178,12,1.65707,-0.0566050058893256,0.3843439440539992,0.4407214088383664
2171.0,6.008715243796881,50.054431954614216,51.75013,16,122.54528,39,0.26641,-0.109321930995827,0.3675290566613854,0.44081552914349
2172.0,6.02180981779431,53.123346019486945,51.85345,16,118.82751,21,0.4981,-0.116134595105913,0.3590740054020082,0.43890048508037616
2173.0,6.0114448782072385,49.49019604424015,53.88682,22,118.79601,37,2.56188,-0.1082802745930429,0.3676668879858201,0.44041529523092654
2174.0,5.997617405987831,45.45604057772033,52.22774,3,121.79887,21,2.72997,-0.0723323800460525,0.3785281217467482,0.4424483860005815
2175.0,6.015751148990523,23.283406369491104,51.77491,16,108.11342,1,2.26634,0.0101931860889014,0.4409796780427511,0.43978499365556545
2176.0,6.027266258052309,41.63072848264315,55.65087,31,115.3183,13,2.72854,-0.0547465087263544,0.3884452649606639,0.4381061779565342
2177.0,6.016412763652431,37.49423009540004,53.48936,3,118.92911,40,3.01947,-0.0242339315324064,0.3975750514603816,0.4396882741608497
2178.0,6.015636282897851,25.849157037915873,46.62719,42,116.90538,21,0.12912,0.0307185649089109,0.4306261006682957,0.43980178884189536
2179.0,6.058688505611429,12.069200136832862,48.78322,42,116.97916,35,2.16372,0.0517102382482537,0.4729949803362156,0.4335736516000025
2180.0,6.098534641220106,4.173691801136002,47.05329,42,117.67263,4,1.87117,0.0473697139571678,0.4957735469271309,0.4279264604413823
2181.0,6.100711816083196,2.677619545135073,46.74337,46,114.1686,20,1.04249,0.0616528359626035,0.5007858584236078,0.42762108476808974
2182.0,6.08906251889426,11.794609154368857,49.3805,42,118.08718,1,3.55897,0.0381463852218115,0.4744912903601451,0.4292588574965892
2183.0,6.095668128050237,14.184312622001912,49.94342,42,114.4865,21,1.34286,-0.0022721381859803,0.4691989280638861,0.4283290234513899
2184.0,6.085004063963465,23.99791991795377,49.21446,3,118.72384,2,0.42786,-0.0244462283027687,0.4411440120470836,0.4298316455089944
2185.0,6.103129433320345,30.915649755487692,50.60177,3,115.3013,2,1.10536,-0.027175668200834,0.4220207283754809,0.4272823669500485
2186.0,6.088087626649931,40.69153584543011,50.42824,36,119.72144,25,2.63656,-0.0513052262218766,0.3922234489400779,0.4293963439003905
2187.0,6.042271507645773,24.52159992477023,48.8084,5,111.05846,25,0.29439,-0.0269704573318928,0.4406772961111153,0.4359329125521801
2188.0,6.037036534131257,53.93274845492954,47.55039,5,100.81872,19,0.62001,-0.0686343354577707,0.3536514654836718,0.4366892726274093
2189.0,6.000919182083135,58.97679058633241,49.13611,23,106.38063,34,0.26858,-0.115598997230176,0.3401600448143727,0.4419616393648333
2190.0,6.00847308728854,64.710557059216,50.61442,42,112.48866,13,0.52974,-0.1335039489268757,0.3241023947539819,0.4408510617984196
2191.0,5.977698086730648,48.034297006406064,50.12671,28,111.22009,34,1.58673,-0.0583523751919554,0.3671552259893192,0.4454020161898063
2192.0,5.9523753659151835,55.2093588041989,49.54665,46,117.46475,40,4.35648,-0.076743284763592,0.3452018121744639,0.44919975455369127
2193.0,5.973672908095812,55.71087215820461,50.23756,31,121.13884,14,0.02407,-0.118264862839503,0.3460495917550625,0.446002459744957
2194.0,5.971388642916968,47.16760585513239,49.88568,31,117.02264,35,1.05477,-0.0882818180030011,0.3702324792598465,0.44634374811535893
2195.0,5.9987580882550615,64.53543391079796,50.10787,23,115.28313,18,3.26028,-0.1760853701007414,0.3222394475100532,0.44228013616080236
2196.0,5.975417978155502,65.6923295288531,51.76058,28,119.88229,20,2.38177,-0.1881634406326079,0.3175702805943775,0.44574199532451536
2197.0,5.969763063332001,52.32564956789844,50.26101,31,118.14079,21,3.19485,-0.1979447844950346,0.3583092383736607,0.4465868619756235
2198.0,5.961929663094739,53.08141069162664,50.01712,28,119.54814,21,0.40701,-0.2209292384086695,0.3566408033462607,0.4477611770173946
2199.0,5.946614084530468,49.3444976379044,49.04479,17,113.99177,29,2.31541,-0.1989646331955625,0.3682983376174724,0.4500705761008184
2200.0,5.957766603833901,48.456673111904365,49.31809,37,123.49079,14,0.80465,-0.2171161528105356,0.3733590578864535,0.44838715238844296
2201.0,5.9757443375806885,37.60222498595081,49.54757,37,118.51123,45,1.72014,-0.2095675085047545,0.4052883745920803,0.4456933091288719
2202.0,5.95645834675326,31.291703591428544,52.39022,32,117.79993,22,0.45995,-0.1543306723845165,0.4217288212751474,0.4485841386016944
2203.0,5.943313459915309,42.41580427074007,49.24541,32,115.24346,20,0.97317,-0.1631522244174273,0.3885903021791258,0.4505706091288088
2204.0,5.95454735575802,46.53517237806099,49.30834,32,117.46832,35,1.51864,-0.1448558863908784,0.3744823080860472,0.4488721127347969
2205.0,5.9393584078656625,42.26165629093711,50.40645,32,116.44273,13,0.91293,-0.1375190174742805,0.3871938630344946,0.4511708839129461
2206.0,5.954828904836195,5.996217040611967,50.29679,37,115.4224,9,0.77526,-0.0343523138922686,0.4893470616161682,0.4488296676725068
2207.0,5.988975127888858,5.312159202146134,50.23057,6,122.71536,13,1.71659,-0.0531314189611547,0.4895669480751842,0.44372624099864744
2208.0,5.9730773547961205,-177.50902939446712,49.05573,7,118.7253,13,1.18089,-0.0546414577195641,0.5139083812507281,0.44609140266757324
2209.0,5.996413853238144,1.152810722943414,50.81159,18,120.87238,21,0.30513,-0.0454383693556897,0.5047183900396989,0.4426260133042315
2210.0,6.005507485456913,-177.4789336957675,49.62682,18,117.31442,9,0.92041,-0.0460279810430988,0.5185459063744056,0.44128656588287424
2211.0,6.009762941250581,7.242361436252551,49.48499,48,119.9891,27,0.25522,-0.068990555007851,0.4905685879208462,0.44066184552736165
2212.0,6.007996394651734,11.122764699323213,50.55208,35,110.55688,27,5.27699,-0.03196560336682,0.4777110735105891,0.4409210214915584
2213.0,5.981786725463266,10.762452757384622,50.16132,8,116.34012,5,0.7309,-0.0182023109006983,0.481065926137645,0.4447933466907389
2214.0,5.976990678841437,8.264421374751905,52.30453,48,115.76353,14,3.28674,-0.0163226300484615,0.4907265570508067,0.4455074537127287
2215.0,5.992833093851523,12.912317305582874,50.8802,8,99.9772,16,2.25283,0.0103234513921448,0.4763685948319375,0.4431551155610706
2216.0,6.0064310541656685,11.045889072585794,48.40385,48,105.12175,5,1.52208,0.0078093677578289,0.4842509988649454,0.4411508689519015
2217.0,6.014415055710609,3.8913577748696326,47.15738,43,119.33141,40,0.27229,0.0004987061531758,0.5049212019845047,0.43998041051180986
2218.0,6.05249005098728,-178.6864307318785,47.29676,43,118.58583,19,2.3778,0.046354146313049,0.520836298295673,0.43446216615604105
2219.0,6.0519128607212656,18.613167837822317,49.0301,48,112.32704,36,0.62567,0.0126450680697324,0.4628220580390832,0.43454504219780477
2220.0,6.011514600362537,21.866705790124456,52.42059,37,113.92451,24,3.50914,0.0353431968713747,0.4513079886280228,0.44040507932775363
2221.0,5.99690174692978,36.447504159576226,53.0774,17,112.84403,46,2.25053,0.0403194493534135,0.4066806128791638,0.4425539942303871
2222.0,6.011004132477236,41.640065688880185,53.29506,35,116.66909,46,5.36752,0.012728999167674,0.3926031703978357,0.4404798828681809
2223.0,5.9534913406765755,52.43281267801029,53.98401,35,115.2821,28,1.62147,-0.0321231107510155,0.3619983078857067,0.44903136643431857
2224.0,5.963166676530123,52.08181141673131,51.13785,48,113.42281,7,0.98413,-0.0155723122056247,0.3630302656178049,0.4475754270049995
2225.0,5.963205483923265,43.23848262733378,50.50998,30,120.96875,16,0.06482,0.0028251776621293,0.3888347243494964,0.4475696015545481
2226.0,5.960599554290042,43.34051418080679,48.86154,48,118.99113,9,1.85483,-0.0066635798338178,0.3882874673759872,0.4479610352797797
2227.0,5.931473078143189,30.24331912926499,47.47575,35,117.61687,33,0.25934,0.0485491069050625,0.4252941285481763,0.45237125889575364
2228.0,5.9366963339462595,49.09824008492646,46.86657,35,113.087,34,2.67258,0.012545724293638,0.3713617835355088,0.4515755936899481
2229.0,5.931541805299032,69.65737646774247,46.92628,48,121.55429,44,0.46578,-0.0919016606630675,0.3144208353503125,0.4523607759518876
2230.0,5.910296235430583,72.25934351907344,44.83073,14,109.17054,46,1.78683,-0.0874884215361933,0.3055699158535849,0.4556187974357707
2231.0,5.949421860897885,64.41158809978143,45.40713,32,115.89734,23,3.25258,-0.0273322922730413,0.3264914232546296,0.4496458627886953
2232.0,5.928081804498524,64.39145642972886,44.52071,32,110.86849,16,0.08463,-0.0159409620050386,0.3262539416573381,0.4528889823646527
2233.0,5.937901386611558,55.37867554340056,48.21862,32,112.72019,36,2.72406,0.0477315045701605,0.3516242915859259,0.45139232451133543
2234.0,5.935944935374549,60.658301696834826,46.99336,14,114.17028,16,4.35075,0.0743252721799954,0.3364770497870807,0.4516899258597073
2235.0,5.907309553694586,59.48343865545803,49.08399,6,118.65472,2,1.45935,0.0973326492399322,0.3398769941820858,0.4560796273041169
2236.0,5.906508660444153,75.73767251730888,51.11131,6,118.13832,28,2.48084,0.0523759709770028,0.2954185411723259,0.45620331995594937
2237.0,5.907894720004877,81.5401566199165,49.66525,30,114.38472,25,0.78915,0.0221746608919681,0.2787541401103134,0.45598928405047245
2238.0,5.91099083038925,81.84328111271574,47.86639,13,120.98773,3,1.00252,0.0161508031762051,0.2768458346314759,0.4555117250566124
2239.0,5.928189112041188,66.88983011296409,47.43174,13,118.74188,23,0.26227,0.0508302384292037,0.3194457992751136,0.45287258681348763
2240.0,5.908390045611722,59.773741015696714,45.98107,14,118.40868,2,1.22346,0.0456694982398165,0.3375419232226565,0.45591283219148687
2241.0,5.905192279697248,85.30520917692806,47.25075,48,118.47869,5,1.78957,-0.025240322764032,0.2652111995772892,0.45640673558553807
2242.0,5.898511319058018,78.85429368679672,46.02909,48,112.90897,28,1.71143,0.0133240555307582,0.282944225064356,0.4574412211132255
2243.0,5.887030757274306,74.56727523804693,46.69848,13,124.20839,19,0.53575,0.0298523199834664,0.2955130304800834,0.4592271139302441
2244.0,5.8815426354678575,68.26185334919651,47.16497,38,114.37113,47,0.80214,0.1235208380200566,0.3159760748458713,0.4600845319068956
2245.0,5.846718978970277,85.6161150968876,47.98371,32,116.1389,8,8.04411,0.0937895954250071,0.264417011841386,0.46558147457625054
2246.0,5.80723800201358,89.46967819259672,46.87766,38,118.85886,28,3.92602,0.0504793469413034,0.2530423598121002,0.4719335806543882
2247.0,5.804078181420555,96.38854271017264,46.1614,38,121.33426,42,0.38114,0.0461690226312211,0.2361622626532347,0.472447574891532
2248.0,5.779301376250089,110.76289678995524,46.54624,31,120.72826,12,4.071,0.0130652380994057,0.1929006542778406,0.47650717758802164
2249.0,5.7770988692057825,112.20347853205736,46.67129,31,120.37067,3,1.08192,0.0108073007436784,0.1901926603103589,0.47687058160824275
2250.0,5.759884942377313,114.39132225846473,47.5773,36,117.33152,7,0.22886,0.0346039114393473,0.1850340124675764,0.47972518088127
2251.0,5.750299141057241,121.37961824271324,48.31993,36,115.46038,7,2.22542,0.0546310297265684,0.1679144504004878,0.4813259265370942
2252.0,5.751784364510732,126.7686243452315,45.45298,33,113.07291,39,0.15723,0.0811243266129665,0.1537924479176297,0.48107738305493314
2253.0,5.7480260174240305,138.8199797893878,47.12428,33,116.47967,5,0.18126,0.0158032247276312,0.1201344203507251,0.48170669366496843
2254.0,5.758474785754687,143.38826650956764,45.39156,33,118.16595,12,0.9996,0.0369033429474003,0.1099856798146584,0.47996016340578596
2255.0,5.743253394009481,142.48530193823112,47.06576,31,116.35719,3,1.79694,0.0246112436963178,0.1115709282061829,0.4825076194537993
2256.0,5.727771631253984,133.74179775778146,47.6951,31,116.00428,12,2.33748,0.0788906971725223,0.1368162134571013,0.4851195127022776
2257.0,5.694082287094259,155.05739425803046,47.849,33,116.5994,42,1.16711,0.0258979768641534,0.0784812188056717,0.4908769659931181
2258.0,5.68207995925284,176.4989114596635,46.78503,31,109.84725,23,3.91458,-0.023930671459378,0.0220277823400583,0.49295292720371414
2259.0,5.668472633387247,154.88751805617545,47.08574,33,124.61308,19,0.95308,0.0235928776369517,0.0782066295328098,0.4953224622254274
2260.0,5.666355798518036,154.52222892268887,44.01223,33,116.02159,22,0.37771,0.0266942586215369,0.0774170395952629,0.4956926160770011
2261.0,5.676894240352691,157.71699416466134,43.16204,33,114.67229,9,0.17643,0.0275047121922144,0.0703553015843908,0.49385394200945304
2262.0,5.665233479467849,171.2492348785667,46.12873,21,112.25082,23,0.23213,-0.0227700793469306,0.0343624366244458,0.4958890352974538
2263.0,5.628403644834262,177.10636763919587,44.99344,21,113.49046,9,4.7433,-0.0027453784250626,0.0203462485503891,0.5024000343567089
2264.0,5.641043812611454,159.03312520081758,45.6507,39,115.24567,7,0.2642,0.0740208210080298,0.0701913161348863,0.5001510513371552
2265.0,5.613576523577047,154.97926059033435,43.47723,39,113.86343,7,1.46711,0.1133559062669526,0.0813586157357582,0.5050575144499997
2266.0,5.61469715625457,152.53532125747506,44.54121,31,109.12168,40,3.6796,0.0949311628190701,0.0853943309340955,0.504855926561342
2267.0,5.648424202501936,165.50835489984456,44.67024,31,112.57574,45,3.9494,0.084609834521235,0.0525469068835244,0.49884488237881003
2268.0,5.624634074424478,150.11346157465942,46.10457,39,116.95088,13,2.02873,0.1170668819675881,0.0925272448120728,0.5030736664158018
2269.0,5.655995182528372,175.4669333106287,47.61851,2,118.11302,3,1.23868,0.06448970785063,0.0248712403713265,0.4975102925183504
2270.0,5.668585129337122,178.38483184949922,47.45576,2,110.82506,28,0.3987,0.0586176632536237,0.0169643521955095,0.49530280256902376
2271.0,5.674192766631944,-0.1013732710394066,49.34575,39,111.58856,16,4.20318,0.0251052674239518,0.0093215133434406,0.49432430002881
2272.0,5.635690926157423,-11.740592022080705,46.93275,34,115.09733,40,1.3477,-0.0686401004592028,-0.0242796312478942,0.5011016085182027
2273.0,5.644664395915792,-3.915313335930207,45.92185,2,114.15753,29,0.71988,-0.0277998860990187,-0.0047524351332139,0.49950964640396617
2274.0,5.635587152142871,178.54709241727954,49.04548,2,112.75912,9,0.02145,-0.0396592163249994,0.0084735761093515,0.5011200633137682
2275.0,5.599657029213633,-13.360779201337737,48.42023,41,119.57869,20,0.8329,-0.0762679981450874,-0.0328610578033339,0.5075715551752895
2276.0,5.616472822995728,-4.402087505359688,46.82032,41,118.06069,8,0.56912,-0.0483652479498991,-0.0086980293982609,0.5045367532305519
2277.0,5.626913992914133,178.51224367746343,45.99833,34,115.14198,37,2.54576,0.037951006254875,0.0087692876664395,0.5026660772503833
2278.0,5.609039191202713,177.5199893314063,45.38267,41,116.9129,8,4.07249,0.0156999789928211,0.0117474757623673,0.5058749595107876
2279.0,5.593832583553731,170.03816583612414,46.1939,32,112.39733,45,0.19539,0.0269723184995531,0.0307830994291132,0.5086290991750656
2280.0,5.5660765571977535,173.22203268995383,50.12896,11,115.40288,6,1.54168,0.0008196631047773,0.0217632754610588,0.5137144486295314
2281.0,5.559780372978789,173.43937757317497,53.08214,32,121.29842,29,0.4415,0.013467438718883,0.0232611481758586,0.5148786213168804
2282.0,5.554013608056799,167.59986469952315,52.12084,47,115.23005,29,1.23337,0.0347981118761879,0.038059338154813,0.5159483793847234
2283.0,5.526544793885657,174.8919309056231,51.85113,47,111.63628,35,0.25212,-0.0258555953269939,0.0172132160047901,0.5210900046649315
2284.0,5.508000508092398,169.607472688182,51.90124,47,123.0379,33,1.35141,0.0184963887774704,0.0328477450992852,0.5246047135011745
2285.0,5.5153275914147075,179.42602822204896,52.49873,32,118.16776,10,2.00504,-0.0061088240318357,0.003667220228904,0.5232117702409204
2286.0,5.50616669599984,-0.0068385652565154,52.95145,17,121.26058,28,4.67404,0.01769963531632,0.002634694274174,0.5249542077030579
2287.0,5.497639553061576,162.59097170225976,52.5774,47,118.12227,29,0.36589,0.0334885142431448,0.048576069588053,0.526583936630352
2288.0,5.472893144517331,146.2686822552741,54.03385,47,119.65777,9,2.74999,0.0670200761114082,0.092857240302028,0.5313567402335883
2289.0,5.47107494741269,156.0042795001481,52.29157,47,109.47366,12,2.42541,0.0184918292337162,0.0645625547336973,0.5317099694725702
2290.0,5.47975117831861,164.1081647912768,51.53268,47,115.8577,45,3.91975,0.0006580304361823,0.0419128496520995,0.5300275623009336
2291.0,5.467832690966598,171.29616832610117,51.19682,47,115.34597,12,1.83938,-0.0175693541943634,0.021677514557886,0.532340731712431
2292.0,5.461865733521116,172.02821685973132,49.92955,30,112.33382,25,1.38328,-0.0064899582118547,0.0195737458877865,0.5335045060517857
2293.0,5.449185801066093,179.24764013769214,51.33082,47,109.27684,9,6.97656,-0.0670426790235148,-0.0006597078187126,0.5359902615367653
2294.0,5.445384654231061,-3.630842291911776,50.60897,47,110.17433,29,2.46666,-0.0561821393936121,-0.0137488451787503,0.5367388179421161
2295.0,5.42860123662223,-4.259827524344729,53.13128,32,118.30149,45,0.2753,-0.0950116161788475,-0.0172523974937538,0.5400627817689432
2296.0,5.43524244587153,175.94616936148594,53.99386,30,110.76006,45,0.42493,-0.1172650602991595,0.0037235323462961,0.5387438052049243
2297.0,5.42932483257117,163.5665305165998,53.2105,47,116.40157,22,0.52755,-0.0825926495714242,0.0372888023302185,0.5399188370937101
2298.0,5.413439342661932,166.6813189025553,53.15015,32,117.12879,10,1.70568,-0.0689908232394769,0.0294196257052739,0.5430922205634852
2299.0,5.396596847616356,168.21193721544273,55.06528,32,114.61688,42,3.07204,-0.0418109054622804,0.0277821603855341,0.5464874349882874
2300.0,5.385716685627665,176.22415194961746,55.09351,23,117.58056,22,2.23616,-0.0334523091157002,0.0070719422684476,0.5486976803670555
2301.0,5.395973685237735,169.4774281749101,52.06802,23,112.40996,10,0.76579,-0.0222944318873917,0.0230978657695625,0.5466136661725876
2302.0,5.3879866130768095,165.01728390145496,52.78723,5,116.291,15,1.00538,0.0109408250533013,0.0368497255686717,0.5482354514665078
2303.0,5.378714372527056,163.4442623972137,52.11555,13,122.17212,22,0.67866,-0.012862456929638,0.0376522092566884,0.5501272613615876
2304.0,5.368214804540937,143.6335878149789,52.94808,47,120.07833,20,1.19633,0.030971392623768,0.0936771841718918,0.5522813283881304
2305.0,5.3995951252285606,132.31212289807084,53.92008,6,119.70944,28,0.36148,0.1160595598193836,0.1261434665094415,0.5458806983400182
2306.0,5.373514351941417,108.5162906179346,56.42955,32,118.99508,19,3.80151,0.190369382273493,0.1922387487832326,0.5511925073260916
2307.0,5.375837860127573,108.31220016620352,54.87221,6,118.28142,8,1.03283,0.1486830300753443,0.1912719233196183,0.5507161449176875
2308.0,5.369101393070919,112.54628529884268,53.56818,40,119.18526,48,1.16222,0.1885569669564823,0.1820130851254437,0.5520989493164414
2309.0,5.40660909436312,118.40693455489348,51.68716,6,114.05859,19,1.82845,0.2327519904292902,0.1699274073093379,0.5444652800005559
2310.0,5.418110123644549,113.29286184062968,50.58241,35,119.7343,18,0.23616,0.2433620764016059,0.1812567480675919,0.542156258994381
2311.0,5.433618930260181,102.2604012132982,50.39708,13,115.46822,43,2.01136,0.2165021435656758,0.2098751642143233,0.5390657967393121
2312.0,5.4148367045297485,102.12509468537932,50.54806,4,121.57935,41,1.61662,0.2267151927345496,0.2109277712320483,0.5428119541473059
2313.0,5.379511302389632,115.32058989634656,51.8729,4,119.33637,19,1.30737,0.1763501104794037,0.1729664202440514,0.549964279877008
2314.0,5.407907836231087,122.74584745111704,51.19906,35,116.51933,21,1.14865,0.1270937277104466,0.1517689092865018,0.544203798123778
2315.0,5.389842009781875,152.76411174734193,47.96004,47,121.46141,1,1.46418,0.0226783358480861,0.0730425022041597,0.5478580677995404
2316.0,5.386600076134763,143.7300481904362,48.30547,4,115.88004,19,2.3073,0.0189845835440154,0.0971825940263528,0.548517724710718
2317.0,5.367612878534151,131.36335024339607,48.25558,47,118.97211,18,0.65358,0.0565863989995598,0.1289908097113856,0.5524052013803491
2318.0,5.377098143830984,134.97657407388664,46.50328,4,118.65878,25,0.50689,0.090315626143886,0.1191584549233642,0.5504580215852162
2319.0,5.370707909128941,112.53633263898374,50.52639,4,112.93289,20,0.20428,0.1417665855957345,0.1800234323069062,0.5517687048916409
2320.0,5.370378413417215,115.32454252169006,50.90874,4,117.32641,11,0.84376,0.1539956218717673,0.1735610588271358,0.5518364137141489
2321.0,5.358712505296968,97.9438717732172,52.85261,4,113.25524,26,1.99888,0.2299236444968549,0.2229261991366639,0.5542417229353352
2322.0,5.368061592390538,88.23403548416687,52.53694,4,118.19294,16,0.13786,0.3128693207224954,0.2526992644804876,0.552312854634998
2323.0,5.351922947348284,81.01745911322081,52.11587,4,122.12406,2,0.88808,0.3647680579593773,0.2743416778748915,0.5556488595018529
2324.0,5.363922340481771,77.55057910789401,51.8831,4,116.13946,43,3.33607,0.3661304281135185,0.2831440099337594,0.553165605286369
2325.0,5.363103835068409,83.90516770267851,49.86312,36,121.39906,17,0.08441,0.3779927879907377,0.2627246223057251,0.5533344640691404
2326.0,5.392878823537699,73.40488291423176,48.52298,39,115.98384,32,0.20225,0.4353069433861532,0.2928223442228854,0.547241226764824
2327.0,5.39516316924406,85.31835022630668,45.59033,4,121.60815,12,0.62168,0.3685976011984804,0.2575315489491238,0.5467779141791091
2328.0,5.36489658700519,70.4082012955119,47.93165,7,114.8898,11,1.35421,0.3785562679463974,0.2979814665061949,0.5529647176360223
2329.0,5.386029958568983,54.49462930166405,49.7334,24,109.92779,26,0.12096,0.4064182946207941,0.342602242717916,0.5486338533409975
2330.0,5.369264202673391,66.01077508029414,52.96226,14,109.51145,12,0.72352,0.3944550608047884,0.3107298734753759,0.5520654677650517
2331.0,5.3713050090748,73.13073976026112,55.52423,14,116.01147,16,5.70014,0.3782925960359424,0.289308452367951,0.551646037215526
2332.0,5.362074888545683,56.41206245787089,53.81532,48,120.37266,27,1.60663,0.4416223273932694,0.3363147431030809,0.5535468468545117
2333.0,5.36810461872582,66.91659067328538,55.43535,48,120.25903,26,6.2887,0.3941662977622185,0.3040217804768083,0.5523040008944265
2334.0,5.364658128897553,79.16185338029936,51.25164,36,119.82765,31,0.00665,0.3153177343480836,0.2646022939170416,0.5530138770969022
2335.0,5.365879215334463,75.01619820820133,52.43447,2,116.78717,40,1.53917,0.2862850022281741,0.2769550290803148,0.5527622125018371
2336.0,5.387039794877781,51.34381886453966,53.19934,39,114.49056,27,1.43569,0.3831840310065771,0.3482331382141139,0.5484281825169085
2337.0,5.382119600877977,64.98113206553009,55.13555,2,111.72776,27,2.45047,0.343264392835403,0.3064572538485529,0.5494313584566611
2338.0,5.431848009631894,46.56607327240724,56.52898,2,115.09938,17,2.87751,0.4070905124221885,0.3605263761042139,0.5394173523633521
2339.0,5.4316336262882245,43.1853872997103,56.45589,2,117.58792,19,0.75115,0.3377992565430125,0.3642096348780603,0.5394599341668211
2340.0,5.399562306547165,39.37480437351891,55.83534,2,110.82226,19,5.80559,0.3494981398896293,0.3745958297212806,0.5458873341146036
2341.0,5.371008591713261,21.855164047582775,55.58762,25,119.15252,26,0.16864,0.3586994908601431,0.4225337854286634,0.551706927818174
2342.0,5.352437532260665,18.82595001351133,57.00961,2,114.33222,7,0.13987,0.3603690013654336,0.4312174269863406,0.5555420241494246
2343.0,5.3283739223412505,31.99518849957127,56.07214,2,121.03291,26,5.09936,0.333839847351469,0.3935553385984628,0.5605711506069119
2344.0,5.332143194708207,23.78416944018848,55.59139,2,118.85266,4,7.2867,0.3492163732083688,0.4153010772120618,0.5597788993661148
2345.0,5.342544595969741,4.748688702223305,55.83613,2,109.11521,24,4.9641,0.3831467902710962,0.4678669438359387,0.5576013538362887
2346.0,5.3535473517182295,4.750156063061695,55.6834,10,115.21745,24,5.61182,0.4351086284520035,0.4723890173562631,0.5553117142632232
2347.0,5.359924495910654,11.021747863589937,57.25367,48,106.39437,38,1.88298,0.4114800811371811,0.4554024045466016,0.5539911000693988
2348.0,5.346321222972825,24.45666258502193,59.13255,9,117.78858,44,2.7054,0.358656959541521,0.4166177455464362,0.5568138558698053
2349.0,5.334586414105484,19.466209783312436,57.67206,6,118.77026,23,3.77087,0.3470471294844887,0.4295726852201307,0.5592662637588007
2350.0,5.334232741145205,22.470813310293902,55.97211,35,117.3915,3,2.04239,0.3174757842953923,0.4196335248287455,0.5593404277189862
2351.0,5.354847609164914,11.39866470682793,54.15196,28,114.67195,34,0.09878,0.3436264230717235,0.4509960353558699,0.555042066803212
2352.0,5.345728161142099,1.305978071793092,53.38232,6,117.96582,17,0.76479,0.3310548657363851,0.4804929368759407,0.556937409987251
2353.0,5.332571146887359,-175.67902943667642,54.92577,35,119.07602,45,0.16597,0.323271087561725,0.4957372836183228,0.5596890556563396
2354.0,5.310169009155924,1.0613979447601167,56.14104,40,124.69855,3,2.72943,0.2800714526388458,0.4790575704953005,0.5644213641606234
2355.0,5.308152342781665,-175.1104851371852,56.93424,35,114.32131,4,3.40912,0.2767492561129404,0.4984692713695307,0.5648503140978722
2356.0,5.317519561192421,0.1045874178675916,55.15569,40,117.38935,27,4.9172,0.2532096831835815,0.4857687390930477,0.5628620126417331
2357.0,5.297607597276842,-164.19103063013955,56.61356,40,121.27918,15,0.1083,0.2601415519098183,0.5354303774694767,0.5671011907556042
2358.0,5.284103850949032,-158.7964076458112,59.90135,28,115.35132,17,7.58621,0.2116535470805503,0.5499053464062745,0.5700033955549857
2359.0,5.2641283098798874,-173.48723054519226,61.05521,9,120.11765,30,2.07249,0.2089713379732571,0.5068364718943124,0.5743375336176703
2360.0,5.222733920189636,6.8907194306292325,59.24874,9,118.23525,3,0.36484,0.1563770164621513,0.4675456579891028,0.5834777913930689
2361.0,5.21024036205826,5.844033882227194,57.91792,12,118.94837,3,1.99748,0.1604663394135826,0.4710068292640654,0.5862793717986499
2362.0,5.164014390365479,21.456539207916776,56.00265,2,119.61781,3,0.3442,0.1407687102797972,0.4259291935896546,0.5968225775916851
2363.0,5.1426995461311416,24.236398324669068,55.28157,35,115.06553,41,1.59864,0.19513935260565,0.419299161876733,0.6017801072990441
2364.0,5.151252058102368,23.90668761230728,55.51876,2,119.94005,1,0.88691,0.1793869850301009,0.4202727040101334,0.5997835212223526
2365.0,5.156845432603594,6.1576060831141035,55.05143,11,122.39552,20,1.24932,0.2463202393045587,0.470783439576467,0.5984831159658542
2366.0,5.142401565302971,14.624630801515764,52.38882,28,116.24278,18,0.97334,0.2743438015911896,0.4469789137873124,0.6018498506389472
2367.0,5.143662992505245,0.6660675894310231,52.78937,35,118.39975,20,0.15291,0.2966597622548087,0.487735603506515,0.6015546926230024
2368.0,5.087296126320406,35.53456660708781,54.75534,37,117.96016,41,3.68467,0.2201674464634135,0.3861853395701222,0.6149589056732414
2369.0,5.094281615595374,40.82098882997903,53.63743,35,114.28111,16,1.31235,0.2315152783927853,0.3774474324146921,0.6132735479005272
2370.0,5.116051764391045,31.056806922840224,52.83446,37,117.86094,18,0.86909,0.287461713467526,0.4088482950205608,0.6080653714114221
2371.0,5.100891544462006,40.07318427843137,55.62517,11,121.15579,41,5.92928,0.3037774701610643,0.3845821660802792,0.6116851714269304
2372.0,5.057934058435873,21.11221862326973,53.53082,35,117.67999,48,1.71435,0.3481688935820924,0.4380443440114324,0.6221194875128581
2373.0,5.038366065536108,12.989982016576365,55.17927,12,114.49024,38,4.78232,0.3803734133028187,0.4674806227680971,0.6269612435549429
2374.0,5.0243336975087995,11.659774150593009,54.52829,35,116.65768,39,1.43213,0.395236801498268,0.473027129121399,0.6304681907348788
2375.0,5.0588463658422205,16.66830242638723,55.56274,7,109.65464,44,2.88402,0.3703966396831324,0.4562841419609755,0.6218951229055694
2376.0,5.037894603186935,31.790663854877636,54.63882,7,110.15407,44,1.05271,0.3541134013412294,0.4131136444332017,0.6270785951373303
2377.0,5.015051885938877,32.1581085120327,57.22366,7,117.28744,6,5.26249,0.3348348785858275,0.4083048928003722,0.6328040797304556
2378.0,5.018940553645341,19.469668092420704,56.54591,45,118.77731,39,0.62473,0.3670001547036758,0.4474168678080422,0.6318238682835903
2379.0,5.004262261309884,23.12170450165995,56.95067,45,114.25499,1,2.42397,0.3277774435937643,0.4370195756900323,0.6355357827086319
2380.0,4.9929957748617735,24.60188100537229,56.47327,11,122.68649,23,4.5939,0.390618073624461,0.4388149618926737,0.6384071385098027
2381.0,5.004105826071482,16.81330438455889,56.741,4,120.87343,40,0.0361,0.3712487657039252,0.4618022013557933,0.6355755187770293
2382.0,4.9587244765786,21.060516848341393,57.20747,11,117.09309,43,5.46818,0.3505236910889711,0.4535877346995161,0.6472620962831216
2383.0,4.9408470163843,29.647719821058985,57.75791,4,118.455,14,1.30983,0.3061826677746486,0.4241276216813929,0.6519545454595621
2384.0,4.975653127737271,38.40053399027582,54.23893,12,117.36027,5,1.03862,0.3128339511248359,0.3991855383584267,0.6428652325938093
2385.0,4.9480304425024135,60.71533536781803,55.48264,35,118.6949,31,0.85228,0.2841303858504652,0.337384868715439,0.6500629371361182
2386.0,4.94473431799125,47.63675842614046,55.60217,35,118.99923,3,0.74251,0.2693390868441265,0.3728994584633666,0.6509298805929042
2387.0,4.958516501837108,49.38918143500342,55.11296,35,119.35861,31,0.02261,0.2393846716118786,0.3634232338826049,0.6473163935674641
2388.0,4.941526394787832,36.90512272996233,56.62625,11,124.03019,43,3.05607,0.3213752975302028,0.4047208285138763,0.6517752917814376
2389.0,4.945121148402028,36.01861344703133,57.15652,15,117.15743,22,2.35486,0.2734026032489511,0.4021839911550766,0.6508280470413784
2390.0,4.94552132679156,50.68793074011356,53.36809,33,121.99808,9,0.08558,0.2473738383804439,0.3607817457563981,0.6507227247648509
2391.0,4.8917120024084815,30.36750668481305,50.83722,11,111.39895,3,3.99136,0.3016771353060797,0.4209348504217475,0.6651174945923132
2392.0,4.9027767166146985,24.909897607123412,48.89925,41,113.97894,40,0.22255,0.3100597053529187,0.4364494992968896,0.6621187732363715
2393.0,4.905828925776112,21.336892923638818,47.47909,33,119.34553,17,2.89839,0.3178541530926762,0.4474739339251255,0.6612951422671228
2394.0,4.887960472567191,14.69113654039775,47.53659,33,111.58866,13,0.10748,0.3498158461887883,0.4696212784055893,0.6661388472338521
2395.0,4.911620884084165,14.953286323853815,46.17331,35,113.37943,13,0.34448,0.3621456233799604,0.4690138251371857,0.6597364162851586
2396.0,4.913907323557062,15.674206156932884,49.43548,29,115.63745,43,1.51345,0.370226450514392,0.4649914440993964,0.659122608842501
2397.0,4.917762551489805,22.090000178789666,48.88482,29,112.25654,22,0.50523,0.379821134349507,0.4489148891360052,0.6580895895193966
2398.0,4.921523280561403,25.295802745207,48.93493,7,110.9018,3,0.55507,0.3754507658568564,0.4418944667548832,0.6570842296228104
2399.0,4.913671802330932,7.944625990105848,47.4035,47,112.94485,9,1.84103,0.4201555889940999,0.4898532421149042,0.6591857962476246
2400.0,4.973272182633683,-177.47091761963736,45.26688,36,114.39185,37,1.23261,0.4247994656739104,0.5219502389116493,0.6434809210838044
2401.0,4.965868531067624,-172.35727074092506,45.84791,36,115.74232,13,1.32796,0.4631394053422989,0.538404879141786,0.6454010927203662
2402.0,4.962727805011231,-176.13833525628212,47.14016,46,117.33933,41,0.39712,0.4463088774229007,0.5205638499844581,0.6462182519617214
2403.0,4.952975959078703,-175.65288039694244,48.6549,46,111.413,41,0.07009,0.4513837619213954,0.5199730150938421,0.6487654174105416
2404.0,4.941296786677962,1.9848830579955037,48.05432,34,117.77146,30,3.15737,0.3941174645247647,0.4997058573547666,0.6518358655037784
2405.0,4.917207163357509,16.94316190600236,49.70072,34,114.50776,35,2.27193,0.3551687150343253,0.4541817739794318,0.6582382575648195
2406.0,4.9173553763555455,34.20734531058012,51.14502,46,112.10889,20,4.05148,0.3567565342289092,0.4057219466303642,0.6581985785146596
2407.0,4.923541416104539,25.252593004517426,48.45546,5,118.77366,35,1.195,0.404210604147207,0.4306900525641428,0.656545668798923
2408.0,4.951302330715976,10.19718487294162,49.13681,5,117.66591,11,0.74139,0.4909726278715597,0.4811461977694999,0.6492040800650714
2409.0,4.931177493357545,11.082569463029657,47.94682,5,115.73989,20,0.80309,0.4902091718125754,0.4790553165694823,0.6545138815727353
2410.0,4.880472253826775,2.055042444957337,46.0454,5,119.92611,32,1.51937,0.5393386541974953,0.5161710959541779,0.6681845591604079
2411.0,4.849790760042255,-170.7396679113877,47.89287,35,121.45597,15,1.77464,0.5688964148724762,0.5513031735498504,0.6766656460337409
2412.0,4.849163915063182,-165.9665419708595,50.417,8,118.26266,45,0.01811,0.557039196289018,0.5653653944402373,0.6768406006798393
2413.0,4.84070212066748,-165.37912601136833,51.69855,8,118.59992,15,0.6789,0.5420066203938081,0.5645021661155826,0.679208972727059
2414.0,4.865421704547752,-168.24762011454274,52.1503,46,122.81345,45,1.58282,0.6123179898702436,0.5655380390093663,0.6723248370451315
2415.0,4.839692595342497,-171.56403278173502,54.32734,35,116.32767,11,0.35532,0.6083104539973072,0.5613604290149348,0.679492358565829
2416.0,4.871480257888347,-165.38501679222145,51.65331,30,114.34063,23,4.04892,0.6608026149705056,0.5811784288696313,0.6706535655937245
2417.0,4.856513585107429,-160.77677725153038,49.92287,46,118.96314,23,2.31596,0.6766271458090412,0.5962938424939593,0.6747935392043308
2418.0,4.852144125821607,-166.74905292891987,47.75259,46,120.51299,15,0.06533,0.6766944008086706,0.5840491846295419,0.6760094183724954
2419.0,4.874722439246969,-166.77677231312506,48.9227,46,115.40169,24,0.23215,0.6682545036842753,0.583489992661167,0.6697617579371669
2420.0,4.877464832395247,-160.59813951645805,44.69469,30,120.4541,19,0.13935,0.685104587850533,0.599245303631621,0.6690088119886354
2421.0,4.8682933608176615,-158.2852877986303,45.04707,46,118.27432,24,0.61963,0.6811099257693354,0.605379065671302,0.671531903561211
2422.0,4.895980629582289,-160.3635439461226,44.20864,37,114.7762,9,0.94645,0.6801395030926329,0.6017597473010856,0.6639582167457976
2423.0,4.9023621342161645,-160.97606848541645,46.09536,46,121.03338,7,1.07779,0.7300360196859714,0.596205895541317,0.6622307659405688
2424.0,4.931821326908654,-170.47788871744206,46.0275,37,115.66286,1,2.38859,0.7185166356597871,0.566529797377288,0.6543430033260956
2425.0,4.930938310865752,-178.7876051687066,48.34419,30,119.55406,43,0.54033,0.7147023769783011,0.5376774711907084,0.6545773794500319
2426.0,4.912366982593761,8.940136118362119,48.91517,35,117.91979,2,2.54343,0.6903365688870587,0.5055208162065851,0.6595360277643387
2427.0,4.894309491380818,-177.42942530397943,48.67105,30,117.23536,9,3.09065,0.7003853089654014,0.5349275840637326,0.6644117047690169
2428.0,4.892443818530617,0.7477219181380264,48.60803,42,113.98078,16,0.17937,0.7245297173383428,0.5268136974672081,0.6649185317345144
2429.0,4.915295318848372,5.195746227733878,45.88747,35,111.94955,15,4.21552,0.7317519037660037,0.5142037625231849,0.6587504115083196
2430.0,4.923877565882357,-173.19581137100255,46.10383,42,116.13245,14,1.64014,0.7738453829258584,0.5504564951059605,0.6564560280049346
2431.0,4.946256048786528,-178.3279005215909,47.90589,18,115.96813,13,0.8164,0.7866608888090315,0.5325706767899829,0.6505294210680597
2432.0,4.951126508601133,-169.1028201539932,45.45704,18,106.64656,16,1.40114,0.8065002094957033,0.5604150132181692,0.6492501893538748
2433.0,4.929103897359488,-166.40341530991157,48.95616,18,115.7226,29,4.48155,0.7754465163607072,0.5646283185221421,0.6550646846677787
2434.0,4.902919904576724,-159.4379515205386,51.22992,42,103.56175,6,6.99868,0.8137917972026517,0.5837561444804124,0.6620800999334434
2435.0,4.909496836301272,-160.30167182853086,48.1365,18,117.16956,4,2.69689,0.7575878518546132,0.5792188488219391,0.6603073973250566
2436.0,4.901961440911264,-148.62379203158406,49.45761,18,114.35751,7,6.34663,0.780659713949815,0.6116527315592063,0.6623390337360266
2437.0,4.890713544438683,-154.49050473974938,48.97157,18,108.32427,10,0.75346,0.7922903354577918,0.5982998942858674,0.6653890949000173
2438.0,4.899560916333531,-139.24411597458797,49.52949,42,109.40053,16,0.82111,0.8660453939483743,0.647708839232012,0.6629882146135293
2439.0,4.872516083656426,-140.47010370313942,49.05913,30,117.82612,22,1.71433,0.87373080649641,0.641816094853166,0.6703684535927246
2440.0,4.886371665023976,-124.16679404745588,48.92198,41,119.72172,38,0.74771,0.9031929613476658,0.6925416626197755,0.6665721087875008
2441.0,4.874554459598021,-122.72604875175828,49.9197,41,107.78937,10,1.22375,0.9416630381541224,0.6975069947266407,0.6698079194005059
2442.0,4.8625780477587695,-113.42349993385842,50.80887,41,113.34703,13,1.04672,0.9816549879816914,0.7273779203609089,0.6731114239547178
2443.0,4.850415779901685,-95.54647944566838,48.1808,47,100.24781,40,0.39559,1.0786334477489252,0.7719754346746454,0.6764912683156172
2444.0,4.8497115579364705,-92.05608777928562,49.1074,47,108.97385,28,0.46102,1.0920861015604968,0.7789560300014271,0.676687747876732
2445.0,4.871673372057818,-95.7321006033902,49.41065,47,118.35454,10,0.04802,1.0547770564555965,0.763103912325152,0.6706003969473578
2446.0,4.884891529572824,-90.75924384910545,49.57147,41,107.69897,30,0.68822,1.08139229311541,0.7789412587485016,0.6669761163184003
2447.0,4.8645384985596145,-93.80203135975889,46.51813,36,113.88824,22,2.7251,1.0597376842086472,0.7805595153081444,0.6725689939070969
2448.0,4.839696796389426,-98.55263757056557,46.40365,36,111.44311,27,0.40428,1.0603932589755252,0.7709262550528343,0.6794911789142237
2449.0,4.809409599906139,-74.5912347533937,47.14721,36,117.34298,26,3.26751,1.1036567410302145,0.8316223496784901,0.6880763007227563
2450.0,4.825270660487419,-68.82402536331324,46.71809,47,121.04857,22,0.26069,1.1347916795003343,0.8399635435202263,0.6835602088079545
2451.0,4.796107712664698,-70.98069392609953,48.33855,47,120.90137,23,2.0144,1.1630803101577414,0.8319198809849797,0.6918983190459324
2452.0,4.786148515198103,-75.1952390707111,47.53285,31,114.46256,5,0.52448,1.1942391873404952,0.8246589653298974,0.6947807708678766
2453.0,4.8136854576847705,-83.35553134239272,48.28619,48,113.01147,3,1.77998,1.183850864704979,0.7980960139340286,0.6868544470183248
2454.0,4.8258799947765505,-88.37064785165907,47.8694,48,118.67256,22,0.01004,1.1801390812586914,0.77962197833784,0.6833876017896037
2455.0,4.838352796227833,-85.71626604633924,46.99201,48,117.48365,2,2.93999,1.1785116887244034,0.7988566278164685,0.6798687301728237
2456.0,4.841759193862137,-96.60931560843406,43.17633,47,116.24412,7,0.72247,1.121380805490883,0.7787386697731438,0.6789124295928838
2457.0,4.862014186320685,-93.70999953185547,44.46355,47,115.91727,11,0.10001,1.1265083633106854,0.7929413364776597,0.6732675582518249
2458.0,4.8749641623433915,-83.74092311779634,46.15135,36,117.45586,12,0.09189,1.1467972150967314,0.8199211583122167,0.6696953398603124
2459.0,4.8784199338168674,-82.77516986705437,46.46752,36,109.54309,7,0.75376,1.1574269659263776,0.8152807364302791,0.6687468793436843
2460.0,4.925589144156402,-86.33413103361956,43.54832,45,102.26283,16,0.75053,1.1225180333614888,0.8081976280296181,0.6559998873774859
2461.0,4.893238825895919,-80.61466938680678,42.64365,36,96.84516,16,0.0125,1.1025778772377626,0.8314944140523527,0.6647024898830302
2462.0,4.86522164108998,-72.12922847258531,43.36467,36,117.63437,43,0.58952,1.128689779787939,0.8560959346839642,0.6723801317088166
2463.0,4.9119434093046195,-57.6258083315976,40.91902,36,106.62555,5,0.3972,1.1109853262985847,0.8921568754832213,0.6596497806586453
2464.0,4.918157806856014,-52.2061310211524,42.22306,45,117.62248,5,0.44337,1.0920675772354935,0.8981485086844164,0.6579838169924834
2465.0,4.84570849250348,-71.81233725423479,44.159,45,112.78662,21,4.03235,1.0677727132756316,0.8555466120590693,0.6778062403424335
2466.0,4.827628182406829,-69.15210382646956,44.97959,6,117.08297,34,1.41466,1.0849231169163038,0.8645011044525287,0.6828927528096822
2467.0,4.8666800714400695,-66.44431503687977,45.24646,45,118.84449,24,2.201,1.1348790571037295,0.8688002956147902,0.6719771988502377
2468.0,4.86290370227228,-67.1796916645799,44.84775,45,121.91636,28,1.11261,1.1434615934981511,0.8654105053170091,0.6730212743457296
2469.0,4.828765279357369,-53.812920374095214,49.83889,6,119.14552,28,1.34752,1.2286289923688705,0.9014127201013314,0.6825711700474694
2470.0,4.838086604170177,-43.365727557039094,49.85541,6,115.24331,22,0.11756,1.2325851108004828,0.9318729441652068,0.6799435451357123
2471.0,4.829718949732516,-51.96040373174091,50.66875,10,108.07652,25,0.02232,1.2272383833894822,0.9110609137383078,0.6823016373301866
2472.0,4.816643004492524,-60.1454158636906,51.79624,4,115.43773,42,0.42099,1.2326573654903916,0.8888454000022741,0.6860112122146653
2473.0,4.804594174989005,-67.30837183859308,49.97509,45,122.50938,44,1.0036,1.2561577306284823,0.8637073643578472,0.6894562466941
2474.0,4.804753803124756,-51.91889696685622,49.71569,45,115.22446,18,2.12908,1.3216295349551517,0.8945161107324952,0.6894104359026848
2475.0,4.805550572321041,-43.238158736025106,49.57602,45,111.88559,33,0.53375,1.3018616870191697,0.9223495438338996,0.6891818437973279
2476.0,4.808655240757465,-41.71374727436487,48.71935,6,107.48698,14,2.15877,1.311914570098158,0.9290270306588368,0.688292201984138
2477.0,4.800635053942814,-54.120006413249,49.07633,4,107.6254,22,1.91321,1.2709845449047017,0.8950617984268866,0.6905939154749997
2478.0,4.765464507527404,-49.33614819566685,48.68506,6,108.66728,22,3.01819,1.2946383615551609,0.9102418612039328,0.7008251085688078
2479.0,4.7409888247331065,-29.12010003239961,47.67379,4,100.74619,38,1.07502,1.3419295086337952,0.9609357867073992,0.7080799032577001
2480.0,4.706750564694459,-29.46360839266984,48.22154,45,106.59944,38,1.34154,1.3248381323628071,0.9631445244474932,0.7184189260494711
2481.0,4.722657478794501,-20.530181427543297,48.30417,4,113.17947,29,3.56394,1.436754579769571,0.980768083784763,0.7135875011499266
2482.0,4.715012624583672,-9.549640318253095,49.00204,4,115.34077,17,0.30668,1.469306515870211,1.0063702612420615,0.7159033782845629
2483.0,4.729440791302588,-4.098206770255075,48.82954,4,119.65691,42,5.14908,1.42916018966582,1.0256678665264147,0.711542009539391
2484.0,4.710616872535257,178.036226665659,46.61488,21,102.35628,11,0.72614,1.409745129087479,1.0496036120207044,0.7172401042891166
2485.0,4.712423866640037,160.72557564907453,48.38684,46,111.6766,11,1.87382,1.4658775344378188,1.0864273928249917,0.716690153694764
2486.0,4.685473945564909,155.80382204997926,48.86663,37,118.47708,20,0.9641,1.4525420270552083,1.0927379341970824,0.7249583846557546
2487.0,4.666959346705052,153.49039649826855,47.13704,21,116.24264,43,0.9182,1.442043574735793,1.096566051610961,0.730721853737427
2488.0,4.645178209225067,144.56893955921836,48.17798,46,109.66175,41,2.06724,1.4747483322594557,1.1168676354536895,0.737590596856765
2489.0,4.6393052978969,151.2518985622745,48.69642,46,112.1717,41,1.18917,1.4185575542168711,1.1012182820430094,0.7394592154174497
2490.0,4.593974069807351,138.74399213727335,50.26202,37,115.01313,27,0.0488,1.493697697701034,1.135084931739083,0.754124503800412
2491.0,4.597978755472438,147.56813079794273,48.99637,37,113.00793,12,0.33171,1.477790652583513,1.1101514611953622,0.7528114414409005
2492.0,4.594778414216351,151.09275623326846,49.49304,37,112.57157,48,1.17409,1.454746747808093,1.098176257954001,0.7538604985835259
2493.0,4.582325002616104,149.62259200300934,51.23427,40,107.89778,27,1.04488,1.4571107585294871,1.0972570414734777,0.757963608759085
2494.0,4.5723177771359245,165.223471301323,51.17414,2,119.19622,29,0.36022,1.4134185593385742,1.0508132450284968,0.7612850810213528
2495.0,4.593950721431948,153.74724657569377,48.74079,2,113.4909,12,2.08733,1.466159331214184,1.076560454454449,0.754132169370997
2496.0,4.5835279404115505,149.07495927693788,48.44403,2,116.47422,18,0.41506,1.4993957326694332,1.0864869296488218,0.7575658088824074
2497.0,4.591952723704443,162.26799379389476,47.41203,7,113.63893,19,1.52858,1.498700067608173,1.050565858341215,0.754788570798515
2498.0,4.62204466212082,154.8392240040525,47.86763,36,100.48932,12,0.78518,1.5366595735053583,1.064512179316111,0.7449924238988948
2499.0,4.63742904394921,137.42462442175858,45.47894,44,103.60733,24,0.49312,1.5597876516778264,1.1107434493788355,0.7400576909629215
2500.0,4.621871134911959,150.30791607304235,47.97479,7,120.65234,45,1.04808,1.5534866685310906,1.0667026916640427,0.7450483661261865
2501.0,4.596701981642456,152.6279755746886,47.83241,44,115.26946,6,0.74222,1.5440408722615997,1.0601705667126455,0.7532296993300677
2502.0,4.60002436255403,157.92395224808706,47.53269,2,113.46008,19,3.90256,1.5746825880001842,1.0448188724214806,0.7521420475903311
2503.0,4.594186606540701,155.8448231815517,45.70028,14,120.71881,24,0.01434,1.599782997883212,1.0538261025812896,0.7540547306436477
2504.0,4.584977231795198,164.55527182011457,47.89567,14,121.4988,47,0.63004,1.595184571093816,1.0285638366797538,0.7570869580537811
2505.0,4.579393012846885,171.97965086611447,48.70477,2,117.08009,4,0.35024,1.563951254601995,1.0099577515875384,0.7589345029257466
2506.0,4.571690899083415,174.2470881027828,49.94081,48,116.53949,41,0.86366,1.5589321931303446,1.0072425440859634,0.7614938727524762
2507.0,4.565937421742024,177.12623474011053,46.99027,14,118.43068,23,0.25989,1.5441948489704829,1.0036288071016768,0.76341417857685
2508.0,4.568127362928858,-6.422471753701146,48.93287,14,117.38735,26,1.77603,1.5227740122720796,0.98336522928937,0.7626823988847314
2509.0,4.565087300588784,171.39297698688023,48.76356,48,117.83671,10,0.35645,1.5346252605840536,1.023978476792008,0.7636985345717255
2510.0,4.56640594560908,170.16226732480902,48.64463,48,118.29782,35,0.57117,1.5163229787409396,1.025739501091474,0.7632575304741244
2511.0,4.562006767383547,173.19379748450498,46.40904,48,111.98763,25,2.52797,1.5299241884073504,1.0129805168561226,0.7647302704373241
2512.0,4.56346913113976,-5.654870199072803,47.02822,14,115.19682,28,2.2041,1.4467732360796737,0.9845684090090844,0.7642402333112729
2513.0,4.5868639111405125,-23.468743245586708,47.51601,17,117.11067,45,0.01069,1.3933576473481264,0.9363386772797708,0.7564642726671191
2514.0,4.5663287939422545,-6.755371753552751,49.21288,17,119.88979,28,4.60506,1.3729007786113865,0.985875198483844,0.7632833223479986
2515.0,4.577672764521313,-7.868381793946199,49.53685,17,117.29132,2,7.31914,1.3766638805357445,0.9839222382736876,0.7595050116462795
2516.0,4.553443595984739,175.9179807939173,47.91706,14,116.36205,30,0.5856,1.4037262744543029,1.0145931056049369,0.7676092668656289
2517.0,4.586281284313996,179.69117873903667,48.09343,3,118.13347,1,1.40703,1.3868271407640316,1.0044888510103058,0.7566564825845309
2518.0,4.575176360885343,174.032902650766,46.78285,3,105.5294,32,2.02376,1.3527722927372885,1.0204692846964034,0.7603340718612847
2519.0,4.550961946054438,172.57459244412644,47.41987,17,103.36495,5,3.39648,1.35705341652228,1.0204477041412476,0.7684466532861612
2520.0,4.543596400927045,157.46960138837554,47.21913,17,105.21072,13,4.36936,1.3657405109774423,1.054129503703932,0.7709401037116946
2521.0,4.529792428071115,156.4588517884041,46.6018,17,110.28337,30,0.95932,1.3844477232308348,1.0577699820394733,0.7756459490978268
2522.0,4.512535243818826,153.95501961386628,47.26342,17,114.0882,8,0.37694,1.3918122328495233,1.062072228029959,0.7815898627498433
2523.0,4.536202394624213,173.98866490397165,43.57754,33,109.41656,32,1.44941,1.3004385120692803,1.0058768436579153,0.7734554155347642
2524.0,4.571393185338289,172.21098353335833,41.70518,33,115.06691,13,0.27103,1.259892358336273,1.015334554441919,0.7615930611468026
2525.0,4.551300921800491,175.23931385249173,42.42794,17,110.88721,13,0.05744,1.22804756074683,1.0059248683360622,0.7683321914732557
2526.0,4.544137896967675,-1.8752854437573063,42.71164,17,114.85584,34,1.2355,1.175355446589491,0.9866537723270922,0.7707563785915071
2527.0,4.517765444926294,166.75977587417347,41.04976,4,118.77115,30,1.8716,1.1833833101027946,1.025113070220257,0.7797812226343014
2528.0,4.508666776021244,163.24071293896105,41.76257,17,118.48942,9,1.64914,1.203431953579173,1.0358624775371394,0.7829316573339404
2529.0,4.4886896158536285,158.2671427586814,41.581,17,119.73742,40,2.04689,1.2102789592448824,1.0445985402913218,0.7899161260641058
2530.0,4.4410872642656,133.58672427261476,45.3007,4,115.59299,30,0.75099,1.295978949812534,1.107442855348047,0.8069405090881229
2531.0,4.458253379343355,131.90043845092754,47.15113,21,106.33592,40,0.56332,1.2389703329618311,1.10990822202933,0.8007383646871822
2532.0,4.470946362521411,126.89125225404374,44.90136,38,109.749,40,1.59238,1.2762663554128966,1.1216231990786092,0.7961982381220848
2533.0,4.4728302538837355,139.46595609849837,44.33131,38,106.28793,41,1.62638,1.2441836181131942,1.0868635946462413,0.7955276850183213
2534.0,4.486919806454817,144.07509788809455,46.48518,17,107.90169,22,0.66044,1.1919008760600465,1.0701975845847904,0.7905393940325554
2535.0,4.478225413814904,161.60355277215132,46.59825,17,109.78719,30,4.74936,1.1255157611708746,1.0239955954451654,0.793612009368944
2536.0,4.476233256353087,135.47261797148937,44.03999,17,117.20086,40,1.31079,1.2215262398364044,1.09089001653604,0.7943185641034597
2537.0,4.467357086139571,132.79045316473233,46.69531,4,117.94897,41,0.05403,1.2629613618771376,1.1009324636958058,0.7974781553121248
2538.0,4.478373430481393,144.21081980773607,45.46615,4,114.88129,7,0.69606,1.191299804967921,1.069305552346396,0.7935595502050552
2539.0,4.4839773593042365,120.573880914982,46.82218,17,114.43518,9,2.48013,1.25019513360871,1.131790621021552,0.791577259934594
2540.0,4.480478021085934,116.9279204474773,49.76285,18,119.81445,14,1.41568,1.2076626328682651,1.1379488704476548,0.7928142164625729
2541.0,4.481584641674687,127.72216739060607,49.19711,17,119.30684,7,2.88879,1.1889673404861445,1.107377748670228,0.7924227316260853
2542.0,4.497890485819988,135.53281736096227,47.31982,17,120.78677,2,0.49585,1.1864662761086522,1.0875428070278386,0.7866877317885819
2543.0,4.470551926312441,139.7448343274124,46.21373,39,114.35016,25,0.83412,1.1672213972852614,1.0746087448657409,0.796338741251935
2544.0,4.4534034588907625,119.7492366240138,46.20343,24,115.82965,42,1.4159,1.2431147601831836,1.1296426810753857,0.8024833815286577
2545.0,4.436606720685642,124.38550271680684,41.88942,39,117.63339,36,1.31531,1.2242563143287817,1.1134091347730737,0.808571195788104
2546.0,4.432498976289478,105.14513105354796,43.62837,17,120.95528,6,0.71039,1.2485279593225238,1.1631975352284425,0.8100705499194516
2547.0,4.445259596412903,112.19940316493503,46.10735,17,117.74407,36,2.73743,1.228664029894748,1.1444238508839648,0.8054264270871654
2548.0,4.414700496873979,135.7761418895211,46.69558,17,109.39953,9,2.34769,1.154535018099062,1.0839733215768084,0.8166155412062642
2549.0,4.398963724095482,144.47517930519706,46.98884,35,115.1662,6,0.43642,1.125032747892754,1.0603430485666303,0.8224686831290368
2550.0,4.385597588499543,140.0278891234104,46.00829,17,114.91942,6,5.17609,1.2111268330218814,1.0754164766532013,0.8274896545875987
2551.0,4.408410535353992,166.01198819124673,46.38047,35,120.57448,9,0.82186,1.1059427376246898,1.0053693331140972,0.8189475130944343
2552.0,4.406258517735214,-10.237406611524053,45.33424,17,117.30566,6,2.19917,1.0493834063930925,0.9430403963456884,0.8197476567290577
2553.0,4.426096970068509,-14.201067617502533,43.9267,35,121.27102,6,0.68353,1.0053271833564568,0.9292652316360196,0.8124156532301577
2554.0,4.396324842859609,175.1107666372531,43.83421,35,118.00277,45,0.22413,1.0129312867748284,0.9796575500650478,0.823456348344829
2555.0,4.399674246447838,179.43297815910495,44.76511,35,106.75777,1,2.28428,1.010233734875018,0.9711862906924156,0.8222030565560091
2556.0,4.387549631818817,-2.0203218513985917,42.68465,17,119.92506,1,0.80109,1.001824709700733,0.9651209080726288,0.826753509604241
2557.0,4.402468832829034,-26.793568302819615,43.32078,17,118.51923,15,1.45352,0.9122064964865696,0.8942395689597138,0.8211595565188977
2558.0,4.424198185412674,-32.40349088985613,44.75575,19,109.29063,2,0.56495,0.8954581768493437,0.8772137032124628,0.813113150647843
2559.0,4.432289443894349,-45.25786955904539,47.87964,19,108.20393,14,2.57309,0.8769657293018882,0.8428795340854928,0.8101471424059098
2560.0,4.426461338579236,-40.3533901977451,46.47886,17,108.84486,6,1.16269,0.904161085768506,0.8576906841507764,0.8122819091508658
2561.0,4.395965954680836,-39.986048496988914,48.26598,17,116.75632,2,1.66318,0.8771110663736882,0.8545199656970712,0.8235908083546368
2562.0,4.378597899648941,-38.98832112845485,45.03255,19,116.74878,3,0.28966,0.8888066250093394,0.856796826837642,0.8301374427448124
2563.0,4.398230298550661,-41.66131765656844,46.40317,19,118.37265,21,1.75639,0.8922265961685691,0.8504819377182649,0.8227430070256577
2564.0,4.417292828340603,-51.67937979792479,45.85562,20,117.02146,42,1.61709,0.8495347357699388,0.8236709926246282,0.8156573448299227
2565.0,4.421282525729045,-49.09492098365517,44.36351,17,115.04569,37,0.98083,0.8922021686500934,0.8321747491516357,0.8141859357182667
2566.0,4.420321681548591,-42.70628097201262,44.30698,20,118.80217,27,0.92229,0.9427025164713132,0.8469144840597675,0.8145399329606912
2567.0,4.413182476961011,-52.64044123330009,45.92036,25,120.85401,24,0.50511,0.8930533579143117,0.816602934885205,0.8171774268119376
2568.0,4.377420299106075,-67.00094975230256,47.66311,17,121.51327,10,4.99274,0.8484789863466429,0.7788793644912885,0.830584145015989
2569.0,4.396903701335079,-73.41179841835462,46.98021,20,116.13884,26,1.35043,0.8708930159231308,0.7680931187014676,0.8232395442745053
2570.0,4.364272072401962,-73.80871819265207,47.37319,35,122.39418,27,0.49778,0.9097346610160773,0.7668133574254592,0.8355962793851539
2571.0,4.333218921320847,-90.60280388107716,48.24271,1,121.49245,31,1.94537,0.8332259044814508,0.7120212224515331,0.8476154610610838
2572.0,4.319417658487625,-91.17486423747845,50.62263,25,117.19802,6,4.4631,0.9005274356270285,0.7184914543951516,0.8530406611608198
2573.0,4.305136848981227,-82.76202647806606,50.59064,5,118.45101,23,0.11324,0.9546714567022808,0.7392118289710419,0.8587093851022164
2574.0,4.341900229529339,-86.04962587072968,49.95265,5,119.85296,26,0.46818,0.9647596263708176,0.7262418719807837,0.8442293607953226
2575.0,4.325371457039984,-92.04174525805249,50.90187,25,112.78772,13,3.67132,0.9507360197776428,0.7102560846358424,0.8506938861650457
2576.0,4.312263127867376,-88.04659191307661,49.06099,1,114.92579,31,2.31149,0.9174319234046028,0.7197524830517559,0.8558735905157736
2577.0,4.301696052676357,-102.50198869801189,50.23763,46,121.19919,31,4.73951,0.8526718073030973,0.6781369400477439,0.8600836457232127
2578.0,4.2779343121342706,-100.2863179706967,51.11147,18,122.06439,24,7.11391,0.8803007964860727,0.6815708476981488,0.8696648322130899
2579.0,4.2753521632364375,-109.9305259866394,49.41461,18,118.43967,13,3.97277,0.7941630272527299,0.6481848095812965,0.870715637915934
2580.0,4.268763690722409,-117.1761912535108,47.93271,18,121.68533,40,2.14017,0.7888316829180548,0.632081018932669,0.8734054626551815
2581.0,4.264820248854617,-111.75253542568667,49.02524,42,120.46888,16,0.32296,0.7921798304930385,0.6457702477788322,0.8750213882083693
2582.0,4.2644339678161085,-110.006104381481,49.25862,46,115.33408,4,3.66372,0.8040940706640896,0.6453416059993495,0.875179917795956
2583.0,4.282440506734752,-117.11289915930348,47.76729,36,118.83366,3,3.33918,0.7785156873715364,0.6200911671767186,0.867835586881436
2584.0,4.272234303220056,-105.59918395969336,52.06703,1,113.09647,10,2.68393,0.7973049225801858,0.6566607257407763,0.8719869914487506
2585.0,4.2225099337370136,-89.18266267478731,50.02691,18,119.41637,39,0.17187,0.8807478194446472,0.7134928205084058,0.8926449898043638
2586.0,4.196748231269886,-92.6188263599768,49.93654,18,120.37532,29,1.06419,0.8607779717537022,0.6989820995328068,0.9036376126187589
2587.0,4.227996794126434,-94.3917644269871,49.64547,18,118.28381,32,0.08275,0.8709060844648394,0.6899862242062964,0.8903296425532792
2588.0,4.224294805401369,-109.10601842426983,48.69057,18,115.85202,8,1.31897,0.8295155207923441,0.6477666930757255,0.8918908188829087
2589.0,4.250030354760982,-110.00294201240928,47.71888,18,106.49552,29,0.29682,0.860801140704997,0.647242450390997,0.8811220465195932
2590.0,4.22650375339847,-115.76281380967778,47.43223,38,108.76052,14,0.59402,0.8465666463377877,0.6345205095336189,0.8909587834635914
2591.0,4.213082156438048,-113.76651175425393,46.37217,38,111.81959,32,0.21498,0.8715143767170529,0.6451495855294545,0.8966444723116473
2592.0,4.189914390349058,-105.1872106254776,43.53469,45,117.86127,30,0.08125,0.9115692734953988,0.6660350308598824,0.9065877214542173
2593.0,4.173401383688203,-102.63849447525068,42.91903,38,108.63288,14,0.22664,0.9093172935441788,0.6834830024180103,0.9137761535110783
2594.0,4.159830245310311,-97.14594141383805,44.74378,5,116.26025,37,2.35671,0.9635561459390088,0.7036430286772265,0.9197481333935924
2595.0,4.151844525278807,-110.82913056809356,45.58182,23,107.69323,8,0.18028,0.9058457128766808,0.6596173344588961,0.923289650734328
2596.0,4.151046145997017,-135.04210008937102,46.76222,1,112.60958,29,1.34857,0.8102030115168621,0.5840901978892618,0.9236448413006042
2597.0,4.160279361931427,-123.93248468127224,46.00757,42,117.23836,13,1.02967,0.8603163340726313,0.6205065263376411,0.9195495640949388
2598.0,4.153034143418231,-126.71931018146972,46.61216,45,111.14477,13,0.26205,0.8907724313463603,0.6148293872467985,0.922760782072014
2599.0,4.157070794061496,-141.54738771613185,50.00386,35,114.83878,28,5.92683,0.8588439317806872,0.566474249297631,0.920969590818562
2600.0,4.143876025966554,-157.50835027286234,51.06807,1,117.49964,9,3.22286,0.8340302243498681,0.5241499552333229,0.9268439591767145
2601.0,4.197725109559282,-158.22599820326445,50.47413,1,123.1138,43,1.48699,0.8019327515686472,0.5240825235431738,0.9032170794833877
2602.0,4.212985165869302,-163.56788743765424,50.89879,1,121.39757,43,0.00803,0.8213650591971551,0.5099940649925553,0.8966857575547549
2603.0,4.186252170667339,-161.0301655847502,52.40025,7,117.83979,41,4.01133,0.882040992069353,0.5156944789383094,0.9081746185246699
2604.0,4.189687982398369,-179.22791460368893,48.48955,1,119.78882,10,0.61658,0.8106700512468722,0.4617611720459386,0.906685706896101
2605.0,4.155322962417184,-175.14862648586524,49.80313,1,119.55853,24,0.1669,0.8655768643589165,0.4670314311784226,0.9217445189522462
2606.0,4.1819824243135795,-175.4329768431013,49.87552,1,120.43076,9,0.61017,0.8600747568487964,0.4644789600762364,0.9100300327272443
2607.0,4.203018588885192,1.9025952763268208,47.76558,1,118.40918,12,0.20748,0.8698341460979181,0.4404912034855693,0.9009434040158596
2608.0,4.218096936342685,-174.06048918731588,48.39304,1,114.72044,14,0.80748,0.8821237525727967,0.466298647628077,0.8945137475410314
2609.0,4.206237327173872,-173.3860645746941,47.2072,37,121.18077,26,1.02551,0.884858667826575,0.4634043155086277,0.8995650740455934
2610.0,4.2185675631617,-176.4816496298831,45.54601,22,119.0437,12,3.45292,0.9040544061906318,0.4467926516669663,0.8943141733155573
2611.0,4.238035475377549,-174.65210121888416,45.34645,37,115.57152,24,1.54769,0.93177994393179,0.4476486494568085,0.8861167707707329
2612.0,4.214569339854121,-162.23896879730182,47.64919,22,116.52585,27,0.50083,0.9191963275569592,0.487037740524531,0.8960117910519282
2613.0,4.206087446106906,-159.73279969813214,49.71486,22,114.08918,44,1.87113,0.9126313183969252,0.4964375546111046,0.899629185967696
2614.0,4.235549886603806,-170.4476989901686,49.71202,22,118.20107,9,0.9708,0.8903018797258391,0.4590163435200734,0.8871570929108417
2615.0,4.212739704888119,-172.68407797018318,50.44001,48,110.34376,10,2.31542,0.8832065356841162,0.4518072525442848,0.8967902538177728
2616.0,4.210165035122296,-165.05241279293716,49.87691,7,122.21724,13,5.41879,0.9053439581689404,0.4766190640788671,0.8978874292176595
2617.0,4.203979213194223,-172.86895116521714,50.77549,43,110.82319,30,3.81249,0.8471178735510432,0.4522405000919829,0.9005317134675535
2618.0,4.1978036247723125,-165.49765035811745,44.34079,43,111.87918,20,0.39755,0.8449563225904446,0.4787054059744591,0.9031832924725876
2619.0,4.235391679290069,-147.18926491191388,44.95766,37,111.01387,23,0.31664,0.8861573598595973,0.5372509332039395,0.887223371249442
2620.0,4.238563375170776,-144.83972468264238,47.78069,37,97.65283,34,1.39535,0.8620861517769419,0.549413743187178,0.8858960583791313
2621.0,4.245739725297725,-156.72263749810418,48.2995,21,116.3432,23,4.34357,0.817412024785667,0.5170921677059619,0.8829038224776704
2622.0,4.224847541997912,-158.95973016969242,47.11449,21,120.58472,27,0.67729,0.7738134991727474,0.5144803190896851,0.8916574620848247
2623.0,4.256541023015871,-160.5971575116026,45.36452,7,114.22285,23,0.51841,0.7247205734605215,0.5111738808884151,0.8784286360836798
2624.0,4.28170807379859,-162.687404298018,46.04097,7,115.89045,33,3.85571,0.7007315670402048,0.5063374948027652,0.8681325177893322
2625.0,4.2783405443841795,-167.49602546467693,45.27141,7,117.90528,9,0.94672,0.7186376478979725,0.4917742207929016,0.8694996891510142
2626.0,4.289061777383137,-156.35900204139253,45.847,37,109.78414,6,2.22802,0.7689001571169464,0.5247173630872839,0.8651581999620351
2627.0,4.266435163048608,-165.61049439393156,47.37156,37,120.05745,40,0.28719,0.739945956836638,0.4985549436277248,0.8743590942939912
2628.0,4.3035678404116275,-176.8563616448534,45.00263,1,118.47835,9,1.10704,0.6657370253889723,0.4594746641274522,0.8593356412875728
2629.0,4.269329675662164,14.543761378139678,43.86407,1,120.46057,48,0.83581,0.6063518295417898,0.4038105473079308,0.87317390331975
2630.0,4.270941249895943,12.481046369940287,43.7401,7,116.21011,13,0.2562,0.6538446895841747,0.407928533614722,0.8725150700592991
2631.0,4.277273973120923,7.101499623765619,42.71666,37,113.72096,27,1.62893,0.6246534032702241,0.4232281577686959,0.8699333761267789
2632.0,4.274983229547017,10.50140296192268,45.80912,7,117.84596,42,1.47743,0.5777358845688773,0.4097111578290732,0.8708659309940256
2633.0,4.27684994540046,12.03166219653015,47.4724,7,118.36025,6,0.31401,0.5782799206394106,0.4091694643527881,0.8701058835363057
2634.0,4.275719461000991,6.618169304500597,47.34149,7,110.17464,34,0.09029,0.5859465398440044,0.4267691670268564,0.8705660499114541
2635.0,4.2826490180775405,8.471265795711517,50.06792,7,117.5081,40,1.09359,0.56303052615955,0.4150030441733605,0.8677510835015463
2636.0,4.288312248469152,9.752107262028304,48.13926,7,109.5948,11,1.33926,0.4929914541181358,0.4047804743756615,0.8654606582341101
2637.0,4.3021511489964634,-176.00053342317153,46.99137,26,114.66239,13,2.40457,0.5332141237013285,0.4474628054995659,0.8599016901453292
2638.0,4.302107962828678,6.844140884129999,46.98099,45,119.22505,42,0.80217,0.4904941581792774,0.4113092009962025,0.8599189542611454
2639.0,4.288407727430053,16.41996506747445,47.47944,45,118.75329,25,0.10791,0.4729870029489044,0.3814497466639477,0.865422120683714
2640.0,4.291921355649142,8.624768341659689,45.57822,26,116.87567,21,0.32982,0.5491162011102148,0.4153036582730591,0.8640057261823335
2641.0,4.260616611463416,22.140054684608486,47.25726,45,116.09417,47,1.34251,0.4966730695904953,0.3671878664122127,0.8767488786173181
2642.0,4.263096541193582,35.23854551888691,46.99111,45,118.3015,42,0.19161,0.4630212024855288,0.3277738081735779,0.8757291300946857
2643.0,4.266959198615473,45.48058069826007,46.05261,1,115.98269,9,0.6668,0.415848044287128,0.2988597493358573,0.8741443431767378
2644.0,4.289761043266019,46.04722293498,44.9541,45,119.93381,25,1.54053,0.407768041777852,0.2967180258224192,0.8648761673273689
2645.0,4.292200516747128,57.48364551710182,44.84369,45,120.13859,20,1.1458,0.3792229886648204,0.2582882454857353,0.8638933414311417
2646.0,4.3115733689178475,70.99103854511986,47.32773,45,111.37659,20,5.17264,0.3818530795633806,0.2142041087409614,0.8561474551306469
2647.0,4.277497277407488,67.03523762581827,47.14229,41,112.69067,42,2.96752,0.357177959137644,0.2214376738839541,0.869842549753923
2648.0,4.284780610208125,61.54032656039635,45.27216,23,116.03984,42,0.50664,0.3649115183443214,0.2317131698952672,0.866887920853558
2649.0,4.300216752788469,54.36253658079397,46.13341,45,119.94155,4,0.09213,0.3511457492530374,0.2502486575833195,0.8606754951842597
2650.0,4.316860651601605,57.50312557712297,46.38597,46,101.69636,34,5.87511,0.3187111649999259,0.2375977603804764,0.8540515239266925
2651.0,4.3412099432166285,66.89495884972195,45.04679,8,115.72438,32,1.62065,0.2928507869997543,0.2130349724002953,0.8444978602744375
2652.0,4.37762680144232,68.43823090196784,45.32978,8,114.6069,43,2.39234,0.3223935615841682,0.2094331178523413,0.8305057858827225
2653.0,4.392438976635601,66.8743912957747,43.00171,8,117.87614,40,0.36002,0.2977547842201674,0.209680546923495,0.8249139697858567
2654.0,4.409810552694608,62.63497896946336,43.96719,8,114.09634,13,0.02016,0.299066245328409,0.2201506589306134,0.8184276001843331
2655.0,4.402236863193751,76.87318383419048,45.30253,41,117.20423,18,0.56468,0.2657582654153614,0.1819590467198303,0.8212460984780875
2656.0,4.413271369270066,86.3977089878309,45.2367,1,120.12438,11,0.15944,0.2412179747163943,0.1579790544273669,0.8171445078950017
2657.0,4.418188885030086,79.1451244014915,46.52225,1,118.89714,22,0.67681,0.3017709029853618,0.1776909456539963,0.8153265300438364
2658.0,4.4050472223335815,79.72963659141979,45.07942,1,115.1326,38,0.15578,0.2765140948817414,0.1716632424177073,0.8201985454655748
2659.0,4.415356388370151,86.99942321695352,44.61131,8,121.58919,11,1.63246,0.230215518420594,0.1476777007818071,0.8163729463350566
2660.0,4.389846708294662,77.18757191027868,46.17163,29,105.88415,19,2.02818,0.248473389028092,0.1739374753279196,0.8258885048380734
2661.0,4.3484672956437835,78.72799401571817,45.90957,8,111.12437,34,1.79158,0.2449914872672139,0.1665042747918751,0.8416813716823413
2662.0,4.3838409818256325,92.97199397886084,45.49483,1,119.00655,18,1.66037,0.2547428926621019,0.1347029165620014,0.8281529382603655
2663.0,4.373007651789222,89.46236558751761,45.5462,1,109.23726,3,2.75888,0.2485929228144827,0.1394202919582136,0.8322612168803089
2664.0,4.371307263156965,91.995480767612,45.5977,20,117.70577,7,0.34792,0.2690649007548708,0.1374724308387602,0.8329088230397689
2665.0,4.394369772291053,97.41496381349518,43.49073,1,113.92943,7,0.98468,0.2895442515792859,0.1222439048269573,0.8241892285907185
2666.0,4.40246848540536,105.4346177559909,45.83142,1,121.8646,18,1.1782,0.2765001187404909,0.0962767942857716,0.8211596861235876
2667.0,4.399672313378478,104.74788405888634,46.232,1,121.8043,22,0.05151,0.2325339536573074,0.0934338073768838,0.822203779053401
2668.0,4.435920894831539,102.48672542422712,45.04152,1,114.61148,43,0.95409,0.1769664459401638,0.0957528416467982,0.8088212371716185
2669.0,4.428470933038595,111.80183563965934,43.56394,1,113.91942,43,0.53847,0.1911498078705766,0.078385040001965,0.8115448661058499
2670.0,4.427040138594621,113.1815279754363,44.88062,36,120.15378,11,1.88001,0.1958895242974629,0.073746579542297,0.8120695243372192
2671.0,4.435264001070444,99.89362700084452,45.55205,42,115.83336,16,1.61007,0.2375971926927881,0.112411427738488,0.809060839129813
2672.0,4.456085256247578,88.04365165111656,44.51927,36,116.05059,47,0.64667,0.2904651696241732,0.1412675457207138,0.8015177580761089
2673.0,4.47860210232197,84.23724788244144,43.86636,24,113.97274,14,2.2322,0.3736528744293775,0.1551010089723587,0.7934785159510064
2674.0,4.468447523523386,115.39833426001738,46.37835,36,111.07929,29,2.96923,0.2835815269856941,0.0706723670255281,0.797088984852228
2675.0,4.486672618928308,113.73860944502826,43.79508,36,104.12358,29,0.25313,0.3271261870397888,0.0742137482021284,0.79062650395877
2676.0,4.451932640309846,103.26400192438555,43.10896,36,106.04373,13,0.47782,0.3723004765722673,0.1022744947953848,0.8030137140998574
2677.0,4.4542677559363,99.33821520957494,42.31691,36,108.24425,39,0.47736,0.4383634752126618,0.1069305683819406,0.8021719872600898
2678.0,4.438060829263308,91.4822523361138,44.97202,43,114.95152,7,0.87129,0.425747809980894,0.1281633625886469,0.8080414339203423
2679.0,4.4424171420654,94.62350217111536,44.98795,43,115.46239,28,1.13666,0.4267045022764782,0.1181067672125869,0.8064574515054819
2680.0,4.426917905624075,94.44975794678908,45.3506,43,122.3597,13,0.24539,0.4363935706709314,0.1193868742777346,0.8121143695513108
2681.0,4.452408659341812,104.1630888561221,44.85827,43,117.28704,18,1.79885,0.4036159382955536,0.0874967318048215,0.8028420185496927
2682.0,4.448438718572261,101.0587351754194,43.37589,43,110.56195,39,1.4796,0.4528598236956131,0.0908938289050194,0.8042756260071587
2683.0,4.4610230170075775,98.65268804510188,42.34047,43,109.95771,22,5.71951,0.4211048442563576,0.0994703833804618,0.7997443923736248
2684.0,4.4860811117217345,99.23128595216671,42.4974,43,106.2246,18,1.21411,0.4180398267306588,0.1003582000230463,0.7908350120506343
2685.0,4.49282397258035,97.03935115555124,43.6375,9,112.88217,14,1.89156,0.4255823801853066,0.1078841179387401,0.7884630121851232
2686.0,4.481245206298861,99.15958076403903,44.60958,43,110.13403,12,3.26154,0.4215335411170201,0.1047028296631776,0.7925427815150107
2687.0,4.477850630616131,96.38274774023289,42.9903,43,119.30338,12,2.10476,0.4467444105324692,0.1087251794350659,0.793744861006532
2688.0,4.473167677170696,102.34272818191096,43.53923,43,109.08335,12,0.02383,0.4185025690348862,0.0895874431774575,0.7954076718815333
2689.0,4.471146027195443,111.9348360457724,42.68431,43,103.50908,12,0.01995,0.3744472352907813,0.0661355006012662,0.7961271292336027
2690.0,4.467939034217678,109.14293196190808,40.61102,37,101.68362,44,0.76767,0.4140101779868945,0.0728456248763724,0.7972704261321183
2691.0,4.465085186588766,105.98238377108696,40.2889,25,113.26777,22,1.63345,0.4321062795846829,0.0818620968225518,0.7982898984791951
2692.0,4.435413655628431,104.04263690723474,41.57326,25,118.53645,36,0.57685,0.4702228609649851,0.0801894427833389,0.8090062432751751
2693.0,4.461399689799142,103.32441546184242,40.13441,37,109.30769,27,0.55903,0.4730531177368848,0.0760902641738373,0.799609354377957
2694.0,4.446343279723206,92.74809736460494,42.82893,10,117.26675,17,0.06461,0.4195235224643542,0.1038725666134437,0.8050338704368695
2695.0,4.47213165273822,100.12929612892889,42.51326,10,125.12452,8,3.87676,0.4314168459073028,0.0804890871843724,0.7957762465559299
2696.0,4.4639902048046665,90.83923079630998,42.98964,37,111.45366,27,0.07657,0.40852466937236,0.1063116051116041,0.7986815750123752
2697.0,4.477647217111624,97.97380692345868,42.90174,25,124.09124,41,0.13761,0.4396354994830181,0.0850603296036618,0.7938169801724477
2698.0,4.494501037929603,89.28618113694384,43.75436,35,112.33427,21,0.82417,0.42477731357068,0.1090655061534315,0.7878747122669041
2699.0,4.482477771727532,100.61519712719516,42.16452,10,111.37478,23,3.41441,0.39865999606388,0.0749796169480152,0.7921069839150006
2700.0,4.477451914619257,102.75820281531377,41.23006,10,119.70428,15,0.476,0.3745128869122131,0.068727730858878,0.7938862328719294
2701.0,4.489050107387603,103.46208074867069,40.75346,4,116.75641,30,0.65533,0.3800327975212235,0.0663649853106141,0.7897892633045076
2702.0,4.492709695752858,111.83194348386792,40.43146,4,119.01167,39,0.85081,0.3009585445574368,0.0447923016715496,0.788503123478157
2703.0,4.5028407065058955,111.40846576407016,40.50601,4,114.52708,3,0.35686,0.3420482304715318,0.041911433896641,0.784958984297874
2704.0,4.5384804929471025,114.87998437095912,39.99964,44,117.44604,14,1.50851,0.3332022144556269,0.0328888071261084,0.7726791357793225
2705.0,4.523745029878736,120.93443715231126,40.06027,44,111.58854,34,0.43526,0.3648652145123399,0.0145496526256166,0.7777211213863456
2706.0,4.511218085398028,121.5160702306502,43.80963,4,110.20481,14,0.93411,0.3824342046622007,0.0104393050044639,0.7820463372275568
2707.0,4.476028197432379,120.38076145271307,46.99654,4,114.2907,3,0.51237,0.3560502968782657,0.0112677079228226,0.7943913455209587
2708.0,4.49890122686692,129.28490524795433,47.88469,4,108.44089,15,3.40787,0.3766521957958335,-0.0150322753895463,0.7863342907050112
2709.0,4.467072468001038,146.16439378997455,49.62673,30,116.84851,23,1.44055,0.2970702163538819,-0.0553707053747522,0.7975797806967982
2710.0,4.487476209680118,156.3882763840075,47.76452,30,114.6737,5,0.31094,0.2142349220185262,-0.0810521571873664,0.7903433678570724
2711.0,4.493929054390799,170.94740965981663,47.42266,47,119.98327,46,2.31353,0.1840524670704622,-0.1193172297598707,0.7880752851018852
2712.0,4.493116826957345,-2.7210982523963168,45.13457,1,113.18501,46,0.29499,0.1503520964290142,-0.1526410842889407,0.7883602339453846
2713.0,4.49123324354039,-5.72684559579254,45.08062,1,116.77333,48,0.14352,0.1239926270370131,-0.1583326706906955,0.7890216351991246
2714.0,4.492915708054356,-4.540363937093247,46.51441,30,111.9547,24,1.51263,0.1062587145408055,-0.1513326816285721,0.7884308151467417
2715.0,4.447047484990188,-10.39795704371879,50.36871,47,113.2599,13,0.56134,0.0485761722865637,-0.1710961934211722,0.8047789308583867
2716.0,4.471725834059846,-5.103528001709591,48.97966,30,103.37285,15,4.9189,0.0468456506598656,-0.1538832166304481,0.7959206899008173
2717.0,4.494692638631328,-6.246611317105206,45.15969,27,113.1602,42,1.68639,0.0100931873831839,-0.1620854562197345,0.7878075423212115
2718.0,4.468690214090621,-20.680712815754077,44.83992,27,123.2005,42,0.67134,0.0052854724697019,-0.1965206726221601,0.7970024088240567
2719.0,4.476939756571592,-16.343995442120843,43.26187,27,116.59113,13,1.54028,0.0525333592896676,-0.1867036626077207,0.794067883062585
2720.0,4.466980637014882,-22.45952869100114,43.78429,27,112.06958,37,0.40871,0.024070293124454,-0.2048575323364134,0.797612573894979
2721.0,4.462833614684888,-13.139195605068664,43.11962,27,111.62939,15,0.18284,0.0336005296359683,-0.1794048437254628,0.7990956020623002
2722.0,4.445536211794043,175.17944717460833,42.94458,27,113.10338,42,1.88867,0.0833505237590478,-0.1299813323094123,0.8053261978252538
2723.0,4.439015474496958,170.63447077558556,44.45795,2,117.69595,35,6.43608,0.1065580712999622,-0.1195054991192771,0.8076939199452927
2724.0,4.431587808853494,-1.3797954982620697,43.60151,27,118.32282,42,0.81433,0.10111372029103,-0.148855154636045,0.8104036972328847
2725.0,4.43211601868735,-7.326818316576464,43.90249,36,108.4134,21,0.69156,0.0689151417518741,-0.1671487788740501,0.8102105444847835
2726.0,4.429727149834311,-1.7347595651029906,43.43055,27,112.17819,43,0.91517,0.0538946388492549,-0.1541421595691341,0.8110846428454744
2727.0,4.419889841874909,-1.349653845102864,44.93915,27,114.11204,19,1.4744,0.0529912116223224,-0.152690672870231,0.8146991078972211
2728.0,4.410864675980561,175.24688614082137,43.30186,36,111.48687,33,0.91538,0.110773996661096,-0.1373782975477952,0.818036465762266
2729.0,4.390336171280499,168.61391850558266,43.24851,27,115.37892,42,2.04236,0.1784980919239398,-0.1238786533633392,0.8257043643513172
2730.0,4.3826378847874246,161.14213960660894,41.80017,27,117.69128,39,0.45056,0.1919919518756753,-0.105540662165269,0.8286076804176531
2731.0,4.398331086037288,150.4408064393033,41.41309,40,115.76728,26,1.80903,0.2282641242594214,-0.0796014023832191,0.8227053012467531
2732.0,4.4019933031718335,148.14745074839504,42.11884,2,118.66537,14,0.23222,0.1914472109680458,-0.075047728367676,0.8213369792393909
2733.0,4.3875877458386965,158.4328909168499,43.91841,40,117.30356,19,0.14916,0.2076085953044639,-0.1092467922435575,0.8267391460110038
2734.0,4.4169515392993715,158.75669260702892,40.78174,12,117.77564,46,0.14238,0.2299544443289463,-0.1104918318399037,0.8157833981340853
2735.0,4.43030024335909,150.35897470558433,41.29876,2,115.45848,33,3.57758,0.2611478730509213,-0.0892708216549742,0.8108748163024285
2736.0,4.428164556360682,155.5950198300955,41.55386,31,115.9046,38,1.27504,0.2516186872489036,-0.1041317718116001,0.8116571686268201
2737.0,4.399614841806295,161.23338534084644,42.76709,48,116.87913,42,0.76293,0.1860140322180812,-0.1175620405334278,0.8222252598666849
2738.0,4.378292511215654,162.02823652738795,42.14544,48,117.57554,26,2.73016,0.1841177013097995,-0.1168876437959152,0.8302532519164431
2739.0,4.36739067942676,150.24431705025117,42.25484,2,121.56021,9,0.22142,0.2536614640045289,-0.0879065220196114,0.8344033629613997
2740.0,4.36473340078912,156.40954883001092,43.71956,12,113.01293,35,1.58667,0.2622425550814264,-0.1044428151787273,0.8354196528301268
2741.0,4.365456674099435,145.44541066238267,41.06166,12,114.28866,42,0.95917,0.3179547864161386,-0.0808470545519091,0.8351428494037593
2742.0,4.383867890622071,136.5809728711843,41.16291,2,107.3951,30,0.92472,0.3640279822038401,-0.0553898713136767,0.8281427716536163
2743.0,4.385029947895377,120.0659187283635,42.99162,40,119.24869,24,2.83837,0.4204511673120083,-0.0104314275268019,0.8277039049509426
2744.0,4.367709410324594,125.88122449191206,40.4521,28,113.73295,30,1.80299,0.4099836785632856,-0.0234218238844088,0.8342815872642204
2745.0,4.392205439607098,118.92328541068903,41.91461,28,104.55132,42,0.43786,0.4226900572681004,-0.0083555919692024,0.8250016947711951
2746.0,4.4100170411109705,116.04428739828012,41.13929,28,107.61229,17,0.85421,0.4280498779224168,0.0013094526843273,0.8183509601799597
2747.0,4.4259738694802495,127.69665459073272,40.04068,28,103.66949,17,0.78449,0.4058468910982725,-0.0318204795332401,0.8124608456504283
2748.0,4.450549846800833,117.86568817746527,37.76587,28,113.11852,23,0.62293,0.4826511095696717,-0.0070542028987369,0.8035127871095601
2749.0,4.466304351908628,120.41013730989698,40.44763,28,119.07804,27,1.51191,0.4405767833505739,-0.0086011254987515,0.7978541402104896
2750.0,4.44136725785926,113.97513007299705,41.18309,28,116.62265,30,0.94452,0.474102165173658,0.0082412000002263,0.806838769674077
2751.0,4.43438565147327,100.12597150792288,41.29003,28,100.85496,23,0.48359,0.4986480244147008,0.0476992163643764,0.8093813834841065
2752.0,4.434893840823922,100.3845805480405,42.79559,45,96.84539,16,0.96525,0.5068034443186292,0.048289798486735,0.809195901960453
2753.0,4.4505343707586436,98.37657221640195,42.48474,45,108.80772,30,0.1471,0.476273085334686,0.0575453555322922,0.8035183753011692
2754.0,4.4577417660627265,86.78420027482068,42.16724,45,106.07988,46,2.21359,0.5156446647987794,0.0856666218326626,0.8009221760930118
2755.0,4.443464378207059,89.05740441716435,43.58701,45,119.41408,26,0.2169,0.4683654453674983,0.0848775684743043,0.8060773643500232
2756.0,4.446965367778435,87.4406775279698,41.95148,32,118.21361,15,0.95,0.5519393997393606,0.0837402961332069,0.8048086530651434
2757.0,4.46769354644192,82.97238571849607,41.44963,45,115.93423,10,1.13788,0.5238720214060398,0.0978795652696241,0.7973580442817083
2758.0,4.453356964012205,92.41442231586184,42.32481,38,114.70434,46,0.25041,0.4802045558941639,0.0738550166980352,0.8025001381293272
2759.0,4.452061376513241,84.95167033293933,44.07078,2,123.34278,27,0.46509,0.4975662686390019,0.0912814253572402,0.8029672747390957
2760.0,4.4525928046412835,78.29088230941801,43.98983,32,116.42461,30,0.75402,0.545211475356575,0.1041849241762311,0.8027756138577171
2761.0,4.452089379841867,79.61264314160431,45.46471,29,116.79515,31,3.20622,0.5430111233132098,0.1028377534560083,0.8029571735556577
2762.0,4.493507601215656,77.10399891020913,44.24525,1,118.2539,27,1.35335,0.5749552081512184,0.1121777335086048,0.7882231216858878
2763.0,4.497425674801152,70.74044355220681,43.17491,1,112.84465,27,0.75473,0.6146083694435863,0.1306684340624299,0.7868503492716413
2764.0,4.472336233496949,67.48919041010103,42.87619,1,120.37438,23,1.50332,0.6184712455497381,0.1392274346598751,0.7957034448808057
2765.0,4.462109592250004,67.41877826891402,44.34395,13,113.75687,21,0.34565,0.5964343365745589,0.1369730936223802,0.7993549457966529
2766.0,4.474489662746135,51.228787288123584,44.08401,29,117.85296,40,2.48917,0.6735286145242978,0.1779313864524591,0.7949377357713048
2767.0,4.474146237013292,68.61984961933149,44.10995,29,116.10836,21,1.74752,0.6077326110954883,0.1343173526993786,0.7950597758377361
2768.0,4.487567664873726,64.12705522140462,44.70162,1,120.02162,15,0.20466,0.5832847237868983,0.147003908512858,0.7903111542952542
2769.0,4.5099556411635415,53.63735864172597,43.33619,1,117.2942,21,0.39594,0.6402235474470594,0.1719522929340986,0.7824842253803913
2770.0,4.493218302439996,59.91190806862241,42.93705,29,110.52186,8,0.49536,0.613366632232967,0.1558949476378921,0.7883246254676739
2771.0,4.502840076955723,60.71346031661906,41.40785,29,115.9097,44,1.02496,0.6220304538991687,0.1498215127204528,0.7849592037909453
2772.0,4.498421968419172,84.07483745031143,43.38383,29,102.61955,21,1.07925,0.5919960621303051,0.0854930040452988,0.7865018505423352
2773.0,4.508366248569475,80.01745195952,45.63924,13,114.88084,23,2.77143,0.6705337708111763,0.0942157831782688,0.7830360411773135
2774.0,4.504527135771175,68.01220795234258,45.45651,1,112.25526,43,4.07731,0.7242670259010784,0.1209976722316309,0.7843713399295664
2775.0,4.533298704568091,72.24966761474062,43.12119,1,114.94538,27,1.1045,0.7051848309590689,0.10513156732163,0.774446567547705
2776.0,4.526193013676273,72.85651940166656,43.28059,1,116.70525,23,0.58408,0.7088808524542753,0.104402863217251,0.7768800905899403
2777.0,4.526067414901141,75.79642989456633,44.83655,1,111.63163,19,2.41371,0.6925644326956222,0.0970052386640162,0.7769232081720341
2778.0,4.53589636883819,78.8305371197547,45.97409,1,113.63214,35,4.10812,0.6950845457985557,0.089179031791707,0.77355978532937
2779.0,4.522913459364276,77.51350630182912,46.27799,1,116.2608,28,1.08238,0.6599302795501668,0.0957501944188686,0.7780071270381582
2780.0,4.510533555014445,79.09156342149154,46.95027,1,115.17665,37,0.13585,0.6137086221476491,0.0938287541460713,0.7822837260395692
2781.0,4.526824585757924,75.87479615279301,46.12622,1,114.09836,39,0.62659,0.6192154725185957,0.1028152668479809,0.7766633286902314
2782.0,4.500840798618111,81.88214542994413,45.58036,1,121.92404,28,0.51172,0.6214525193161704,0.0887174941582403,0.7856567181249072
2783.0,4.480263487724645,95.20213843090416,44.72912,2,117.74277,23,1.39247,0.6195987309176925,0.0516175368043935,0.7928901446625041
2784.0,4.47132290836491,87.50457033094963,43.87269,30,120.6271,27,0.82538,0.5875246899568352,0.0741794247971308,0.796064142455327
2785.0,4.4927648622561955,93.63838445178756,45.42632,30,120.43883,23,0.96834,0.5773604411658113,0.0570883567059384,0.7884837595922355
2786.0,4.503760576505921,84.80150424305094,45.17377,1,124.44181,11,0.87452,0.6192589124402845,0.0778833039715671,0.7846383693495024
2787.0,4.497201479204899,90.4489496336796,46.37962,1,122.70986,35,1.96789,0.5528702254306539,0.0653609960858154,0.786928803742142
2788.0,4.490673887549116,90.7790067296815,45.54846,1,125.64179,19,0.12811,0.5629685501049603,0.0646692241023326,0.7892182076854523
2789.0,4.4959949545552425,93.86216598445318,47.27633,1,124.66229,13,0.9621,0.5452721743304695,0.0579314116884558,0.7873512136441702
2790.0,4.513955421106044,97.29198311346288,48.31114,2,116.04347,8,2.36872,0.5393538565166551,0.0471204784345979,0.7810981336766123
2791.0,4.520140293068432,91.74780811428118,46.86605,1,118.63258,15,3.57575,0.5160336894071802,0.0659701930005959,0.7789620553560561
2792.0,4.522558748115991,101.9936781877622,48.03055,2,118.53823,11,1.22645,0.4229794851553142,0.0394464523290103,0.7781291724186035
2793.0,4.512377606045006,94.37245940610208,49.08584,14,118.2274,12,1.32906,0.4385863585914664,0.0587844313229511,0.7816444726468287
2794.0,4.5041879662958095,94.6230231478379,49.23615,40,114.74195,28,2.19028,0.4133946941878859,0.0609086968358755,0.7844894721363833
2795.0,4.543842078226777,93.83152651262552,46.36222,1,119.46947,32,1.39294,0.4143785799803691,0.06399924205032,0.7708567392992218
2796.0,4.551611070144103,100.49779249977132,46.91166,1,123.93071,12,0.45981,0.3929098079933549,0.0426679661728697,0.7682274862011934
2797.0,4.527695042899347,106.81898989597605,47.02166,1,117.21707,27,0.21909,0.3640887131007757,0.0256582968737954,0.7763647276809132
2798.0,4.532401452702456,115.76283981912572,46.70475,1,121.98304,47,1.94652,0.3861601521460696,-0.0023757981176624,0.774753222822956
2799.0,4.532111672549848,118.37000811263616,46.34422,1,118.88441,24,0.66212,0.3307668239866055,-0.0071829224371586,0.7748523003836222
2800.0,4.508340446650502,102.74962391978583,48.67893,1,124.57804,25,2.8298,0.3623685949649131,0.0311504763259802,0.7830450040719933
2801.0,4.469370257780428,101.8234721187832,47.15722,40,121.46089,38,0.69603,0.3687559111084386,0.0309740789183047,0.7967598890982415
2802.0,4.447889219090805,109.12381810587355,47.48074,1,116.99606,23,4.27872,0.3621907854870248,0.0118880817074511,0.804474361325068
2803.0,4.458110545698184,107.59456427077836,46.86503,44,118.3405,8,0.30843,0.3557916280834563,0.0157322407595165,0.8007896753087899
2804.0,4.470084568329002,93.2163471992188,45.74373,1,123.37304,46,0.1333,0.3839729141214443,0.0562255822407381,0.7965052681793174
2805.0,4.488987016804899,94.68866622350824,47.00247,1,121.48613,17,1.22695,0.4081699251152328,0.0496776272484074,0.7898114636872687
2806.0,4.4816259955079865,94.22351224819218,44.09969,1,119.32746,20,3.10111,0.4194504153524499,0.0502228006305796,0.7924081076630911
2807.0,4.470144702119638,106.76908039173412,46.60706,2,119.1743,22,0.25982,0.3758100784520857,0.0154129730069629,0.7964838386453459
2808.0,4.466247683726425,97.04456906313368,47.63776,40,119.66437,9,0.04893,0.3624861073638783,0.0444118843056768,0.7978743868397961
2809.0,4.461054901914156,93.3380912000963,45.9489,2,116.7901,39,0.85329,0.3813907909812881,0.0523919917869415,0.7997329602416878
2810.0,4.450518627185633,93.03568067996976,46.04334,2,123.30609,24,1.42894,0.3822158524233217,0.0525037322885971,0.8035240601543926
2811.0,4.443314276986399,91.6094109025238,45.31374,1,117.02708,7,2.08526,0.3273409541453162,0.056743853520718,0.806131826056961
2812.0,4.4438565302259745,96.35569991887796,44.47773,1,118.51191,21,1.23938,0.3189097222690893,0.0426990545056743,0.8059351046185462
2813.0,4.438990083697297,87.64613244921964,44.93291,1,120.99009,23,1.99746,0.2896584908818595,0.0667303462089199,0.8077031599087864
2814.0,4.433405024408014,87.27729274088449,43.27343,1,115.78498,14,0.01039,0.2568217010940445,0.0669671608419739,0.8097394780258776
2815.0,4.456199112653895,93.23115928652028,44.03088,42,115.32614,48,0.13333,0.2412772092836892,0.0501370839214024,0.8014768008552121
2816.0,4.44558087613165,96.89056586855656,42.9573,42,116.04286,13,0.61957,0.2473966926697104,0.0399439275533079,0.8053100158317213
2817.0,4.448334035380596,110.69306660154784,42.61497,42,113.49574,13,0.14329,0.2495545501198747,0.0016552090869969,0.8043134806869171
2818.0,4.4264061716366525,103.74204329371722,44.30059,44,116.35693,18,1.09422,0.3156512908980957,0.0169208589017274,0.8123021564517009
2819.0,4.4161029850978695,110.47288514259893,46.51802,40,116.33685,7,0.00375,0.3301061977435652,-0.0044138274124896,0.8160969338188075
2820.0,4.414747860399076,111.60803610802662,47.21045,1,116.15542,27,2.7594,0.3025949616914483,-0.0096355134051263,0.816598019216594
2821.0,4.406310594234945,111.20820944196592,47.1373,1,118.50172,28,0.37198,0.3103325824228005,-0.0109902201496612,0.8197282802754708
2822.0,4.4095749190675,115.92268205404278,45.26115,1,114.26658,28,0.35532,0.2718008594978094,-0.0234803536964584,0.8185150708453901
2823.0,4.391631199363048,118.38568784518694,43.3268,1,116.93131,28,1.85774,0.2204247178502149,-0.0309525024409579,0.8252174597688693
2824.0,4.395205305730658,102.81891602786628,45.0222,1,124.32714,15,3.00672,0.2632320234166376,0.0108899571378367,0.8238758997890999
2825.0,4.414888188999565,106.74950702785851,43.45255,32,120.68776,46,1.94751,0.2046126532442889,0.0017823333148782,0.8165461083952454
2826.0,4.414515506472647,96.65607084677772,43.48029,1,119.48253,10,3.05419,0.2359762347465532,0.0296923156232714,0.8166839832365137
2827.0,4.393895424228952,109.37484930899988,43.46891,32,116.90715,29,1.29222,0.1620871178010111,-0.0043068572735491,0.8243671907989668
2828.0,4.409174977935966,115.81633047817354,43.35083,1,110.49579,27,0.46943,0.1773391251617307,-0.022701647869094,0.8186635669663213
2829.0,4.445037860805734,111.95226656470592,42.11759,1,112.40125,38,0.50745,0.1863490247650898,-0.0153762597700197,0.805506784635449
2830.0,4.420488311744674,102.05299596196838,46.24217,1,115.56738,23,1.66501,0.1864977259645456,0.0120518696522098,0.8144785259933776
2831.0,4.400380113032342,114.63397507612896,45.80104,1,112.51694,45,1.77389,0.1078443205126357,-0.0211872880693703,0.8219392979260458
2832.0,4.3926275627484195,105.00151946001776,44.02525,1,115.14077,29,3.10074,0.1340412748479834,0.0035583478085296,0.8248431402072918
2833.0,4.373134877071543,103.1729204070237,44.00165,17,122.99012,16,2.78983,0.091322157826063,0.0043723275912863,0.8322127925206513
2834.0,4.37224643169347,100.79774109342844,43.73181,1,124.31059,29,2.17748,0.131095584397395,0.0111765773975442,0.8325510400287078
2835.0,4.386201630237624,104.28460037966148,42.73165,1,118.13908,15,2.49477,0.108140515407346,0.0025426550645681,0.8272617563221067
2836.0,4.368998459554533,101.9811765665384,40.87099,32,120.69119,7,0.47911,0.1353442228957586,0.0065867480962138,0.8337893594011633
2837.0,4.350583318149816,103.7064250718338,42.14797,1,114.32274,20,0.24461,0.1336492331976956,0.0026648610574828,0.840862822318898
2838.0,4.366614932859787,105.20255794970588,43.38067,32,113.25425,47,1.8827,0.1217875668557724,-0.0034801005604707,0.8346998594698719
2839.0,4.343923862200362,103.0909849943436,44.38343,3,108.75915,24,0.22698,0.1542316669350135,0.0011147374270852,0.8434429693962084
2840.0,4.363806785803459,95.05679682430204,45.45462,1,110.30488,47,2.52048,0.1525299060382432,0.0222662020038036,0.8357744781445906
2841.0,4.389961023826009,97.48432926015325,43.90544,36,115.48551,16,0.2141,0.1694941462299822,0.015689009360731,0.8258454927687187
2842.0,4.400597135994813,90.3979370300643,46.20488,1,122.03252,37,0.63521,0.200911046734126,0.0344659438383437,0.8218582292449805
2843.0,4.362081637586784,100.51622795757372,48.88009,3,123.3904,9,2.38491,0.1759683353513372,0.0055010755024746,0.8364356853773152
2844.0,4.37306371232502,98.81290163774432,51.42633,1,118.7086,23,0.10331,0.1166725574122657,0.0062502320163162,0.8322398786544101
2845.0,4.39133529737994,95.0212712389029,51.92918,1,119.18223,23,2.23125,0.0858008142846374,0.0115606995173422,0.8253286750112637
2846.0,4.407739561498096,98.44302207114234,48.9806,1,121.15533,15,1.83856,0.050239400120666,0.0006056478306416,0.8191968627606581
2847.0,4.380312120246705,103.04350866439913,49.84155,6,118.39349,16,4.30755,0.0516897191247244,-0.0109007836810141,0.8294878268208616
2848.0,4.3527291917509565,99.17953503609532,49.94251,36,118.9216,11,0.29072,0.0325698295031615,-0.0043722479786464,0.8400339444003885
2849.0,4.350545974416016,108.20877518850918,49.83981,36,117.63382,34,0.7261,0.0162623820557968,-0.0286239184042824,0.8408772577908373
2850.0,4.372594637854774,117.10599849044296,48.47445,36,119.04522,27,1.20204,-0.0134082142974635,-0.0535631612939742,0.8324184469653865
2851.0,4.342721789795529,108.71210255223684,49.63488,1,121.58182,30,0.88919,0.0372253403314104,-0.0260416053099434,0.8439099667722267
2852.0,4.361298404417892,108.64119623846132,48.61648,1,122.13016,43,0.00179,0.0388439505816679,-0.0264243032574491,0.8367361385624088
2853.0,4.316055518913177,108.80162370367444,48.08984,1,120.52731,30,1.04514,-0.0228041639761027,-0.0306611913365586,0.8543701893991438
2854.0,4.315478042759714,117.48940158118,46.8883,1,123.25969,8,0.08797,-0.0200285087692736,-0.0535598844393275,0.8545988599735095
2855.0,4.307156295264484,130.89591778417963,47.38072,1,119.7525,34,0.33962,-0.0229992139741832,-0.0879285826563909,0.8579043477041997
2856.0,4.279758194174442,132.84263564017954,46.03481,36,114.45802,27,0.4698,-0.0558475591416789,-0.0924770823740495,0.8689237491834105
2857.0,4.2943519360082725,130.3027704460712,44.98143,1,123.12058,14,1.11341,-0.1080922556383058,-0.0889711157422038,0.86302795767379
2858.0,4.252044676275094,132.65864254584102,46.05891,1,119.58898,21,0.03578,-0.1532967352793965,-0.0953566670879297,0.8802874162055068
2859.0,4.252603326729882,132.84531732339525,45.82321,1,117.65519,18,2.37548,-0.1840827028777906,-0.0963653115443079,0.8800561504953848
2860.0,4.2645009138558105,135.4977463866346,47.03141,1,119.48813,8,1.7867,-0.2183094590130009,-0.1047991723655381,0.8751524400812963
2861.0,4.263969124728115,136.86713071706376,45.98532,2,120.50161,8,0.8011,-0.2449516951092774,-0.110833250919177,0.8753707463403291
2862.0,4.237543023699756,140.37367145621428,48.96866,36,121.25781,10,0.08154,-0.2440935688547901,-0.1178371817521034,0.8863227368428915
2863.0,4.237132148903798,138.79396332501008,47.68385,33,119.47731,30,2.26783,-0.2847635781681208,-0.1151254719865818,0.886494638647003
2864.0,4.22901380015187,132.22639308487348,45.9801,1,118.64127,8,0.03894,-0.2967570011441813,-0.0995033917703615,0.8899014757140442
2865.0,4.197807365074776,127.70419870378588,46.7378,36,121.26855,31,0.59731,-0.2695824336903158,-0.0875587615649277,0.9031816829765363
2866.0,4.258365800168414,126.07243997100628,46.69317,36,116.84317,8,1.47235,-0.2407067654513547,-0.0834662220228453,0.8776759562348194
2867.0,4.254927896890914,126.4833853681607,47.4779,1,119.10414,40,0.714,-0.2163031219634404,-0.0842428673277187,0.8790948211873306
2868.0,4.240071761426589,123.11682985157708,48.99393,1,117.29393,38,2.48685,-0.2138956228323206,-0.0746348597350695,0.885265863501728
2869.0,4.190182516722643,115.79099746698526,51.4487,1,120.5129,25,0.95457,-0.1653914728629029,-0.0542693703689732,0.9064717015434509
2870.0,4.198339533941352,112.36568834924697,50.40297,1,119.74318,31,4.48956,-0.1892494417721958,-0.0454262699030047,0.9029527283119173
2871.0,4.207795693146086,120.73820523365345,50.7414,1,118.22125,37,0.51872,-0.2146611713599063,-0.0671572409653881,0.8988988858016509
2872.0,4.217346347957152,125.78319578479704,51.21749,36,119.46275,29,1.42714,-0.2193241883384513,-0.0791195953533205,0.8948321806607883
2873.0,4.231379923275321,128.85216216298528,48.88652,36,117.48062,10,1.43928,-0.2125281626654782,-0.0872509390790058,0.8889065153072067
2874.0,4.258118411707067,127.30756634530168,49.28798,1,114.62198,29,0.80512,-0.2184538389571139,-0.0827075838527492,0.877777941755515
2875.0,4.221804012411013,121.12101793116815,49.18393,1,118.45946,31,0.10341,-0.2194017625993416,-0.0669446415687264,0.8929435303406492
2876.0,4.227296747050889,116.8444794613868,47.5023,1,123.64813,35,1.20676,-0.1970736816058879,-0.0568720390657619,0.8906245469838463
2877.0,4.209167514186739,122.56991928230116,49.50712,43,117.52473,42,2.19043,-0.2554234388870371,-0.0727859197759047,0.8983130562024635
2878.0,4.197539597558565,120.7202671891763,49.46249,1,117.17617,24,3.90924,-0.2463109179309183,-0.0674136117171136,0.9032969173532831
2879.0,4.183054749050373,137.84613089046022,47.18752,34,118.63932,18,5.04582,-0.2784693158947791,-0.1117766895377911,0.9095635207188054
2880.0,4.152834130090929,143.3988315886994,45.89933,34,117.89442,18,0.00286,-0.2904285471963249,-0.1270003524421192,0.9228496702352018
2881.0,4.151255165006939,130.72406172577945,46.32267,34,113.68933,35,0.06178,-0.1874008476989121,-0.0881424631089881,0.9235518311327257
2882.0,4.136731051280238,133.229685901367,46.50165,34,116.416,12,3.18454,-0.1938742696623467,-0.0942182238483292,0.9300484196807556
2883.0,4.139019107410342,133.21940309484793,46.7983,48,119.68804,18,0.21698,-0.1720982715607404,-0.0944157302943892,0.9290204394994258
2884.0,4.135913144880231,124.77952078205708,44.14328,4,115.98514,25,0.9159,-0.1278529349170539,-0.0712778576195629,0.9304163035043854
2885.0,4.11829118624749,138.5225719714076,45.06229,4,113.30527,45,0.10011,-0.1563172255464569,-0.1093742981396862,0.9383957470042146
2886.0,4.090430849506215,128.54636476348713,45.06674,34,119.75539,31,1.5552,-0.0640872939523818,-0.0769225806812937,0.9512222962142572
2887.0,4.088889451467673,134.92178251110525,45.54336,19,121.66198,12,0.77612,-0.0232817459860401,-0.0878724626952203,0.951939600293858
2888.0,4.0511459841894855,130.87053607239253,46.81933,4,114.75224,17,0.5151,0.0020033147940391,-0.0749280857119404,0.9697601746086755
2889.0,4.048304505429376,146.40994544382775,46.6441,4,117.06397,32,0.81929,-0.0413106041597338,-0.1165726280886178,0.9711219891595575
2890.0,4.059953845266781,136.26040232151064,48.02772,4,119.49064,24,4.54857,-0.0310582025810207,-0.0926240759432397,0.96555704913733
2891.0,4.0762229520475834,137.55650437732345,48.40783,34,110.15607,27,0.17675,-0.0209665604477489,-0.0964855770198506,0.9578649271059141
2892.0,4.072392584572265,134.10542846170344,48.79125,43,118.77223,10,0.41374,0.0079893519090706,-0.0871473970732381,0.9596676512042343
2893.0,4.074855646161878,116.46164870858068,48.88781,34,119.66238,16,0.03082,0.025459684350272,-0.0416341616542057,0.9585078524992736
2894.0,4.05400736094241,112.04805238487184,50.61627,3,121.82326,47,0.35495,0.0698210825483705,-0.0271483232272676,0.9683917163360044
2895.0,4.070899566167404,118.3076439476223,52.60614,1,121.45912,25,4.71175,0.0421779513490913,-0.0450192085174683,0.9603717040482247
2896.0,4.064317744312469,127.71121132962796,52.18354,1,115.82565,10,3.97852,0.0606394165466554,-0.0666652580852685,0.9634847055553242
2897.0,4.076320910933555,117.11836057240504,51.39071,34,122.93957,11,0.06512,0.0577066393275004,-0.0419678412958361,0.9578188903704458
2898.0,4.090750687183022,113.83111937889566,50.97244,34,123.03936,10,0.4743,0.0303356540291623,-0.0387809805400077,0.9510735583130009
2899.0,4.063381042472635,115.38574407730928,50.43323,43,121.28984,33,0.47102,0.0113150048793785,-0.0426872792992397,0.9639289670755052
2900.0,4.10916620300092,120.10915298585044,51.23333,1,118.38411,16,2.14334,0.0077676988377988,-0.0558161246115631,0.9425680547424521
2901.0,4.062061524875337,127.70020006483756,52.71233,1,120.95566,24,0.50387,0.0063163903531141,-0.0754027097350803,0.9645553129897027
2902.0,4.0578245130720765,118.8255260954994,50.18925,1,118.73116,18,0.62408,0.0270689161793102,-0.052104138544031,0.9665706617969757
2903.0,4.039539600157323,144.61914739285425,51.72026,5,123.04703,13,0.07086,0.0011408041341773,-0.1202645382193586,0.9753407999335427
2904.0,4.0546715655821925,135.6193439657863,52.43517,1,117.78195,10,0.91578,0.0765697073744928,-0.0968312807465286,0.9680744735813831
2905.0,4.023893788465163,129.4277822562153,51.75528,5,117.14624,45,1.31122,0.1106169710903925,-0.080981594175594,0.9829402379221232
2906.0,3.9765369106736657,135.6481912521055,56.08412,19,116.68655,30,4.64669,0.1204817168295533,-0.0975313553964116,1.0064914632397675
2907.0,4.006813436705486,133.26043339511628,52.84061,1,119.54641,13,0.84573,0.1138855816931014,-0.0893509715786112,0.9913383076168422
2908.0,3.978724898400895,136.21482743703888,52.30442,1,121.22175,47,0.01672,0.1567197692068636,-0.0976344884969682,1.0053847843369077
2909.0,3.9691582074619456,138.83696722166556,52.24711,43,118.69854,33,1.25569,0.1052639157116918,-0.1085795930006309,1.010237096175444
2910.0,3.9760556240892697,138.8762744031526,48.58938,1,118.59893,36,1.49383,0.1622257938459289,-0.1066137340888316,1.0067351420020498
2911.0,3.989722813598654,129.78353255980596,49.78334,43,116.82343,40,0.78545,0.2131242324571333,-0.0836196746862515,0.9998496144626362
2912.0,4.001320703185811,130.4320626334991,49.37185,5,119.81389,17,0.39564,0.2030019353955277,-0.085301047554441,0.9940618556258335
2913.0,4.017603788304418,126.48209865012171,47.59089,1,119.26271,27,3.56239,0.2403247188569839,-0.0730491075031495,0.9860204491246968
2914.0,4.023686736628842,128.72269749000682,46.29504,42,111.87615,17,0.09875,0.2103078243099134,-0.0772216770747965,0.9830414012735254
2915.0,4.030671833554725,122.2320377506887,44.33472,1,117.04366,12,1.09131,0.2199247966636936,-0.0637325004448826,0.9796371600655476
2916.0,4.015240959178842,118.24044089385492,45.99051,1,118.46392,26,0.94846,0.2858652412104765,-0.0582185415372972,0.9871812677961755
2917.0,3.998359185078413,124.89237587592802,46.36521,1,122.02659,25,1.02559,0.2764974451690211,-0.0798936821252887,0.995534971126356
2918.0,4.004734259271436,128.79447242143286,47.21728,1,120.61933,17,4.65716,0.2289977978874901,-0.0884646886523753,0.9923679406280553
2919.0,4.0308659273286285,120.11585896127612,42.74823,1,123.65136,6,2.70355,0.1935384819674195,-0.0642388742062757,0.979542819594271
2920.0,3.993875658670275,117.99511928190952,42.74237,1,113.69401,27,2.36604,0.1644160791599862,-0.0576681846594026,0.9977714016427298
2921.0,3.987562009162191,100.12906170473138,43.57603,1,119.32196,6,0.23403,0.1847634296223052,-0.0116276231342137,1.0009335172807816
2922.0,4.004058959350348,96.42286459880356,44.38066,36,118.89586,41,0.03396,0.1437642542707455,-0.0051304203674632,0.9927027021838407
2923.0,3.9836777868035407,106.8337007693136,45.06688,1,120.46873,13,2.86219,0.1060694864853487,-0.0342012834149708,1.0028863578207046
2924.0,3.948368734894258,111.89943701076012,45.90369,36,120.06687,32,0.22643,0.1276562434705523,-0.0476676077807621,1.0209035712917116
2925.0,3.988706534146972,97.9704890624345,41.94269,21,114.42051,34,0.38073,0.1544370968278572,-0.010794959563318,1.0003591811897485
2926.0,4.012087026533056,92.36399261606924,39.19539,4,123.28822,26,0.82345,0.1785386587598459,0.0032772134350297,0.9887339395012993
2927.0,3.99669929254894,86.30425418410721,40.72342,36,116.42425,45,3.62486,0.1835029443799883,0.0167461544356386,0.9963620657317789
2928.0,4.001997093849229,100.91645883582058,41.80788,3,113.11811,45,2.76715,0.1634062289773729,-0.0223325291430738,0.9937258647082201
2929.0,4.003097657965182,83.19169296649403,41.31563,43,119.39715,6,0.34052,0.1923993307120368,0.021894587975714,0.9931795334505722
2930.0,3.998589589576528,85.59153067307457,42.02273,3,118.80397,22,0.04241,0.1614898074687824,0.0139542291749377,0.9954202461105673
2931.0,3.9921542007851447,91.60948961469876,44.28932,1,117.69896,41,0.88742,0.107275591087814,-0.0064302530849657,0.9986320857188008
2932.0,3.9882064786730136,95.05244669704312,43.33269,3,120.52187,22,3.30653,0.102375698098351,-0.0181814716939463,1.0006100540809983
2933.0,4.0142865602559485,84.9107057670193,43.64239,1,123.97715,31,2.22911,0.1557736273555088,0.0091117057963407,0.9876507294176334
2934.0,4.008294035801466,87.60725116638949,43.08979,3,115.00223,6,2.15459,0.1390654833278958,0.0003654064498623,0.990606074151512
2935.0,3.990672022343807,95.71265882211765,43.34681,43,118.80758,12,0.75849,0.1740720063951591,-0.0210962589257552,0.9993740288361355
2936.0,3.986205589535479,100.98405117055688,43.99501,3,112.03225,14,0.72737,0.1037653914665241,-0.0367190939069919,1.0016148252730337
2937.0,3.980219895853259,106.9740874464811,45.69924,3,115.81006,32,1.45346,0.0686366443026624,-0.0563613621260097,1.0046296675578739
2938.0,3.9499526248059658,109.67622466575727,46.6103,3,114.70291,25,0.25594,0.0602798092717563,-0.0644242210530773,1.0200849920219857
2939.0,3.960172131611727,97.9365877729928,47.5791,1,122.75712,6,3.20499,0.0753171879587386,-0.0357916164821212,1.0148269808817016
2940.0,3.976187684421654,102.94580435353888,43.73903,1,119.805,26,0.01243,0.0499817719163316,-0.0495115772625862,1.006668270123653
2941.0,3.980535106988936,101.7141597944017,44.50625,3,117.44117,42,1.12569,0.022970668466989,-0.0459234122142293,1.0044705643661354
2942.0,3.978269490171971,96.41556733520846,42.7092,40,116.53205,42,0.18334,0.0571668874845044,-0.0300832632651453,1.0056149782499666
2943.0,3.9973022462613303,90.31548957036836,42.29227,3,119.61196,30,0.15552,0.1014063483520055,-0.0143470763211778,0.9960615055739392
2944.0,4.00283425495572,87.94371945466364,41.2146,3,119.82231,15,0.04483,0.1016315769580154,-0.0109816791247548,0.993310248373438
2945.0,3.9960408629083166,88.80369400458096,42.63695,3,119.84506,30,0.94821,0.0979296580958294,-0.0111323001421092,0.9966904349286563
2946.0,3.990396178849068,96.3131379626746,43.8359,7,119.09353,35,1.68088,0.0788582031119256,-0.0293268856912916,0.999512200757136
2947.0,3.953519256187073,94.6228076522599,42.73807,1,115.9249,30,2.61235,0.0973343941531127,-0.0232727227079913,1.0182453014609893
2948.0,3.939402111861968,87.49976370375558,44.30814,1,122.14512,38,0.09568,0.0919371060364272,-0.0049859831689829,1.0255562953168893
2949.0,3.9337747268679064,73.14193447765089,44.36413,1,123.50571,27,0.30852,0.1160240202675245,0.0286990782293218,1.0284925732925798
2950.0,3.9126036876656656,80.8531372096864,44.34441,1,119.7671,31,0.70457,0.067567819589576,0.0043808354347181,1.0396530017015535
2951.0,3.906149720153307,96.02548015979151,46.55712,3,117.91783,13,3.73613,-0.0144202869041435,-0.0388121732107967,1.0430913900944927
2952.0,3.896888426463307,92.56436023029588,45.79731,1,120.66499,31,0.75208,0.0373191934547225,-0.0280168278531321,1.0480552761551294
2953.0,3.891994127001941,91.02031322417494,44.62025,1,122.32672,8,3.2062,0.0554180639567665,-0.0235724596623488,1.0506928554802384
2954.0,3.887755950497152,99.83729928748576,43.27317,23,120.40899,31,0.23915,-0.0006896372359774,-0.0481474744185943,1.0529848969698221
2955.0,3.8773276134058983,92.66674834425864,44.28649,40,120.96463,26,2.33229,0.0692856078790255,-0.0271525315520815,1.0586566634382677
2956.0,3.8462084074508063,89.75431511892944,44.01368,1,116.81988,26,0.00673,0.0760707296522692,-0.0203110969325786,1.0758568910081012
2957.0,3.8327075922652623,79.48875015213758,42.48015,1,118.41432,13,0.73747,0.0707992581643458,0.0036986558368759,1.0834497098993825
2958.0,3.8214010377462544,80.35265063147605,45.03839,40,120.14742,35,0.38609,0.0740424897886978,0.0008833478745063,1.0898704993082549
2959.0,3.822020292028636,87.01947968567353,45.87574,44,119.81892,32,0.7012,0.0662829587667221,-0.0139126870818424,1.0895173602628134
2960.0,3.824547338362876,87.6167153802106,44.78358,7,115.06128,12,1.90895,0.0406458840853508,-0.0186610473140352,1.0880780520217703
2961.0,3.8422278542572545,84.13522633148486,45.93026,40,121.38192,13,1.4048,0.056172433511129,-0.0113049898948815,1.0780872240786996
2962.0,3.8671918208259535,75.06770427962152,47.70335,1,112.95748,8,0.8527,0.1004483497416755,0.0158469837695786,1.0642133499329058
2963.0,3.8541938437247567,69.98280663451644,47.31156,40,112.8839,32,0.04935,0.0585823656112953,0.0235983708838695,1.07140341148582
2964.0,3.835112820254937,74.86716745821869,48.41746,40,118.75217,11,0.36306,0.0401673918358566,0.0083327551361146,1.082091144183883
2965.0,3.8309375732148494,60.99588926603934,48.56331,3,112.27515,39,1.31577,0.0679066025500565,0.0432179137233241,1.084451119928331
2966.0,3.782882687270354,50.57996773848362,48.26024,10,121.46372,8,0.23314,0.0819204945930417,0.071670009920204,1.1121782171886425
2967.0,3.761465001549295,52.23321226967707,49.44421,7,116.74899,8,1.34018,0.0318658904223641,0.0652332583243224,1.1248797042714342
2968.0,3.7614522336666862,44.81631014770815,47.9448,5,116.91773,16,0.68451,0.0634326631077388,0.0846198562951754,1.1248873408732025
2969.0,3.742015000791183,48.98442821248577,49.39341,5,113.79572,44,0.18866,0.042172612972727,0.0712063372373573,1.1366037467900223
2970.0,3.76714160448357,52.47239116768182,49.68588,5,106.47303,30,3.52334,0.0623880389623543,0.0644439618181244,1.1214921574067611
2971.0,3.746898947647862,47.76074615985644,48.42113,10,106.97871,14,0.58167,0.088536108243814,0.0807449719818838,1.1336426343943156
2972.0,3.769348317316947,41.01891468344181,48.68354,38,112.84055,15,0.78385,0.1451706423275629,0.1006210524127355,1.1201794176406106
2973.0,3.774275054173728,48.60765015043478,49.0636,45,112.86846,26,2.57302,0.1669614330793818,0.0814087168260628,1.1172568817090003
2974.0,3.8119455565107994,54.10359078083167,47.37823,45,114.98415,48,0.80435,0.1950296357634465,0.0670617763554568,1.0952840241981052
2975.0,3.839452184852832,55.45056736688903,48.25921,10,109.30349,44,4.38318,0.2116795178167848,0.0628952878214699,1.0796465587115716
2976.0,3.8463512546726695,38.072176605208,46.9926,6,119.05568,27,5.61766,0.2618562548087192,0.1090875420016109,1.0757769813461615
2977.0,3.8625137086493257,37.8116814682937,47.836,4,112.6069,46,0.64626,0.2948458245557393,0.1101415038765191,1.066792770841647
2978.0,3.848057147785567,50.31982250477458,48.34559,10,118.22121,36,4.58126,0.2228236474645408,0.0736431573521748,1.0748233812836265
2979.0,3.8553722500153618,43.21047130336015,48.18259,4,115.71852,23,1.97767,0.2552715811085485,0.0919504363058662,1.070748556137436
2980.0,3.8499011495307554,41.70258452723519,47.32557,6,117.89077,26,2.98139,0.2642968865870844,0.0957459627950671,1.0737940034078992
2981.0,3.8682288244995,37.920899759042015,45.05502,2,115.03289,14,0.21224,0.2591794968396157,0.1004737047900877,1.0636428328944958
2982.0,3.845971685793225,30.520277604105132,45.21481,4,119.86286,3,0.11788,0.2831267401672946,0.1198290743834,1.0759893342423068
2983.0,3.861850031463402,24.405989791337063,45.90895,47,121.02666,14,0.62648,0.2476577016043248,0.1311951882380125,1.0671594691108381
2984.0,3.8462352122826737,34.75053087692332,47.80456,2,117.77435,44,1.89311,0.2153832303842153,0.1041343105222932,1.0758418955327875
2985.0,3.847080413931012,26.97622801172723,47.49276,2,120.70807,31,2.69367,0.2111405735536336,0.1230229017848985,1.075369223605568
2986.0,3.847421616572985,27.82080795129066,47.62221,12,115.47763,11,0.47852,0.1956161975334352,0.1209979559628163,1.0751784971466867
2987.0,3.8077465622683024,16.504668787833722,47.63992,2,111.48271,14,1.67188,0.2672454205423308,0.1523532773077654,1.0977010060330394
2988.0,3.789181654220203,23.697022728099935,48.32304,4,120.89284,15,2.47267,0.2839971958163664,0.1380805756195111,1.1084836194659207
2989.0,3.7782223760257128,37.14618109448709,50.01374,2,117.30265,14,0.32755,0.2693589994173109,0.1034473488888209,1.1149235787496317
2990.0,3.781449274251371,40.07092431318805,48.12261,4,119.02402,34,1.19564,0.2113255137470537,0.0955196587148591,1.1130215514632125
2991.0,3.790243863980538,36.46166547444801,50.66923,4,118.43152,3,3.4702,0.2035662873768742,0.1023739671073572,1.1078624050143526
2992.0,3.797764991628143,41.89215651168462,51.75312,12,123.40548,11,3.43459,0.1949875181019069,0.0910055568149102,1.103478708904662
2993.0,3.801631797790111,37.47493636268527,50.22334,39,120.67586,48,0.11042,0.2141326538198164,0.102124670342141,1.1012350575185406
2994.0,3.795352606069545,34.891148613330984,48.46442,12,119.93181,38,0.63141,0.2246875814428331,0.108631094239839,1.1048819314178413
2995.0,3.7805980322101953,40.06988309984004,49.00877,2,116.57467,44,2.42739,0.2290251829177221,0.094333006369729,1.1135228252794684
2996.0,3.764535661582335,40.84523284453658,48.66162,12,113.70698,44,2.08004,0.206424784413372,0.0918487482145769,1.1230453667971532
2997.0,3.7525227122547538,38.290673028197205,46.89651,7,122.3816,37,0.93592,0.2262366698942839,0.1012870227754964,1.130247285413336
2998.0,3.74781391342956,42.54683978073447,47.25718,7,123.56388,21,0.34461,0.1955795692252905,0.0880714425085376,1.1330891823658908
2999.0,3.73416073840728,40.9750092146208,44.78752,5,119.24932,34,1.66434,0.1857526473995333,0.0940045176419076,1.1413901355903715
3000.0,3.7247013685076458,50.8447894400756,44.26385,7,119.1138,21,4.13424,0.1696687530198682,0.0702542776399948,1.1471949185304695
3001.0,3.703834499099452,39.48854047645392,42.63945,26,114.35169,34,1.57829,0.2401144055816874,0.1015724256565122,1.160157592326481
3002.0,3.68314863137196,52.13007332698626,43.2761,7,115.21879,8,0.53517,0.2020423106240552,0.0670710252998674,1.173225899894462
3003.0,3.689329241311108,48.24903898254957,45.64514,26,118.91262,13,2.97484,0.2075319861990804,0.0755617298906375,1.1692982603187452
3004.0,3.678726767653353,33.59302291580954,46.95457,5,114.05922,21,2.34006,0.2821143000965713,0.114709558879963,1.1760480518439145
3005.0,3.673677730594929,30.96715393132679,45.13567,5,115.17291,21,0.85512,0.2502778075333716,0.1208363952445613,1.179282952186762
3006.0,3.69067945491739,27.806980718662174,45.20454,43,118.86275,17,1.00719,0.2681963356071465,0.1305027904979192,1.1684428548887553
3007.0,3.676540579277301,21.21512732155024,47.73577,43,119.12531,24,2.30353,0.3164726778038422,0.1486607971466525,1.1774470990966783
3008.0,3.66388509768411,20.780399207604688,46.5252,5,123.75326,35,0.00814,0.3177739521087986,0.1487362916532801,1.1855952232076534
3009.0,3.6654684668603825,12.188453573431232,45.54941,43,113.68757,24,3.35961,0.3357371962312753,0.1727063496550798,1.1845711633936498
3010.0,3.68429747338564,9.627973870968772,43.71317,26,114.47484,30,1.92676,0.329208875352676,0.1796130076112279,1.1724943405832013
3011.0,3.683274977400441,2.112883044683727,42.42619,43,118.50051,18,0.15102,0.386705272753201,0.2018384506967951,1.1731454118008546
3012.0,3.6626016523481177,9.59089948236972,44.47018,26,120.33739,23,0.44298,0.3609707784192376,0.1817715197791721,1.1864262790586777
3013.0,3.68592824995778,6.682337019548726,42.86822,12,115.80125,13,1.58868,0.3528682326461916,0.1875565221509788,1.1714570695409816
3014.0,3.6720028997969902,12.852554347321616,44.76009,7,119.73528,17,0.23547,0.3395522236147753,0.1683661541525462,1.1803589588737275
3015.0,3.6711425330192737,12.40459563077789,48.76512,26,113.25596,17,3.98585,0.325799661834901,0.1667711601015522,1.180912280149448
3016.0,3.6493805903811816,22.989292540677212,46.29328,12,115.06804,14,0.79853,0.2520385957575721,0.1395512408966791,1.1950382768682426
3017.0,3.666491899152686,31.792004053624524,44.89057,7,118.18407,33,0.04882,0.2108242390385555,0.1161249803530418,1.1839099541423272
3018.0,3.666579657681476,33.48853742586407,45.88328,7,113.73705,34,1.21586,0.2210379802714721,0.113543957068882,1.1838532817325564
3019.0,3.6500155577142297,34.36618749211877,45.57586,7,114.51982,36,0.78322,0.2508679649618359,0.1114633815378482,1.1946225283580598
3020.0,3.66729917295673,24.805765785073532,43.89205,3,118.93599,23,0.54878,0.1872109336794062,0.132857730585486,1.1833887889714854
3021.0,3.65000483211276,26.36872116781862,42.9488,40,122.445,29,0.15012,0.2058719596676394,0.1267569946560633,1.194629549205736
3022.0,3.67623795587738,29.52470440198509,42.08281,40,119.1658,11,3.90148,0.1730309524104599,0.1144982953967513,1.177640959077817
3023.0,3.671438425364878,23.400602605227363,42.60806,3,116.20379,36,0.31378,0.2103147241518843,0.1341006205452219,1.1807219412231094
3024.0,3.669910725711924,18.802053123250133,41.37586,44,118.98584,15,2.03522,0.2931710231306186,0.147911938029221,1.1817051607467286
3025.0,3.66801601608884,13.234651283507446,41.88964,40,121.71141,10,1.51049,0.2863728116511185,0.1600115325868865,1.1829262930445796
3026.0,3.657187998363038,22.4704617058685,41.4071,44,121.5126,22,0.16613,0.2841808180114647,0.1341009772625489,1.1899413596044175
3027.0,3.689687380811867,13.139567571763862,39.8185,27,120.69309,25,1.47634,0.2757739128744177,0.1577076839815117,1.1690712754672261
3028.0,3.718052605597435,29.669910327043667,38.28804,3,115.40981,18,0.22617,0.2616422832374929,0.1137653802224194,1.1513015020903647
3029.0,3.69924935710964,16.557387417422547,40.02868,6,116.14889,18,0.04229,0.2863768337753817,0.1463538995601948,1.1630353566910858
3030.0,3.6971204867381022,20.949946707845257,40.11001,3,119.39218,18,0.0691,0.2372050154828804,0.1298733291013608,1.1643751368633237
3031.0,3.694723790789909,21.58000933094857,38.82974,6,117.76396,24,0.75724,0.2310753759344933,0.1282594540156247,1.1658862421324416
3032.0,3.6792609026062086,8.106297705154702,39.28386,40,120.22504,10,0.91715,0.3051255176974199,0.1662899683737164,1.1757066121959348
3033.0,3.701991476343721,5.176307265059307,41.06773,8,119.59293,7,2.14879,0.330599284430047,0.1734742184272903,1.1613130402000114
3034.0,3.69466752294493,-176.8819949654278,44.01259,6,119.5691,2,1.89164,0.382691534486986,0.1895929835891635,1.1659217540725386
3035.0,3.681050931440293,-174.03457930880882,44.02644,6,117.8133,34,1.90174,0.398593260538346,0.1958670061938691,1.1745634402739211
3036.0,3.694435845932114,-177.08759679387174,44.62092,27,119.48122,26,5.09146,0.4317618689709338,0.1866657694522211,1.1660679878954625
3037.0,3.6897919253295552,-173.45597916221627,45.46228,13,114.21022,34,4.25544,0.4173626607573389,0.2016416335603107,1.1690050287716653
3038.0,3.6879034809647577,-170.73758385767078,46.13285,13,120.85897,36,3.05042,0.4087768587365797,0.2099949990527933,1.1702025471923159
3039.0,3.6742635646041033,-169.5639374883895,46.51965,27,115.63003,25,0.86125,0.4097065173863323,0.2139720295339681,1.1789069263676475
3040.0,3.703227823511815,-173.64619780742828,44.90604,8,122.07173,7,1.48095,0.3709555127611033,0.2007224356296273,1.160537745520028
3041.0,3.721984921943307,0.97033573794765,43.73346,8,118.4287,14,0.36153,0.3361441389059225,0.1783402297704473,1.1488700628179662
3042.0,3.6757910264787097,3.922294811168399,43.12216,3,121.42821,33,0.99364,0.3322908601813467,0.1665421135764827,1.1779273487876503
3043.0,3.701061902576339,7.497862335577423,43.30792,6,117.40809,37,1.39912,0.323517349683766,0.1559645059521225,1.1618964736768878
3044.0,3.68180339110112,17.550990479492413,41.72484,6,120.19943,31,2.97858,0.2780031339912455,0.1298820426789213,1.1740833922101952
3045.0,3.674536212501275,21.161873257991317,43.37793,6,111.45797,43,0.47858,0.2651107718828185,0.1162640745058858,1.1787319847962259
3046.0,3.664167783443911,25.95014807742261,43.1801,27,115.48532,33,0.12863,0.2813139479287314,0.1075102882671626,1.1854122960175961
3047.0,3.642853393994733,12.89625795475142,41.05587,6,107.31629,15,2.11128,0.2711442211124508,0.1414742478534628,1.1993246078557642
3048.0,3.619194920777917,7.275986351574488,40.39233,45,118.88148,35,0.68213,0.3098115202233319,0.1565587551558234,1.2150556916873185
3049.0,3.615155124727628,5.0710927514019914,42.92845,45,119.25405,2,0.90811,0.2931710566437302,0.1585069584044557,1.2177727644475762
3050.0,3.630456631271936,-177.60454527347642,42.80427,29,116.7811,10,0.36384,0.2738652353761031,0.1782624828363995,1.2075291552290337
3051.0,3.654288190845454,-173.1897498550054,42.51716,3,117.55196,44,0.73493,0.2832276793981792,0.1880573616630941,1.1918306304046355
3052.0,3.6158747808616423,-165.3428820282527,43.93145,3,116.03333,25,0.17808,0.3229677040057181,0.2100675771087878,1.2172880737535996
3053.0,3.5922749489435177,-154.0826405894505,44.7143,3,113.26239,5,2.33694,0.3937174136305736,0.2416623170306653,1.23333481822239
3054.0,3.6266090894674767,-168.92540788766573,43.02512,3,109.59472,20,3.90535,0.3734674202880465,0.1994548395771549,1.2100926978205617
3055.0,3.6377559875612855,-175.1374051084535,41.82507,7,108.99576,44,0.22834,0.2998606374312146,0.1793638035062275,1.2026880705101572
3056.0,3.6282097029125384,-162.07163593583158,42.32134,7,114.44408,19,1.49107,0.3776815992580589,0.2140487380170258,1.2090252493745557
3057.0,3.624753410896918,-170.86302664332706,41.72725,7,117.86352,19,2.04839,0.346495795741857,0.1874809758707086,1.2113320195794197
3058.0,3.6157612588848247,-173.97887754430857,43.5511,9,115.45782,27,3.02199,0.3255369215570777,0.179376343013495,1.2173645119407
3059.0,3.583486544175141,-170.24026965684908,42.31867,13,113.83073,33,1.59615,0.3513160913989713,0.1875894254570469,1.239391677484003
3060.0,3.568477237566982,-176.22297442593322,42.24871,7,119.01304,40,0.82173,0.3416176797436077,0.1718975004242132,1.2498395688846775
3061.0,3.567108383320729,-166.97248424671255,44.7682,7,117.0463,44,0.20718,0.432790819571304,0.1924155091602926,1.2507989882689297
3062.0,3.5552433417457885,-174.271026664692,40.22867,7,114.86953,35,1.25498,0.406859139368498,0.173060658367027,1.25916159240414
3063.0,3.5623459843153102,-154.9887732721154,42.53937,29,121.23204,30,0.6591,0.4245268564216513,0.2214309889982859,1.2541455388986358
3064.0,3.5723833179231814,-154.2048846223525,43.08693,9,116.76958,44,0.7562,0.4775335506574564,0.2205388649004083,1.2471078884605897
3065.0,3.592238871586047,-164.13103836927905,43.47688,7,117.66438,16,0.77822,0.4474819900409978,0.1942982850778066,1.2333595914549873
3066.0,3.6329926813554,-168.36797738240764,43.81719,29,118.00443,36,2.51778,0.4167364711160553,0.1818205716161251,1.2058438859050964
3067.0,3.601867975233481,-171.40685960917034,46.38213,29,113.80684,40,0.59769,0.3932909002939886,0.1700147116834721,1.2267739682224184
3068.0,3.5854908359917195,-176.70231516699403,45.84238,7,116.22526,23,0.02175,0.3603685373147287,0.1564883304439026,1.2380064231895187
3069.0,3.5835259073331613,-175.277848454142,47.78155,13,116.03668,27,1.44801,0.4172584450339035,0.1581021934829149,1.2393644494947182
3070.0,3.5725997751079994,-175.18997981597028,48.89231,7,122.04787,24,1.37118,0.4562966629346839,0.1555033212348612,1.2469567731373263
3071.0,3.547868806042725,1.5984026592663838,48.77466,29,115.07112,44,0.86629,0.4487534739345546,0.137864485492352,1.264401573476945
3072.0,3.5441980025305027,1.6972823667842647,49.64897,3,117.53341,26,4.91835,0.419042652881646,0.1385121203479894,1.2670220666421796
3073.0,3.547522938833648,22.417665814080536,46.3846,3,112.13799,30,0.59862,0.3908931418421897,0.0797850412399001,1.2646481321991951
3074.0,3.5276567475301013,13.25001148633973,49.11567,13,109.53027,35,1.46875,0.4176458809949608,0.1003719486605401,1.2789321095755244
3075.0,3.495237136368519,-177.58957889591306,47.17784,45,110.51936,24,1.9547,0.4518569177864306,0.1390107579933381,1.3027672715173821
3076.0,3.4946718566926283,2.001632232866939,47.64877,45,111.86754,22,1.58856,0.4500682905867565,0.123450741066187,1.3031887631203414
3077.0,3.4747675300645176,-176.18208105566103,47.68393,45,117.56825,15,0.29254,0.4429035926917393,0.1374883785706598,1.3181614986170023
3078.0,3.4838543169581784,-175.17091790830983,47.09414,43,117.05245,36,1.81846,0.3949815841447567,0.1364016183306205,1.3112942585530096
3079.0,3.495901839603191,7.811184059928735,45.5391,5,122.80624,22,0.03534,0.3702694513773027,0.1015195381937096,1.3022719078980056
3080.0,3.4791347605644147,1.1512462180637757,45.75149,5,122.77074,36,1.825,0.399598086065251,0.1178044219010179,1.314854295878609
3081.0,3.4484483153353263,-178.91671592167995,45.69298,8,120.85992,24,1.08622,0.4063179620146853,0.1217794701198154,1.3383592014942098
3082.0,3.447721802021379,-157.1120566967499,43.99766,43,116.52482,2,0.04434,0.4570417180833416,0.1826436659761107,1.338923306303814
3083.0,3.4273368263552557,-162.33087282717725,44.83064,43,111.84923,34,0.67003,0.4306032246046958,0.1682928298247084,1.3548978598652546
3084.0,3.432056208432802,-172.53203351984467,43.26746,8,115.47225,41,1.3067,0.3844385017005447,0.1411302141884625,1.3511742120362014
3085.0,3.439082362137087,-179.8729689816745,43.57958,5,109.30166,28,1.7712,0.3467053973058394,0.1187143764591975,1.345658868768713
3086.0,3.4374926251642033,3.0149730359541564,43.83375,5,114.84331,35,0.99894,0.3631994796062746,0.1091600628218209,1.346903810101147
3087.0,3.425583419591128,4.510684165543736,43.36066,5,105.98416,40,10.0997,0.3308904505064389,0.1034918422430077,1.3562852411001733
3088.0,3.432216475816609,4.393748152665722,42.01003,5,104.28931,6,2.04606,0.3104733139839403,0.0990029535950481,1.3510480287947455
3089.0,3.4418352714613123,-177.00812304211036,40.00847,5,114.45083,17,0.3627,0.3142210822765416,0.1185885022646992,1.3435071124729974
3090.0,3.4275525447610455,-156.3796518126631,42.8611,5,118.86767,37,2.35968,0.3404564213544075,0.1701949730332425,1.354727319979967
3091.0,3.407555871888141,-153.3284679302983,43.42941,5,116.91737,28,0.21937,0.3308028506862031,0.1810071575741916,1.3706739554907907
3092.0,3.408476830917858,-166.53832652304126,40.82826,5,111.99118,26,0.12447,0.251759427313304,0.1391569311041691,1.3699333525297424
3093.0,3.4171441503064197,-151.5832403384861,44.51225,5,114.36981,24,0.54254,0.312597494306356,0.1816786948329815,1.3629927078903876
3094.0,3.406974748261611,-135.53620807811367,43.31804,5,120.31894,6,0.42089,0.3760317276719192,0.2229996877309118,1.3711415838181715
3095.0,3.405448365355836,-120.03847094661428,43.62455,44,119.95451,24,0.77336,0.3854857928597307,0.2663280754183841,1.372370999674806
3096.0,3.4232876508012127,-114.1877196858159,43.93037,8,118.44395,18,1.00209,0.4145692650996086,0.2862744199883578,1.3581049896722273
3097.0,3.4358187703073217,-120.8889392704805,43.90977,15,110.96027,14,4.46824,0.4201845169970497,0.2646554203149688,1.348216493226498
3098.0,3.4401324380748335,-123.31651349782555,42.32826,15,124.55917,34,4.20712,0.432564051970362,0.2555521735646401,1.3448374885671477
3099.0,3.437760723992378,-111.70569274646948,44.03098,15,120.89459,2,1.93812,0.5139224068067699,0.286577156931705,1.3466937377420996
3100.0,3.431421098149206,-96.93472497363852,44.43313,5,110.86558,32,2.17213,0.5553161555438336,0.3240309587114048,1.3516744269780636
3101.0,3.434136807456304,-100.98114016383818,44.47872,15,121.43658,28,5.33407,0.5148927082466326,0.3084158664950905,1.3495374687763186
3102.0,3.471712725150726,-89.5417507677456,40.98324,5,113.42718,17,0.49515,0.5193764206959885,0.3417216710085255,1.3204822538904415
3103.0,3.4604854908518905,-81.91919030875586,39.52452,5,115.08326,28,1.20087,0.5474429189334447,0.3611729623155497,1.3290645256389555
3104.0,3.488973373592254,-83.20079122094147,39.27523,12,109.06802,38,1.13567,0.5659426311758884,0.3531473420833597,1.3074491932768129
3105.0,3.4743441643352013,-82.28184028985983,41.32968,12,109.28036,20,0.82733,0.5991335892127959,0.3534373779736208,1.318482766965359
3106.0,3.4736900024240436,-85.98316809161099,45.41207,9,115.62438,14,2.51184,0.56898522372161,0.3440516215151324,1.3189794044999448
3107.0,3.461061259332318,-70.1168522825919,45.20312,12,112.56493,22,4.75697,0.6053811416905545,0.391987557462135,1.3286223665701755
3108.0,3.450228764204002,-89.81552069830879,45.32451,9,107.4926,40,0.97311,0.5770852279808489,0.3336038726811758,1.3369782697005572
3109.0,3.4432522254698443,-84.1143876321872,45.47718,9,118.27626,28,3.26398,0.5851143272582249,0.3441065706130657,1.342401590155889
3110.0,3.4343557425091404,-84.88848226776093,43.09628,9,120.01766,46,0.65545,0.6056447915781481,0.3377158576691606,1.3493654122617456
3111.0,3.4548421193243186,-95.6515037344842,41.42479,31,116.56051,40,0.23514,0.5684015673438749,0.3062441905848853,1.3334100386760188
3112.0,3.4251289044673254,-103.92110553445713,43.68031,31,119.62979,28,0.59278,0.5517066810624063,0.2818046813685135,1.3566452234968145
3113.0,3.428197014111412,-117.12732430407785,42.12849,31,114.74404,24,0.71389,0.5074287091843712,0.243601349846173,1.3542180154290728
3114.0,3.406500767806211,-118.15028422633736,42.40193,31,121.33346,7,0.74118,0.4361061643054151,0.2388676454017783,1.3715231715938736
3115.0,3.3813848429509408,-129.69352855577145,44.89006,6,108.15299,4,0.15097,0.4178481747156135,0.2086145480577048,1.3919733751921466
3116.0,3.35119173778558,-139.71627476566084,47.00935,2,119.84829,19,0.0811,0.3834517307565835,0.1816129454168936,1.417168786759337
3117.0,3.3827122888568293,-154.18729355698997,46.8065,31,117.29522,28,0.91216,0.3839895609758433,0.1440464509669399,1.3908811115593616
3118.0,3.38308747659345,-146.9732117122607,46.5201,2,117.28366,42,0.56373,0.4314856790760166,0.1630998848294557,1.390572628492699
3119.0,3.3775176701345453,-146.65103598809412,45.02598,9,117.639,7,2.18656,0.4031742276279915,0.1574084024992932,1.3951627490604532
3120.0,3.373278492289933,-143.49688789702338,44.95937,45,112.24799,21,1.2414,0.3460337457041669,0.165473962935255,1.3986715368986284
3121.0,3.4104435280586345,-161.43154986391204,43.71454,15,112.89559,36,0.70622,0.3036220034194468,0.1177077092645151,1.3683538118384606
3122.0,3.4110221825932863,-159.73132890116884,45.80976,6,115.04797,28,1.48958,0.2461349218752472,0.1163319133638717,1.3678895891310106
3123.0,3.3960854230808604,-162.85386927554924,48.71074,9,115.36713,40,1.52034,0.2641076867469614,0.1051810919641287,1.3799486319562657
3124.0,3.408057453591443,-155.71840897734916,47.57794,9,125.88304,40,0.55145,0.2960728651267959,0.1249554046514195,1.3702705266197872
3125.0,3.4231925838182047,-152.82198677055732,45.37909,31,118.78876,35,1.91548,0.3094593755720434,0.1282858416503582,1.3581804237786137
3126.0,3.424974476955606,-160.08132526281184,45.93834,9,120.89117,30,1.79284,0.2943721153173348,0.1100974838379104,1.3567675648869024
3127.0,3.419607366804612,-172.9313142899736,48.41913,15,120.70489,44,0.10181,0.2089654018580105,0.0743384884209835,1.3610298293603111
3128.0,3.3795213163352487,-169.54402762856108,49.5433,15,114.17428,29,1.10845,0.2463628677878488,0.0820342553210453,1.3935089149167035
3129.0,3.3652741577144427,-158.64576717454247,47.84964,13,119.6093,37,1.41214,0.2496554347929045,0.1104749680230704,1.4053329550405946
3130.0,3.3494959525863877,-152.432037227846,46.9247,9,124.17501,44,1.90256,0.2817286761149725,0.1284388460571143,1.4186041204559787
3131.0,3.37059050962603,-135.8752360111278,47.80797,15,118.582,44,1.46761,0.3000794409088334,0.1706686570629866,1.4009032550145393
3132.0,3.3914238460781347,-113.1980564103426,47.5478,9,111.58599,25,0.40109,0.3589683470451075,0.2305577587700943,1.3837447707226191
3133.0,3.3742479549434323,-113.80305474170696,48.60686,13,119.69306,38,2.29224,0.3468551978714896,0.2302441923462408,1.397867941522278
3134.0,3.3857194638018613,-101.00621580703236,48.70728,9,119.43348,39,0.50559,0.3365619518817557,0.2582081781563745,1.3884114649243575
3135.0,3.376604397303084,-100.70587937066692,50.2007,13,117.56776,38,0.28612,0.3431376424674966,0.2587948888515909,1.3959175526420038
3136.0,3.3753322881883676,-91.64820312412624,48.04518,13,118.15938,8,0.12885,0.328283005042085,0.2834270580522086,1.3969699492170522
3137.0,3.3695238700908825,-93.7557723239273,46.20182,9,115.82807,19,0.12866,0.3219656456862775,0.2740930810288537,1.4017903211769172
3138.0,3.359016535360884,-80.04610314188145,45.50537,13,118.91035,33,0.63871,0.3087421805306134,0.3121944854747295,1.4105739142182852
3139.0,3.3509638263211836,-77.84292438013865,45.07004,9,116.19393,41,1.06136,0.3038667804293479,0.314578498073491,1.4173615671139266
3140.0,3.3511424146483626,-87.043886873263,45.63207,7,115.39178,44,0.15401,0.2633970983298189,0.2877682994630309,1.4172105037121132
3141.0,3.3684473245759814,-84.60595076639174,46.44199,46,122.90065,29,0.7592,0.2965777475356699,0.2976638494447893,1.4026864802010122
3142.0,3.3596378147328165,-82.77133758013665,48.67972,7,120.03786,30,1.17266,0.3056280533001167,0.3066628166796408,1.4100522630799501
3143.0,3.390329623150082,-80.7556947823505,47.51507,32,118.06746,22,0.36445,0.2772200296426655,0.30915310316245,1.3846381172485676
3144.0,3.4008343496421425,-74.09062485731481,46.02991,32,117.98799,29,0.98203,0.2485490051738573,0.3255229227905573,1.3760974010285578
3145.0,3.3907751106616395,-69.83122402135655,46.82042,32,114.36911,34,0.16724,0.2598461734450701,0.3388290961968033,1.3842743075305548
3146.0,3.398761361199687,-79.56917277354124,46.86035,14,116.37339,38,0.22195,0.2253384619918861,0.3103592020915757,1.3777765444874344
3147.0,3.4233230745241596,-75.0379560844178,46.20709,32,106.427,31,0.31572,0.1904868969391761,0.3231768736195667,1.3580768831307592
3148.0,3.405627939460725,-66.20769871525314,48.69328,47,117.09387,43,0.0342,0.2401845162414689,0.3476241524505734,1.372226276997555
3149.0,3.421893256416582,-82.38880351874863,47.82239,21,118.01602,44,5.38851,0.1797440773796027,0.2950839806718932,1.359212049226805
3150.0,3.4328421822541584,-93.39467876617762,43.08186,10,117.03646,20,0.90316,0.1208351883623198,0.2639407325319093,1.3505555608267692
3151.0,3.4352035207930065,-92.87324033654376,44.26484,10,124.37459,30,0.77025,0.1553105249093434,0.2642032643335066,1.3486994712037663
3152.0,3.4144371341570485,-103.42310431359422,46.17059,10,123.59132,30,1.04869,0.0892269647443719,0.2345802696545223,1.3651547660736403
3153.0,3.4268139432669393,-109.67386946167626,45.04809,21,106.39633,23,0.88332,0.0475734381691988,0.2174994035878522,1.3553113677118962
3154.0,3.4250073860763828,-114.304413923787,45.53568,10,99.92382,45,3.49402,0.1020767617623925,0.2110753700488131,1.356741492059538
3155.0,3.458708377686071,-117.75130706690372,43.45605,8,112.17702,38,0.32058,0.1178024916587005,0.2027593327843417,1.3304306453519823
3156.0,3.46631554323284,-132.93575822909378,43.43704,8,114.44363,38,1.0987,0.0985508181618981,0.1656441245643279,1.3245975349519732
3157.0,3.454825497938214,-130.44383434154054,45.71297,8,115.28426,31,0.42926,0.0981491127572015,0.1695558164697533,1.3334228689485847
3158.0,3.4882772734035843,-135.13389275234937,46.45468,8,117.92505,29,0.54891,0.0622260446779999,0.1571879134119465,1.3079710591535478
3159.0,3.4709497789960486,-144.75408104563556,47.66849,14,103.17788,40,2.89613,0.0641347020189971,0.1316622497604848,1.3210628255760861
3160.0,3.4512846537404966,-136.84541184669797,49.14067,10,119.01143,4,0.01713,0.0993999358141404,0.1500707489014239,1.33616032185885
3161.0,3.477088781786333,-133.36591410129338,48.8333,14,116.09433,29,1.64562,0.1119869247512531,0.1582985599009873,1.3164021168425641
3162.0,3.470516230899329,-133.61576571706806,47.31018,33,116.32343,4,1.06986,0.0533962182602403,0.1548214985809907,1.321392909062288
3163.0,3.46437410947207,-145.5498868951061,47.6044,33,110.504,40,0.2225,-0.0043075624535534,0.1222344085895741,1.3260825587163931
3164.0,3.47358578778597,-140.0320306640064,46.92175,47,117.9686,34,1.55022,0.0393520804371152,0.1317998415423071,1.319058549816432
3165.0,3.514992514691042,-134.77265930333127,47.32724,47,116.9849,46,4.2243,0.0253625937791843,0.1485652022930128,1.2881644886718726
3166.0,3.526971681330381,-138.45114084562337,46.51886,47,109.6798,31,2.81221,0.0047794987489445,0.1350640101376715,1.27942898810452
3167.0,3.54360096580916,-132.44845873178312,44.49673,47,114.39519,46,0.89832,0.0301472806967788,0.1517056621509273,1.2674490461091532
3168.0,3.5476973330813024,-125.04147009919636,45.4212,9,116.15247,31,0.60142,0.0336642017342177,0.1711992147234059,1.264523802574579
3169.0,3.5102408642049494,-121.14274365986736,46.03785,16,98.35518,45,4.01611,0.0214800385025454,0.1793193076579661,1.2916543062941732
3170.0,3.525713984746885,-111.57679429257104,46.35582,9,114.93953,44,0.69743,0.0580949878149436,0.2069979625660379,1.2803419495529307
3171.0,3.5108564703901433,-88.18180725527836,48.57402,9,108.11472,1,0.15162,0.1148537211623371,0.2741174076525992,1.291201379394694
3172.0,3.5050807393761327,-85.2736607394118,50.44806,9,116.45108,29,3.24417,0.0946102886247694,0.281481081920615,1.29546021210806
3173.0,3.5247210811557914,-91.86785987478886,49.4223,16,114.05662,1,2.19747,0.127114651547933,0.2622831305978814,1.2810633882964932
3174.0,3.563630558671895,-108.88641558454854,49.24388,16,110.98161,22,5.66455,0.1020864819674658,0.2163334635670794,1.2532415434886117
3175.0,3.5766764055389797,-97.75462184412362,49.62729,16,111.99123,31,0.0252,0.1698534545908246,0.2468221670153261,1.244115875958767
3176.0,3.5665320706226407,-109.6644739174537,49.81971,9,114.28571,34,4.45896,0.1900392565997099,0.21881388382844,1.2512032518876377
3177.0,3.603477175837756,-110.53779212827573,50.44001,16,118.068,17,0.11301,0.220331175676106,0.2201534022291241,1.225678534826717
3178.0,3.5873108291001197,-111.03874647840804,49.87977,9,119.50002,17,0.28033,0.2240384573975929,0.2172319025791527,1.2367505567739057
3179.0,3.5721761669158405,-112.05193461057164,50.12307,9,113.2766,47,0.20767,0.2344307206478352,0.213138226148094,1.2472525325844306
3180.0,3.5587014491129274,-113.8101023044472,50.62012,9,116.51855,4,0.74976,0.2081571782263706,0.2051322138075019,1.2567156438325926
3181.0,3.563495875100467,-103.47954142244836,49.92344,9,118.7805,10,0.36407,0.2158237371914087,0.23243639848081,1.2533362786827098
3182.0,3.530689901879001,-108.7417363385994,48.47132,9,117.8728,29,1.79337,0.2283289731251314,0.2221561358923696,1.276735636749048
3183.0,3.5469559633686782,-95.22615302474534,48.44865,11,117.14262,28,4.20815,0.3138809783280701,0.2611624100979249,1.2650524686374325
3184.0,3.5687398441201132,-93.31971444708417,48.82837,11,112.30604,24,0.32346,0.3798587869767049,0.2675130135979212,1.2496556361803843
3185.0,3.5941897735449135,-101.29868300830567,47.87582,6,106.32535,1,2.8849,0.364789735794785,0.2449783494491538,1.2320210363035777
3186.0,3.5995578401900015,-96.42104234515013,49.05347,6,118.78967,26,3.30724,0.3728655263872137,0.2538284745751407,1.2283491188776605
3187.0,3.6430876181331424,-82.69880496337099,45.88951,21,117.68841,3,1.89662,0.4636741283982249,0.291772036985432,1.1991703970477199
3188.0,3.633772336249851,-107.78388844269256,45.48478,14,110.3323,1,0.16072,0.3559289678325304,0.2174339920855779,1.2053264945315572
3189.0,3.59489350257313,-112.25210905709808,49.06737,21,117.15374,13,3.47672,0.355776955736772,0.2014489244339679,1.2315387276599168
3190.0,3.6599650354878666,-130.54634492239097,50.04294,17,107.38452,4,0.30258,0.3579360852312424,0.1510576099359593,1.1881362835266271
3191.0,3.672381238977788,-132.3797501534917,48.28498,11,111.87017,38,0.84774,0.3993962434773803,0.1437214170697583,1.1801157635142479
3192.0,3.662017104522615,-115.76016251480152,47.81861,11,114.94583,7,2.58855,0.4173228012718929,0.1883811790526879,1.1868050748061505
3193.0,3.669534424887567,-124.06570740609584,47.16569,11,106.0872,1,3.04407,0.3588011566976547,0.1638093893317914,1.1819475345058148
3194.0,3.663509394699685,-109.98392812821332,45.95499,25,99.15236,16,1.49026,0.4222306897084203,0.1980487327159296,1.1858384077915098
3195.0,3.664769643702866,-98.25325333134532,45.25176,45,115.28012,8,1.10914,0.4570670851035507,0.2259180431536001,1.185022970610477
3196.0,3.663747562962547,-94.157484779959,46.9527,15,113.54241,22,3.60754,0.456166263448544,0.2374295152457573,1.1856842378390935
3197.0,3.661113724672844,-90.28519488655292,48.67171,15,115.21064,3,1.37193,0.474351772526761,0.2445475341511322,1.1873908353946394
3198.0,3.677200229939095,-95.31754133625014,46.16791,15,120.16271,19,3.36871,0.5059976294716262,0.2250014682115894,1.1770246939822542
3199.0,3.680310300423367,-137.26633196567008,46.61318,10,118.1432,3,2.14903,0.4170654416819211,0.1104723482784037,1.175036229563949
3200.0,3.6855455188610247,-149.34803746536042,46.67527,36,114.34164,6,0.81304,0.3483758801825297,0.0737395255262032,1.171700385667013
3201.0,3.687568196705008,-145.6089850150218,46.46799,10,114.76173,35,0.18062,0.3378556825836034,0.0830197282076004,1.1704153531992438
3202.0,3.702883183916707,-154.41411634410858,46.21616,15,110.68235,26,1.03636,0.3571616201996478,0.0546245987374489,1.1607537857524601
3203.0,3.6845095226611337,-143.88417540741986,48.88541,15,101.2099,22,0.88592,0.4112441400676037,0.078303005269951,1.1723593867069864
3204.0,3.6888519027100855,-145.03382512752793,49.24717,36,97.38947,22,1.89087,0.4069098934433087,0.073418212726356,1.16960089502621
3205.0,3.698863542006153,-135.20829432142898,49.36749,15,114.55562,46,0.82124,0.4598220973440451,0.0990357954712268,1.1632779933839021
3206.0,3.736737594084395,-161.08480122182203,47.12708,44,115.76876,17,1.03157,0.3750947161218335,0.0344442857973177,1.1398164722269926
3207.0,3.757257811131395,-171.96697712586598,46.8987,44,114.84739,27,0.58031,0.3145542574607464,0.004918226973369,1.1274002833781769
3208.0,3.7863600848361583,-157.0695112410352,46.05337,15,113.00674,4,0.53543,0.3683187857501964,0.0414125592461803,1.1101363036955738
3209.0,3.817096144304105,-156.93767962430525,46.08557,10,111.73973,11,1.01238,0.3544267442827104,0.0442568519830398,1.0923301816759656
3210.0,3.83873692113482,-135.8353784223482,46.25285,15,106.48712,46,3.45389,0.4172621083621843,0.0986316580213045,1.0800489327068552
3211.0,3.827685916848353,-144.16518945075538,43.09445,44,116.67762,46,0.39915,0.4339891145375705,0.0727718875896673,1.0862944060609871
3212.0,3.818319015703844,-148.64696568702826,43.86804,10,101.77871,46,0.01326,0.4586678557337876,0.0591819086692247,1.0916306249173453
3213.0,3.831076413490673,-146.0562772958642,43.89752,37,109.08583,46,1.59542,0.5471185058623517,0.0595128958935918,1.0843725191654796
3214.0,3.839235182631,-153.42695429094294,43.90557,37,107.51452,41,0.02375,0.5362319726130151,0.0400233157266954,1.0797686102723987
3215.0,3.8655200393077647,-148.00154597565776,44.00399,10,107.32087,41,3.89543,0.5915975067695457,0.0505475757928266,1.065134062756127
3216.0,3.854960338281114,-154.65895608114215,43.92133,10,107.69472,1,1.83371,0.5763559171127216,0.0339416439318969,1.0709773924521204
3217.0,3.9002962721218704,-154.6984516891366,42.32873,44,122.03298,31,1.25031,0.579236462080375,0.0344636265603231,1.0462246202029646
3218.0,3.918988114915048,-160.24968513891457,46.20049,44,110.77326,39,0.72483,0.5552847048890952,0.0211718627003049,1.0362683615300263
3219.0,3.9101207921333656,-158.16226388883103,46.13425,44,104.92355,46,0.56409,0.5980442498107554,0.0232358972819315,1.0409737636414569
3220.0,3.9681824721804326,-153.6570572944319,46.10898,32,109.05824,36,1.38124,0.6434111970286481,0.0327654562572591,1.0107339710918775
3221.0,3.961974567907246,-142.24557147662026,45.56854,32,107.61079,5,2.68398,0.6579295879551972,0.0633065933444681,1.013903832648892
3222.0,3.974700985941135,-144.3958615954967,45.26747,16,108.29341,12,4.09843,0.653443350789223,0.0610792739530855,1.007421480032793
3223.0,4.016464871350095,-131.47606483196256,43.9528,16,97.02276,47,1.00817,0.6992605771768147,0.0947038037574865,0.9865797243392073
3224.0,4.020159342063442,-158.57789802382047,45.45415,19,112.67882,46,2.81431,0.5930029930626807,0.0256001970968287,0.9847672513567631
3225.0,4.0235413060167335,-147.1053556458613,47.45971,19,110.18604,9,0.6581,0.633897536936903,0.0551940745637626,0.9831124664797997
3226.0,4.043118976874666,-132.83135825786866,48.3662,34,113.62483,21,1.55005,0.6982578933124882,0.0901630704432357,0.9736146242615348
3227.0,4.08251019516324,-133.9648373474674,46.70897,39,119.66258,26,2.23713,0.6598323053571279,0.0874963611008202,0.9549168916785424
3228.0,4.100433747977087,-138.429480431571,46.22067,39,114.71772,47,1.56848,0.6409170178381296,0.0735320853791059,0.9465869942600386
3229.0,4.085584679346468,-119.35232180910708,44.79793,16,115.379,15,0.52256,0.6679622494215678,0.1231804578261291,0.9534802443161399
3230.0,4.054049787544519,-141.6271214610299,44.58662,39,118.72462,4,0.64727,0.6139705531386696,0.064026993466584,0.9683714475395153
3231.0,4.06976681359268,-146.4895823849701,42.91406,39,117.49112,43,0.01627,0.5796600690961901,0.0538634939853289,0.9609063857460889
3232.0,4.056971715558754,-142.25856802128243,45.12389,39,113.65237,15,1.81744,0.5670710560245424,0.0665430649081707,0.9669770613233464
3233.0,4.062977526299869,-139.18541077832208,45.28851,39,113.5762,37,1.40851,0.5719217968258392,0.07390006975007,0.9641204425340806
3234.0,4.063242297614881,-141.58861461548656,43.59363,39,120.21796,45,0.26695,0.5902514227129109,0.067674859685028,0.9639947974941684
3235.0,4.066847916093867,-139.89625421160892,43.90318,39,114.3978,2,0.83667,0.5574050889903356,0.0768156079869725,0.9622862228304246
3236.0,4.032429925599082,-136.37417639721082,45.81046,39,115.82284,37,1.50464,0.5688121163004014,0.0868500236382578,0.9787831257092707
3237.0,4.070321009779759,-134.48434784654611,47.30976,39,105.38198,1,0.62326,0.5437808790490556,0.0914377290537531,0.9606447383721455
3238.0,4.086618701192082,-148.74942953512016,47.65544,14,101.48885,45,0.28065,0.5439546965217127,0.0527537441588951,0.9529977942799047
3239.0,4.099602861502888,-145.908138056634,47.84075,8,98.34445,28,0.37938,0.5212319999282726,0.0601356234795287,0.946970731933804
3240.0,4.084787906871082,-149.18725306066622,50.32375,11,107.10313,2,0.19326,0.4144317421471223,0.053741121773935,0.953852249387366
3241.0,4.089560716235779,-165.40948085650666,51.16205,36,116.76181,7,2.07062,0.3668012335386839,0.0138812061033482,0.9516271212204197
3242.0,4.080956922590357,-159.3788774222172,53.13676,39,121.9449,10,1.73426,0.3915777819054758,0.0254899215284785,0.9556439410045184
3243.0,4.09404275174335,-160.9050299794854,52.41895,36,114.99535,28,0.17011,0.3712212098815257,0.0188742067014888,0.949544635968276
3244.0,4.117519008396185,-178.74976902408642,52.11097,20,112.2466,42,2.73589,0.2784925493954299,-0.0252444294263856,0.9387477436093267
3245.0,4.109703889403771,7.377567100226969,50.06247,30,117.42794,29,0.16489,0.2699172154222897,-0.0497974716128668,0.9423214321697002
3246.0,4.079243705271517,15.841118796330818,54.99174,31,122.49308,10,5.43781,0.2851793258091738,-0.0745132569055182,0.9564468200051592
3247.0,4.046476741583557,31.979544862189073,54.77793,36,113.7461,7,3.13414,0.2392859018746481,-0.1159775878994547,0.9719994846442169
3248.0,4.0489888800193246,28.044395680571824,54.12541,30,113.35482,48,0.27618,0.2204749473933891,-0.10547017925309,0.9707937318759091
3249.0,4.095938958353803,31.530898855663462,53.624,20,105.72344,2,0.35816,0.2129348677113155,-0.1164758832536635,0.9486656599593837
3250.0,4.090558573636511,26.120669179576325,51.6707,30,115.74367,42,0.08803,0.2334301078163455,-0.099690497666423,0.9511628949654827
3251.0,4.107511261786677,19.88483699607627,52.58799,30,113.28016,4,4.37313,0.2354462447238668,-0.0824943382844778,0.9433277405312954
3252.0,4.129924622924525,25.24997963773893,54.11533,17,109.40683,41,1.09375,0.205709279001231,-0.0980919860378746,0.9331165262093979
3253.0,4.146551714012876,5.271700612715264,54.83919,17,113.75485,10,5.79966,0.2600787585949546,-0.0457800114255946,0.9256481968452819
3254.0,4.1494833838683345,14.656818489229792,53.35432,19,122.2779,10,3.417,0.187821582249976,-0.0696080344688615,0.9243406912923259
3255.0,4.169637202826261,26.93861915296505,51.80301,19,114.32827,11,0.508,0.1438627952818249,-0.1041902455141996,0.9154267389776353
3256.0,4.151521221671137,40.09831564436314,53.5156,19,119.33529,47,0.95155,0.0744207149264023,-0.1385708198245142,0.9234334604282513
3257.0,4.189334449525874,44.82772546087256,50.02877,15,110.0494,29,0.12031,0.0099042158546487,-0.1513132220618308,0.9068387415756655
3258.0,4.208284714193211,48.97593196338241,50.0463,15,111.19078,25,0.42478,-0.0107662490102731,-0.1650154811778503,0.8986899859939326
3259.0,4.1948958174000355,54.20860203184773,53.09113,1,117.07568,25,3.65467,-0.0288973878033352,-0.1796651988468592,0.9044358591111292
3260.0,4.174486674390882,55.20163447359354,51.2148,17,116.77337,28,0.29847,-0.0298991325535321,-0.1799909329750623,0.9133010848727394
3261.0,4.181407104223107,32.86850049208128,52.24079,17,114.11397,34,0.43772,0.0114090700992878,-0.1199148965413322,0.9102804721443782
3262.0,4.191245495127868,29.777500845633924,53.49135,5,115.60627,34,0.57444,-0.0112020194255997,-0.1140715996246208,0.9060119634267547
3263.0,4.220622981759175,31.03441572681145,53.9997,12,120.08685,11,7.36072,-0.0016778216361869,-0.1188829545780194,0.893443333916777
3264.0,4.194650780446869,18.310242896953923,54.4663,22,113.72955,14,0.3972,0.0530150796992369,-0.0852554716266592,0.9045415302108194
3265.0,4.177819170100181,6.951769949668076,54.93168,22,118.97087,26,1.59267,0.0915368325995827,-0.0560004873250229,0.9118446512891075
3266.0,4.2062779631538705,20.99246468082272,55.09647,30,114.94483,29,0.93971,0.0639037167103067,-0.0945213663259049,0.8995476931059108
3267.0,4.216334729979227,35.061149947825726,52.96271,30,112.47537,14,1.85461,0.0584727649811677,-0.1315118689891226,0.8952616232805528
3268.0,4.187302120504066,31.991134972605167,53.11356,30,117.53817,38,0.04534,0.0537207460592019,-0.1238893199558744,0.9077192330678566
3269.0,4.219489167446938,26.408402194849742,51.26285,30,114.80757,36,1.26055,0.0837671647195165,-0.1091981706866059,0.893923550786576
3270.0,4.202627236658192,20.99092666949332,49.50527,15,119.50336,26,1.51068,0.0986395793064501,-0.0937691912222794,0.9011112050623339
3271.0,4.218931780060392,21.02140607468067,51.59019,8,117.03867,10,5.31002,0.0948314357026568,-0.0947388499750648,0.8941597691716247
3272.0,4.240151223395412,18.370547449317243,50.69089,19,119.64745,3,3.04353,0.0807113017062265,-0.0896186644616414,0.8852326834071537
3273.0,4.216745316444605,5.438901349960986,52.21911,15,119.35991,26,3.0927,0.1266635923149909,-0.0558204979786053,0.8950872876818496
3274.0,4.209433306674678,-177.1569095212224,52.53438,8,119.68278,18,2.07353,0.1277276736194551,-0.034028152126556,0.8981996170258792
3275.0,4.235096909039651,0.131481699241732,51.6122,19,122.3924,37,2.26812,0.0884344056158685,-0.0459143052559816,0.8873468801855114
3276.0,4.244409248051611,-169.6434350421723,50.64444,8,119.53749,25,4.47844,0.1547900637417006,-0.0183441614737265,0.8834574295825511
3277.0,4.233164508492551,-176.26165576681342,50.97033,8,116.33729,10,0.40362,0.1734467447567072,-0.0361480040799114,0.8881571964242752
3278.0,4.223063640392601,-165.48947849506584,49.66108,19,111.81779,25,1.0661,0.2356158844175265,-0.0066187874290293,0.8924109269952951
3279.0,4.263958333784058,-173.97688920920626,47.50961,19,116.40191,36,0.00312,0.2502484462630533,-0.0303415075646558,0.8753751770068443
3280.0,4.247425133021663,-173.0907672535488,49.64573,8,116.17454,36,0.15096,0.330690205208605,-0.0270241205621169,0.8822032767868349
3281.0,4.2702791105705415,-165.26433101625958,48.63062,8,116.85964,3,0.54196,0.340491510424401,-0.0068402539494214,0.8727856712614139
3282.0,4.295488499871842,12.579310807145788,49.66604,19,112.75122,47,4.757,0.2092756940049978,-0.0804501134878825,0.8625713126979
3283.0,4.313192501717427,33.21745078184357,48.66402,13,104.63312,48,1.74175,0.142258451963277,-0.1402612339072532,0.8555047960149792
3284.0,4.335079793215337,49.36875069584363,48.89477,23,116.98262,20,0.5917,0.0728891995072139,-0.1850212585888656,0.8468879241629665
3285.0,4.336641497052341,55.862799849405235,50.24055,31,108.97757,3,0.43827,0.0377606026814844,-0.2038131563288087,0.8462780743621461
3286.0,4.360781113448731,48.59220333952828,48.19268,16,117.05668,44,0.33354,0.0913838743694062,-0.1800173412905481,0.8369346634179538
3287.0,4.413835453244088,34.81000229650212,46.97172,16,115.35415,39,0.74068,0.1060471903481766,-0.1433500503883076,0.816935660658842
3288.0,4.377535496994107,37.44034189908229,48.92434,16,114.51076,3,0.77484,0.0869985769729127,-0.1502307754212337,0.8305404307934812
3289.0,4.396073123204657,50.81587663536146,48.10838,16,114.60681,27,1.53777,0.0787281439229462,-0.1843130430409894,0.8235506534560074
3290.0,4.406608844698628,59.00578298497828,48.74,16,118.40715,33,4.20014,0.0395771223999468,-0.2064397104467307,0.8196173214521935
3291.0,4.4282874185921335,60.67205706660525,46.68538,16,115.83087,20,3.8283,0.037671269404083,-0.2114129509780496,0.8116121306163668
3292.0,4.411621197193422,46.73663219845216,46.86492,17,115.93069,20,4.22935,0.0861877314710285,-0.1729015205432109,0.8177559299459712
3293.0,4.4310264941401325,55.0780436468597,46.70579,14,104.85413,34,0.88388,0.0396074232743923,-0.1956325623937081,0.8106090312935379
3294.0,4.4506366986295465,47.98990414887362,45.49429,14,108.21818,26,1.40976,0.049879262831489,-0.1741868773375029,0.803481427158723
3295.0,4.473556576884517,30.065009291450863,44.44874,14,116.23578,48,0.35198,0.1294026785725937,-0.1240192434950944,0.795269383535341
3296.0,4.487407383447348,24.075197524269825,46.45953,14,119.61958,38,1.27649,0.1235833860185289,-0.1083965192749234,0.7903676120449126
3297.0,4.490376386684893,40.65410640833824,46.65357,14,120.03898,9,1.79723,0.0777168721628009,-0.1550884966276639,0.7893227872825727
3298.0,4.502829952313368,46.147370605608245,45.29241,16,117.68541,5,1.04516,0.0321140927752057,-0.1680533635616876,0.7849627337666363
3299.0,4.520407395914152,40.972558988351835,48.70211,2,119.79499,5,3.69159,0.0354240205771742,-0.156391421164884,0.7788700031065863
3300.0,4.5079937234598395,51.99107738264573,47.11763,2,119.02753,12,2.61342,0.0148735559932068,-0.1859956860368077,0.7831654613396073
3301.0,4.519210455599311,48.95998966034784,46.283,2,112.68355,41,2.56645,0.0741072678280622,-0.1784220160366446,0.7792826346374159
3302.0,4.50371266626899,53.6310742007945,47.29522,2,102.19807,9,1.42731,0.0242023722538309,-0.1909461590466845,0.7846550633142012
3303.0,4.548510843540547,39.69743099052829,50.63295,10,113.93927,21,2.33583,0.0629533121348414,-0.1517900675547799,0.7692750778365698
3304.0,4.531912218380116,34.523412842141994,50.6028,10,112.38632,45,0.29238,0.0385951441807764,-0.1411866012030541,0.7749205059955976
3305.0,4.5241724974836774,11.520057222501478,51.63367,10,116.33599,30,1.35047,0.0938039274834462,-0.080658275990631,0.7775741619680578
3306.0,4.504330234687618,5.184223471479839,52.90304,10,117.17667,21,3.24102,0.0996874966284214,-0.0644830779634799,0.7844399170250939
3307.0,4.523572406628485,5.375864945056492,51.61618,46,101.29779,9,0.98059,0.0628564427252421,-0.0648487388072381,0.7777804794764973
3308.0,4.601068198941477,9.514483709509776,47.25775,25,103.05806,35,2.69961,0.1014052188738741,-0.0742751707823336,0.7518008119705926
3309.0,4.6197614048462015,14.181803287374606,45.35017,20,98.62552,5,1.10213,0.0633213290426155,-0.0860369671185353,0.7457290116025583
3310.0,4.669604629890286,14.745450753990228,45.08688,17,109.36206,22,0.2297,0.0832446923213418,-0.086209670322632,0.7298941953452704
3311.0,4.654501543554766,38.39177380964304,43.43607,25,117.57826,7,1.30411,0.032093602278957,-0.1503429619744534,0.7346386518297598
3312.0,4.661794234325037,59.5299258686068,45.08443,25,113.02247,2,2.19017,-0.0699563058999059,-0.2089172634807519,0.732341981602614
3313.0,4.6795529788814605,67.31083633099593,44.28056,17,110.5053,16,1.12716,-0.0717903471662765,-0.2279791770442089,0.7267941027468781
3314.0,4.694980155591777,58.16909675752356,45.19877,44,120.17117,6,0.03498,-0.0423594294188094,-0.2026476515060756,0.7220256226372196
3315.0,4.707487725532891,49.674490739538385,46.62612,25,120.73854,34,0.05299,-0.0224166584706152,-0.1808260615273619,0.7181939445461248
3316.0,4.719100799287205,44.18620461288589,44.42653,44,117.03642,18,2.3912,-0.0584799511837912,-0.1662133540676462,0.7146635359995087
3317.0,4.733911783579308,32.70811605290436,44.48449,15,117.21642,6,0.74851,0.0028435268941707,-0.1326940078864641,0.710198597718816
3318.0,4.735556379293157,29.068998863698283,45.12321,17,113.33489,9,2.56792,0.0105019303632991,-0.1246251808003067,0.7097053983299212
3319.0,4.765685990001279,32.80478205014549,45.13458,17,113.19702,1,0.22903,-0.0327865649837848,-0.1361543450213918,0.7007599692070309
3320.0,4.792067392321661,23.23894049888015,46.28606,4,116.66726,40,0.4486,-0.0547583099452578,-0.114330390873692,0.6930655268923138
3321.0,4.79133370277397,18.107135374321217,49.0416,4,117.57195,40,0.56089,-0.0244886861694707,-0.1001407908129004,0.6932777992561335
3322.0,4.794602601287506,35.03874878287769,47.04022,15,119.86912,44,0.05206,-0.0757836291671904,-0.1468723496607228,0.6923327857047952
3323.0,4.797356727992871,15.263182372777862,48.5956,17,118.02293,1,0.97108,0.0017768035148288,-0.0941034414451718,0.691538087711571
3324.0,4.827700208133068,7.133298644579668,46.46948,17,117.18988,2,4.02545,0.037722098273935,-0.0715688792604,0.68287237644933
3325.0,4.834819866497844,26.705912511955276,47.08444,17,119.29692,46,1.8714,-0.080012892244316,-0.1258270511694827,0.6808626890344711
3326.0,4.86101948996171,9.59289620118632,46.90391,17,115.72275,39,0.5591,-0.0277303212889428,-0.0815069748935985,0.6735431240294364
3327.0,4.882354961798234,9.636880801270294,45.31839,15,117.80283,48,1.21045,0.0224439955706189,-0.0794936295648174,0.6676693349070256
3328.0,4.903390811098899,-168.95855204152042,44.70549,15,116.1899,14,1.11929,0.1037951425905511,-0.0232486711968218,0.6619529377804841
3329.0,4.907173702014391,-179.09631423031135,46.90315,15,112.69725,23,0.67775,0.0307568182914505,-0.0535719343837787,0.6609327454189814
3330.0,4.900912630221993,11.199381677550733,47.01101,15,119.17441,24,5.19401,-0.0135922837391921,-0.0878869874835106,0.6626225493346577
3331.0,4.920547062466325,2.9535331534782614,48.83295,15,112.36848,14,3.84293,-0.0167109862073122,-0.0659074916294041,0.6573449815831871
3332.0,4.926465001912236,4.039957957623216,50.9892,15,109.84716,42,1.23248,-0.0188887280719975,-0.0678114256284859,0.6557666525877137
3333.0,4.945193983460339,-179.91487366392607,50.55951,4,110.72165,9,2.89007,0.0003755946463552,-0.0562956075220276,0.6508088758016544
3334.0,4.935712132499558,3.8553205255527416,48.673,18,115.45877,33,1.37279,-0.0919086644896002,-0.0685377835413623,0.6533117770808591
3335.0,4.960680428336666,0.941267409818721,48.06818,26,105.91111,5,2.12829,-0.0901047685367364,-0.0615542521589993,0.6467517776425343
3336.0,4.930616793692531,4.633840420779691,47.75737,4,105.95764,5,4.43939,-0.0952926227212401,-0.072694693119738,0.6546627499987087
3337.0,4.9644824116920425,4.395337147530924,46.75545,20,104.00801,1,2.2389,-0.0644285969997164,-0.0709368045126276,0.6457615443345528
3338.0,4.94619902060271,-163.79362604184828,46.2936,15,102.1126,33,0.5475,0.0107303263856148,-0.0152612596531028,0.6505444219708202
3339.0,4.9321776731402664,-171.62007976194408,48.19002,26,110.12748,28,8.93847,0.0126963201771857,-0.0357916243512571,0.6542484551343671
3340.0,4.884397736335474,-168.9971385392917,49.53129,3,113.2434,28,0.9297,-0.0239814377490972,-0.0300701987150044,0.6671109804148128
3341.0,4.87811629679334,7.1621483310192104,50.04831,48,113.43211,44,0.13295,-0.1089313714135689,-0.0806296571351196,0.6688301338702988
3342.0,4.906593691248827,0.5203193535306525,50.39574,26,107.07874,9,3.91744,-0.0271417915818244,-0.0579331045421745,0.6610890130007955
3343.0,4.91787886682141,-163.7906227717153,50.23313,26,104.12365,32,1.48526,-0.0009974897951381,-0.0118084106324468,0.6580584602436702
3344.0,4.910403213012115,-147.90873660483663,48.38468,16,109.96375,5,0.16171,0.0580282389221875,0.0303377343517433,0.6600636568476651
3345.0,4.939354699191901,-157.7804299873106,48.21316,48,110.2537,10,1.92941,0.0344667025536097,0.0036475712243715,0.652348552373312
3346.0,4.937502255682509,-165.3118821930634,45.97703,48,118.39453,36,2.52386,0.0248438058167159,-0.0165993881748979,0.6528381381878017
3347.0,4.958794263590224,3.0393995689269104,45.18088,16,113.08136,5,1.67006,0.0173108990822995,-0.0620857974079162,0.647243878076362
3348.0,4.9751008031402355,-165.8425490363362,46.58315,26,113.54901,27,6.64153,0.0781964941993161,-0.0162660068948177,0.6430079794462435
3349.0,4.983870802807998,-168.28616293243817,43.03092,16,119.42417,11,4.52156,0.0595520135939311,-0.0229919557899549,0.6407469986049039
3350.0,4.989857957671799,-165.0794930079212,44.50696,16,123.68776,11,0.31731,0.0751131319727564,-0.0151852457429651,0.6392103015485416
3351.0,4.972315641057434,6.3070586684920045,47.02775,16,112.27534,8,3.46239,0.0306394034483254,-0.070854669519812,0.643728522203071
3352.0,4.959644467572347,-174.63971070253257,45.98813,19,117.81553,40,1.06311,0.0424527349143101,-0.0409594846391202,0.6470219903343515
3353.0,4.999660919541378,-168.2839022670019,43.56977,19,110.91566,32,0.85816,0.0704451945837975,-0.0216657212209742,0.6367061272816141
3354.0,5.000698242893889,0.8667876750463677,43.48823,16,107.83478,15,0.71209,0.0684944455519069,-0.0544667198749511,0.6364420035133338
3355.0,4.9850452676290695,-179.19833203575158,45.6249,34,118.7983,14,2.98003,0.0863208167315716,-0.0500346832904101,0.6404451172293233
3356.0,5.0000470817426494,-159.0028314579755,43.92329,21,123.83858,3,0.10872,0.1147713231120387,0.0023013230607993,0.6366077832696067
3357.0,5.0241595272189645,-153.91616975406305,44.27536,21,122.84178,37,1.67671,0.0955288089365206,0.0157357208437323,0.6305119038097777
3358.0,5.012849842764088,-169.16767619522358,47.03878,19,117.57618,31,2.14255,0.0810119735089436,-0.0241939677859949,0.6333601578130754
3359.0,4.995092993083646,-173.788366703901,49.74467,21,116.02893,5,1.06536,0.1387898284544859,-0.0357426150484514,0.637871173306469
3360.0,4.977663941143361,-161.21602209631428,51.79625,21,120.97706,5,1.58666,0.166146910394243,-0.0018144798532335,0.6423459444527602
3361.0,4.974572330878126,-150.6461320347977,49.40017,7,119.34651,25,0.65747,0.2082064726444748,0.0248146580689164,0.6431446062389637
3362.0,4.960083582630283,-125.31477699872974,50.95164,42,112.26989,31,3.29921,0.2846506613796931,0.0915252912755786,0.6469074339896336
3363.0,4.9454018913156625,-118.89004506799064,50.2697,42,114.02318,14,2.39455,0.3451213967469792,0.1086934772746378,0.6507541561099714
3364.0,4.942666803264754,-107.29998699580594,49.27725,1,118.69653,11,4.48029,0.4175585649435636,0.1395568604127771,0.6514745616902947
3365.0,4.94764852421778,-120.48534486612164,49.34276,21,118.99498,15,2.99458,0.3603095181814412,0.1039797141465918,0.6501633001683298
3366.0,4.915552212927382,-132.64034495015488,51.71308,21,121.97349,4,0.35913,0.3145520175200869,0.0705314835521406,0.6586815587524746
3367.0,4.949798036967522,-130.13742825303024,50.3731,1,122.16878,6,3.26293,0.3211260345940088,0.0771941469314179,0.6495987394148736
3368.0,4.932201289873021,-126.13141026045956,48.94531,7,118.35718,4,0.20285,0.3174061393677089,0.0888743291707655,0.6542421897072203
3369.0,4.950765923593346,-129.01130447647176,49.2414,27,118.64565,37,0.79364,0.3092492430831809,0.0802266703282955,0.6493447680165699
3370.0,4.963017377101449,-122.79892230782316,47.41252,27,123.54975,4,0.9365,0.383856423807446,0.0964532351148134,0.6461428456930374
3371.0,4.979501233801271,-114.00107108530165,48.46441,27,115.97147,4,1.79861,0.3680364020625623,0.116987818058536,0.6418720175647393
3372.0,5.003070946813436,-106.9823470584788,49.06415,27,120.19201,34,0.64568,0.4104190319027138,0.1331175830055642,0.6358384820470171
3373.0,5.024767539535396,-111.55207776773264,50.21464,18,119.35261,10,0.94333,0.3423102836059875,0.1179285597391908,0.6303593252849613
3374.0,5.066575495830211,-126.0195246482331,49.70717,22,120.22756,36,0.41444,0.2636822816122974,0.0806004938532487,0.6199991511991135
3375.0,5.057943943993961,-123.03666941611496,50.43418,7,116.90454,13,5.05334,0.2973883604854623,0.0910044573244642,0.6221170556977215
3376.0,5.063428651254957,-121.40723852972164,51.82168,22,110.55234,6,5.56426,0.359823341744996,0.0944585000121172,0.6207700309216524
3377.0,5.052599124647244,-109.50283220909884,53.07846,22,117.63959,6,9.33487,0.4252618521759789,0.1257731681925669,0.6234339470241422
3378.0,5.066447495531872,-112.9279293483097,51.22141,5,117.71281,33,6.42619,0.4001409908583908,0.1168286385685539,0.6200304792959239
3379.0,5.081768800162345,-109.9138604145944,48.96026,47,118.84746,10,1.54155,0.413908239810453,0.1244978415883725,0.6162973872649725
3380.0,5.083805404916836,-119.38535174117692,49.17557,8,119.00568,45,1.91233,0.3245330177895711,0.0979804824335567,0.6158037008715089
3381.0,5.091482090499379,-123.47913667952346,47.58867,8,115.89021,23,1.70284,0.3010753277274359,0.0882415324285723,0.6139481438884405
3382.0,5.09459426440204,-113.3979195115223,45.03198,8,116.63136,2,0.98979,0.3655421823203223,0.1145797910706468,0.6131982785661847
3383.0,5.110451833199233,-108.69261375155187,47.83328,47,114.09313,23,0.45856,0.3782690843366599,0.1244499176095687,0.6093987133486296
3384.0,5.1062585160077765,-103.70871531495229,47.97315,47,116.03101,3,0.51371,0.3683747723126511,0.1372527552875767,0.6104000145383998
3385.0,5.148777982798524,-107.65027198784996,45.4803,8,106.92439,15,0.13745,0.3951879677896444,0.1262470825617726,0.6003600720561055
3386.0,5.142601429481561,-99.29302164015029,48.02206,4,110.97871,21,0.51166,0.3875689046137043,0.1453287677723946,0.6018030704673876
3387.0,5.168662208097154,-84.29728846677123,47.99774,47,112.41266,12,0.82167,0.4704828288461503,0.185169690737413,0.5957496982857687
3388.0,5.189589355574854,-98.73405436389557,47.60273,20,109.54423,43,1.33359,0.5203702846306781,0.144711743998894,0.5909546351271295
3389.0,5.209689094890403,-99.92248119993374,45.39463,47,117.31043,7,1.97587,0.5058170874935617,0.1430338662395532,0.586403453548106
3390.0,5.218469404247217,-97.66603998879488,48.01935,47,118.75832,12,0.10261,0.5006621377046911,0.1487614344105108,0.5844318132893721
3391.0,5.229274840763783,-114.84560615725222,46.27347,20,117.95034,15,0.95565,0.4576210263105453,0.1046267161113759,0.5820190441953231
3392.0,5.229774000399835,-124.71692705774892,47.57172,9,115.13521,14,8.65304,0.4450664742877124,0.0781964772980542,0.5819079470237107
3393.0,5.238417220112144,-121.28844481508256,48.75871,19,111.2057,40,1.39074,0.4966203418757655,0.0853035481714075,0.5799892724612453
3394.0,5.235595617519125,-127.63661142021812,48.40525,19,116.67959,43,0.11321,0.4758323095823372,0.0671760669646687,0.5806145843956655
3395.0,5.271414343725994,-128.51939958093578,47.36629,9,110.35603,1,0.01761,0.4562060296174829,0.0636957982585402,0.5727509572359072
3396.0,5.294391834718601,-111.77971363625328,49.227,19,120.47326,8,3.34199,0.5231677503598969,0.1074893351091207,0.5677903035642172
3397.0,5.277659673350183,-124.20108998857462,49.93731,31,104.6388,46,0.17673,0.4950861318990789,0.0735692676738919,0.5713962271829706
3398.0,5.25602948417206,-105.57875105015904,50.44382,41,102.42413,5,0.2762,0.534819248366716,0.1224974375015112,0.5761088491055908
3399.0,5.277255207662344,-110.1452358998533,51.06195,31,118.07174,5,0.35484,0.5226371437684308,0.1092459723417969,0.571483817801757
3400.0,5.295103931776676,-100.92579989517056,50.95116,19,112.51121,14,1.61937,0.5357515423816551,0.1367193040681297,0.5676375984906455
3401.0,5.314727269667763,-96.76821280980435,48.67601,31,117.68379,42,0.84171,0.5161086762044035,0.1494759861617847,0.563453609394257
3402.0,5.326060787322403,-91.76671022785858,48.26402,29,115.65797,5,0.20625,0.5038600826283436,0.1644187905955546,0.5610581740891577
3403.0,5.329815987115,-83.31685738805632,49.16997,31,118.47937,36,1.31857,0.6114422909973792,0.1841073209847951,0.5602678491227578
3404.0,5.3251616263161665,-81.43793927196265,50.55554,48,116.99632,38,2.83319,0.6082582501593348,0.1885909894339055,0.5612476610039184
3405.0,5.304395457011739,-89.00048766200491,48.38903,29,113.23629,5,2.62673,0.5509173516715303,0.1679712876792456,0.5656507180703231
3406.0,5.283287583610688,-84.87845908908147,48.27831,31,117.31558,23,4.01876,0.5320410903134617,0.1791552317271545,0.5701795400822908
3407.0,5.30676618608598,-69.96790094033346,46.8862,19,120.8458,23,1.2252,0.5286742982428851,0.2181501051455391,0.5651454366925645
3408.0,5.325577447442835,-76.52593857772341,46.90879,19,119.36385,27,1.62392,0.5247695754928058,0.2003580316525968,0.5611600199824747
3409.0,5.326945621405962,-99.09064084363078,45.33721,3,116.27381,23,0.00806,0.4753981517905731,0.1375065550488891,0.5608718000580993
3410.0,5.351543163044779,-93.40575435707126,46.30533,19,124.2582,14,0.3285,0.4774405042064548,0.1515596730483392,0.555727728043753
3411.0,5.345107673919732,-85.25681089448399,44.89362,3,120.25312,12,0.13326,0.4864663842881749,0.1709001176311628,0.5570667217338221
3412.0,5.342554221487415,-81.62447456251542,45.41488,3,115.62412,43,1.47943,0.4857315570939394,0.1804954533677759,0.5575993446112519
3413.0,5.334381852039456,-82.54332953611987,44.94085,21,118.61647,16,0.37316,0.4734246803767358,0.1781479512974102,0.5593091578969158
3414.0,5.324822477723706,-78.80513026959119,45.23387,21,122.28526,23,0.18843,0.4441512434454827,0.1870313562616315,0.5613191572525981
3415.0,5.338325620832201,-72.81608858287916,45.3207,31,114.28116,36,3.87137,0.425086503620522,0.2026367083129558,0.5584830669537483
3416.0,5.385916851933535,-79.43352097799252,46.44025,19,118.37515,14,0.90327,0.4062024123061786,0.1831719428611259,0.5486568966899878
3417.0,5.382665855618224,-77.39783129302143,45.14832,19,116.64972,36,5.34256,0.4356554059312614,0.1863745904318135,0.5493198470744319
3418.0,5.3367774983896625,-96.19350369078292,46.93713,19,119.60032,34,2.47084,0.3727738129572722,0.1352747160739886,0.558807129770319
3419.0,5.343933456924528,-96.95594746645402,46.11676,19,119.85191,8,2.3281,0.3118012405922731,0.1333618971485839,0.5573115560236375
3420.0,5.331254702549406,-91.20759497165902,48.82457,21,121.63575,26,0.42866,0.3458831527186071,0.1481094551037344,0.5599654973190366
3421.0,5.345013626260672,-99.71330708637444,51.07845,3,117.70772,16,1.75199,0.3185538490466528,0.1221958059337642,0.5570863255311936
3422.0,5.352078243125517,-101.4156894061089,49.32737,29,114.02315,33,0.85819,0.319718945970255,0.1164774164113093,0.5556166145810235
3423.0,5.33460711318109,-91.58221839049556,48.33683,29,116.92954,11,1.2215,0.3277441235170804,0.1421829729592797,0.5592619236932728
3424.0,5.34186973685878,-84.16550907937376,45.97625,29,113.52146,43,1.88404,0.3521940236910936,0.1601732580859858,0.5577422506167519
3425.0,5.311523805803455,-89.60995828347048,48.02691,29,114.11971,45,4.30438,0.3162327454712157,0.1449423392036558,0.5641334698847333
3426.0,5.301613542381765,-95.38123863837508,50.21587,3,116.21932,37,2.37925,0.2791487960098243,0.1283822788178422,0.5662445013971478
3427.0,5.333909823412722,-93.96758287795856,48.88421,3,122.97962,12,1.82308,0.2803172129254495,0.1320477419627426,0.559408155301952
3428.0,5.342851654658285,-82.41149157578784,45.52228,3,120.52109,45,0.46107,0.3583192797097073,0.1636454109789413,0.5575372639339206
3429.0,5.37459405861982,-79.66846757272465,47.08345,46,120.39963,12,1.19376,0.3647781397845541,0.1693354512822215,0.5509710705265665
3430.0,5.374496707725019,-74.95505301607848,44.97547,46,114.91975,25,0.59106,0.3533356665164012,0.1802144256338757,0.5509910307257903
3431.0,5.404641118711232,-56.36359570925348,41.74818,46,114.94493,25,0.3188,0.4198034478952391,0.2296797275742954,0.5448618611872854
3432.0,5.391444367052374,-46.417763833882475,43.28084,3,119.89169,47,0.04095,0.447474656311617,0.2577196545995202,0.5475324652907834
3433.0,5.3844616707489426,-43.33138846055453,44.37293,46,108.59535,40,0.02989,0.433285673990297,0.2640886187588407,0.5489534920144948
3434.0,5.369896710968679,-35.24459720791525,47.17126,3,117.22403,12,1.50357,0.4327945702110575,0.2861111680550079,0.5519354222756231
3435.0,5.34009262070834,-31.60915584314467,50.75051,42,116.12703,22,5.28529,0.4533971189358863,0.2959331554352721,0.558113531699956
3436.0,5.347553869089264,-30.30846701191286,51.62844,42,113.28868,40,4.06098,0.4579343573220378,0.301198462876534,0.5565571869893317
3437.0,5.332857777985846,-16.88450577261473,52.2118,46,114.86125,23,3.4794,0.4710087525468281,0.337581773377131,0.5596288928002274
3438.0,5.353087833965416,-24.042316053664297,47.68609,42,114.80086,23,0.3641,0.4577109985377673,0.3152632719062506,0.555407056073897
3439.0,5.36424435147044,-32.51950551372804,46.29408,48,107.05649,22,0.74797,0.4499008550682425,0.2915285126208946,0.5530991951657901
3440.0,5.371333389262836,-50.72973542607027,47.44986,48,112.77692,28,1.55918,0.4227628353160806,0.2413899357795602,0.5516402078335938
3441.0,5.395202920446749,-66.13085666713658,47.49944,48,102.93993,22,2.66384,0.3498165172279411,0.1974556893291866,0.5467698570216889
3442.0,5.413038296770305,-72.21624416094963,45.32203,46,108.48088,13,0.36067,0.2557487765399169,0.1795653662052093,0.5431726977226515
3443.0,5.374167817101421,-88.23405615526596,44.80777,46,104.57018,23,0.01101,0.2301673326128786,0.1355299789512269,0.5510584723595167
3444.0,5.37139507289522,-96.96172769881004,47.77858,42,106.51305,18,0.67887,0.2269324062768844,0.1142024129971453,0.5516275381357044
3445.0,5.334248070231353,-97.0579868837935,47.94139,42,118.25137,12,2.29064,0.2197658016457789,0.1125715376894501,0.559337212958379
3446.0,5.33056534771744,-101.6311040160028,46.68012,42,117.07848,19,2.3455,0.2229379835371073,0.1026375825388829,0.5601103374461436
3447.0,5.295678605925733,-110.84232189610957,47.36828,42,108.36749,23,0.30888,0.2172963160451734,0.0777051309042594,0.5675144078748313
3448.0,5.293128175906624,-100.1861683978252,46.98014,4,114.16455,22,1.83772,0.2219772542025255,0.1055132350911279,0.5680614395889798
3449.0,5.294681806580946,-84.13287938085672,47.30769,4,116.44665,22,0.19367,0.2446830822441272,0.1451888567169119,0.5677281133479648
3450.0,5.261312194659157,-78.61249566435202,47.76792,42,113.49532,25,0.06324,0.2872429464022639,0.1624048154570158,0.5749525260252399
3451.0,5.277333614242469,-86.64093371461055,47.80829,48,105.64765,41,0.39874,0.2821622294993725,0.1416609596207241,0.5714668365903485
3452.0,5.2710832720413485,-111.39809688073166,49.16171,34,110.39706,18,0.62611,0.184742167342828,0.0734912820687529,0.5728229073719548
3453.0,5.252747230442055,-91.2815964826484,49.8336,45,104.99553,43,2.92497,0.212846325827631,0.1271819631507969,0.576829053648019
3454.0,5.252188389821953,-86.43710809816041,49.0794,46,118.2686,23,1.54257,0.1940602681937077,0.137751277642288,0.5769518111089699
3455.0,5.262388160366276,-84.11914357749477,46.94742,45,110.47509,17,2.73794,0.1969266936698417,0.1445402177060843,0.5747174365795874
3456.0,5.251483733951954,-89.82757849951841,50.19797,45,117.4207,15,3.6799,0.1787901611579568,0.1294952029049847,0.5771066548739188
3457.0,5.264072273501731,-101.3670609541462,49.27562,27,117.71891,47,0.71527,0.2188930745738502,0.101086743792696,0.574349761400592
3458.0,5.252261559912682,-122.5741369803592,47.27418,34,115.39162,1,0.01406,0.2105413807126044,0.046180770722614,0.5769357360061489
3459.0,5.276444233256938,-130.44621765939698,43.3108,46,118.51541,47,0.41667,0.1644363652087589,0.0219829892212328,0.5716595021622825
3460.0,5.272507292599302,-109.66198982703882,45.67833,45,116.63117,13,2.46903,0.2187130277032657,0.07879810628666,0.572513528400804
3461.0,5.274826018556493,-119.77566447210032,44.44132,34,108.62965,44,0.80456,0.175384655806224,0.0512936456485755,0.5720103041425781
3462.0,5.280659683424379,-120.00403264853898,46.72502,42,107.48889,5,1.96067,0.1440414091973839,0.0489248573514118,0.5707471766427772
3463.0,5.268802829377701,-143.04744101168927,50.15094,42,110.10686,14,1.1937,0.0553427762262589,-0.0121807360443524,0.5733188729767044
3464.0,5.296861009870215,-132.0134156349424,48.33819,8,112.57676,36,1.8009,0.0573980209873347,0.0154083595381991,0.5672610667443302
3465.0,5.2709019380744655,-117.66531277116448,46.03429,8,114.52191,1,0.37229,0.0879454800932777,0.0560849067958669,0.5728623215132481
3466.0,5.302558336106088,-118.98809534753316,49.06793,8,112.19959,1,2.65532,0.1021702448374278,0.0540159926232991,0.5660427359260255
3467.0,5.336583669492709,-132.2732691231243,48.15947,8,110.1807,16,1.75867,0.0685837360086216,0.0180479626762732,0.5588477231323975
3468.0,5.3758214469773264,-110.3167609118811,45.95173,47,110.31298,39,0.02108,0.1543799052638353,0.0797939912062156,0.5507195077528254
3469.0,5.3697316791812275,-129.17539737317043,43.93504,2,114.51738,7,0.66022,0.1103076507767727,0.0299316412251647,0.5519693488456856
3470.0,5.391241127474679,-133.01780950166318,44.68617,8,118.72871,38,1.16619,0.0820034790421217,0.0160184994308912,0.5475737479423719
3471.0,5.402298909780763,-142.03584341491546,44.33203,8,111.08475,13,3.24295,0.0082157755956868,-0.0115995947874682,0.5453344218461602
3472.0,5.389690921873061,-146.6590653995388,44.2167,28,118.37295,25,0.16735,-0.0806297582551322,-0.026276000122217,0.5478887841768586
3473.0,5.3843914711989145,-139.22653391504258,40.30198,28,110.26586,48,0.69562,-0.0298525036712729,-0.0068567121629679,0.5489678061814875
3474.0,5.380996358072039,-142.58011022215703,40.49332,45,106.96748,32,3.01191,-0.0713918097586704,-0.0183611712131712,0.5496607617834274
3475.0,5.3757904787825534,-156.45390814852226,41.57398,45,106.4098,31,3.86009,-0.056546550159834,-0.0532900008037795,0.5507258528059565
3476.0,5.353526118518527,-153.23068893817157,41.75889,28,115.17449,9,0.205,-0.0134528532824082,-0.041308964975748,0.5553161192358144
3477.0,5.357850769970872,-167.12528652342752,41.05456,28,112.0755,39,1.85238,-0.0182553124112565,-0.0781532092444357,0.5544200213242876
3478.0,5.350433248258148,-170.34302861042147,42.29326,28,118.09943,26,1.27521,-0.0429969612282166,-0.0861783731210041,0.5559583166226051
3479.0,5.361784860866032,-168.89616656336392,41.24278,47,119.89344,25,0.36833,-0.074790250052693,-0.0832962497209676,0.5536067329759351
3480.0,5.35697632510331,-171.23385793521476,42.85175,47,115.69571,23,1.32386,-0.1141952217570993,-0.0903233896360775,0.5546010373607986
3481.0,5.374157390786988,-167.64651181184578,42.37075,47,114.44274,26,0.32677,-0.145129465368739,-0.0830003108450967,0.5510606105605627
3482.0,5.392152951541411,-160.84749898164193,46.04915,21,118.74245,45,4.69085,-0.0945315925103679,-0.0627180344098941,0.547388571924327
3483.0,5.3829589066753805,-166.02737136105517,45.21436,21,102.85292,37,0.33596,-0.0895376929736989,-0.0767252769998058,0.5492600381913214
3484.0,5.379502273347852,-166.92172525764545,44.7314,21,112.47298,3,1.08013,-0.083648461505019,-0.0781024117336191,0.5499661260160653
3485.0,5.409012574289121,-147.10965018360497,43.36381,21,113.28911,26,0.93115,-0.0497744963155206,-0.0247405814738358,0.543981524189684
3486.0,5.42729278074849,-159.1402647953688,45.76906,21,115.33493,24,2.44021,-0.0881712985200754,-0.0593924061226195,0.540323218612801
3487.0,5.453177765403485,-173.86529658072615,44.32302,31,118.39603,10,0.02436,-0.1197509811775522,-0.0979381694408036,0.5352058121968916
3488.0,5.44256858235649,-165.73938539124043,46.10453,32,114.10006,13,2.41789,-0.1028427959985801,-0.0765214583337427,0.5372943961042154
3489.0,5.461817655999442,-178.9576828187714,48.08623,21,115.74595,13,0.82415,-0.1244167911788922,-0.1125921915493085,0.5335138984148995
3490.0,5.479765452833569,-173.0956806793756,47.65132,5,114.54054,37,1.251,-0.1103182818762259,-0.0945125830302971,0.5300248009139445
3491.0,5.498631057344112,-159.65545908542956,42.80471,5,120.15885,45,0.83857,-0.0517341085620545,-0.0591618594094785,0.5263940482200178
3492.0,5.492320964663573,-159.69664696987823,44.16093,5,113.03905,14,1.04733,-0.0976216641919071,-0.0590618629197053,0.5276042845962126
3493.0,5.480492071107164,-165.40026771804833,46.55522,5,111.4916,14,2.57108,-0.0851583586748715,-0.0748071367390894,0.5298842660238987
3494.0,5.481000256800471,-160.84995081258478,45.2869,5,120.2961,45,0.25839,-0.0626230498662278,-0.0631073723579246,0.5297860112868089
3495.0,5.524118741565574,-175.47245380932827,43.75014,21,113.21218,22,3.79936,-0.1456181347542688,-0.1033274756026952,0.5215478040984093
3496.0,5.5771076229473,-177.33546664369302,42.27812,5,117.06563,25,0.25395,-0.2149214417343114,-0.1087108176134502,0.5116842874817075
3497.0,5.57833796155105,0.0888288291108523,44.50852,3,115.63836,42,2.71638,-0.2429008599766221,-0.1167380008514113,0.5114586017986056
3498.0,5.595704600582132,11.466815675189594,42.34054,35,115.84352,39,0.64026,-0.3353433064829387,-0.148873365675456,0.5082888370876243
3499.0,5.6053415884522195,18.90811711669943,43.69989,3,114.21488,34,0.11878,-0.4063837894352059,-0.1672107327827415,0.5065425875454016
3500.0,5.6134232271922775,1.5072084360660083,45.31005,3,108.89461,16,3.13902,-0.3862766394439006,-0.1185679509856232,0.5050850999517896
3501.0,5.608692495520805,-175.4018246498493,48.19961,3,115.42237,43,2.09238,-0.4061266775695848,-0.1003381388014654,0.5059375017467191
3502.0,5.606377475672215,-168.30996936638553,46.22815,3,122.84634,31,1.03196,-0.421849706793764,-0.0793861208561685,0.5063554176593578
3503.0,5.595519485247472,-165.4521117503685,46.94399,3,110.39903,43,0.98423,-0.3835146815848976,-0.0716840578017025,0.5083224688584879
3504.0,5.638388303100977,-163.66261834630654,44.97671,10,113.44652,20,2.7462,-0.3499561187154896,-0.0691947101061108,0.5006222741627608
3505.0,5.671702610824147,-149.93656453380794,44.97679,3,110.81539,1,0.11329,-0.3358004772582512,-0.0334611136789204,0.4947584605741223
3506.0,5.653408357589383,-135.4268438471671,44.86871,3,110.14998,42,0.06659,-0.3094584318730974,0.0053069779400578,0.4979656873492138
3507.0,5.664794151229986,-156.75685199402363,47.48638,3,112.49476,44,2.92937,-0.3763217631439857,-0.050305546636139,0.4959659547752437
3508.0,5.676782378838146,-163.28869472230224,46.98526,3,111.51623,42,0.34674,-0.4041125349070733,-0.065722270214193,0.49387340507515387
3509.0,5.731433943512729,-151.05668014438942,45.08576,3,119.3399,33,2.40773,-0.3838275505626304,-0.0329148700003639,0.484499740573798
3510.0,5.735150224539045,-137.47572244772098,45.65938,36,107.4562,43,1.19613,-0.3321465866432237,0.0043500997300787,0.4838720486167445
3511.0,5.746419701811863,-122.8457168919184,47.47114,46,115.93446,24,2.39355,-0.2592489719754177,0.0431662984053625,0.481976037419978
3512.0,5.748083489469535,-107.01284507549975,47.40635,46,111.02167,42,0.64246,-0.2351692274309709,0.0886613066576955,0.4816970610524056
3513.0,5.8069128621429025,-113.64650853609002,43.77901,5,110.08151,4,2.01911,-0.2553904833643946,0.0697993765060187,0.4719864310149309
3514.0,5.803891850216289,-123.2924970446924,46.15361,36,117.07987,4,0.39914,-0.3234378439499367,0.0449935415083729,0.4724779107906019
3515.0,5.799766039729133,-125.78525104682824,46.01562,3,114.74998,45,0.83059,-0.3196546808390827,0.0391116569458096,0.47315036815085354
3516.0,5.839483342349776,-123.662472343546,44.84674,3,115.07194,40,1.80051,-0.3224581250062255,0.0465909016161111,0.4667359826985981
3517.0,5.862284218157186,-108.38729874238656,43.67168,29,120.41188,24,1.25398,-0.3072989217823388,0.0885482658451104,0.4631123802913743
3518.0,5.884327010317721,-105.6161389480063,44.54995,29,115.37452,23,5.07404,-0.2965267312172039,0.097393184231245,0.45964922478988735
3519.0,5.8906524959250435,-124.40113142223544,43.19992,3,115.55941,12,1.10214,-0.3626740251033106,0.0488951558847622,0.4586625960613277
3520.0,5.881503060390616,-115.49139791724409,44.23794,29,119.39081,34,0.31824,-0.2926604565973313,0.0716233914554377,0.4600907235017851
3521.0,5.89019819909907,-132.31767551808315,45.12633,29,119.93483,25,0.67421,-0.3326950519541152,0.027689925455149,0.4587333498764076
3522.0,5.896513293832682,-137.744066457105,44.62394,29,117.5618,33,4.56028,-0.360670883581066,0.0133904802800418,0.45775128026296535
3523.0,5.891403446592111,-140.9274015112455,47.57415,29,115.58081,43,8.37136,-0.37831361315857,0.0051032193930196,0.45854567620210124
3524.0,5.898064903623797,-141.2458189274742,48.47352,10,115.67513,43,0.18476,-0.3951607927241181,0.0057741044635352,0.4575104697745461
3525.0,5.933705572481284,-147.65296119507818,49.37398,29,115.3726,42,0.15253,-0.3855546560302973,-0.0123341477368936,0.4520309230713089
3526.0,5.920656984816161,-151.74679182038145,48.52199,29,119.00265,17,1.33437,-0.4009870864242719,-0.0218262371547732,0.4540255884847616
3527.0,5.927086384908427,-158.57874264584228,47.83409,29,117.83092,21,1.19765,-0.3785332712500003,-0.0400712677685558,0.4530411152649497
3528.0,5.908244832373376,-141.3511885884665,50.30418,3,118.3817,14,0.59807,-0.3112683744821836,0.0061872312353239,0.45593524337932173
3529.0,5.9269973378339476,-155.94545064555368,50.20742,7,118.73996,39,2.05656,-0.3188790043867934,-0.0337234451726304,0.4530547283262292
3530.0,5.965878652645872,-159.7210602015037,48.681,29,115.19275,43,0.08118,-0.3338290701268953,-0.0442373750457634,0.44716860076858933
3531.0,5.953493647943636,-174.65512094976546,46.89928,29,118.46475,42,1.58819,-0.2838270589466359,-0.084071500100567,0.4490310183915923
3532.0,5.955156203220576,12.333665040149969,46.49965,3,108.52193,35,5.58557,-0.2913692977256107,-0.1306639954399009,0.4487803332190699
3533.0,5.956546022850873,5.6371809547173655,46.45009,3,117.49933,21,1.66322,-0.3228094460149678,-0.1129665744020135,0.4485709330234559
3534.0,5.958913850612535,19.68763364353929,46.40656,3,116.85356,33,0.48897,-0.3868789366739819,-0.1505675671039391,0.4482145164986503
3535.0,5.936315172810899,18.210277538474173,48.30263,29,109.45955,47,3.71538,-0.3795423099925555,-0.1453836656156716,0.45163358541944765
3536.0,5.948578450287588,7.983657343574464,46.84754,29,112.65474,1,0.08713,-0.3814043715479291,-0.1170722106709657,0.44977337660714534
3537.0,5.97757128699662,-175.04383101945484,47.25017,29,111.13565,21,0.07318,-0.3914242514820684,-0.0801935169628118,0.44542091264573686
3538.0,6.00258048234971,-179.65127597162854,44.61057,29,119.14189,23,5.35303,-0.4389018830308444,-0.092851299628179,0.4417170347695358
3539.0,5.984542997003566,-174.4410187444143,48.42747,29,112.97167,2,2.24499,-0.4605180678951071,-0.075475451118058,0.4443837284713899
3540.0,5.984168083070797,-179.87629682471766,46.06268,29,115.10286,19,0.25052,-0.4416687396243849,-0.0888283742475107,0.4444394123586035
3541.0,5.972741422819533,-173.2825015579391,47.36932,6,102.52792,44,3.69358,-0.44735995367438,-0.0709901558429854,0.4461415841739545
3542.0,5.994138985169086,8.455047733620646,43.12361,3,106.04204,20,0.35535,-0.4743645873102345,-0.1138081627518436,0.4429620438356277
3543.0,6.0343955522416115,13.81206330132646,43.20224,14,111.61161,20,1.64639,-0.499092471625966,-0.1268607271964572,0.4370715945423427
3544.0,6.046780779655571,30.08262227137351,42.29105,14,112.40364,40,4.24657,-0.5580115369146971,-0.1693080472923721,0.4352829775882227
3545.0,6.044303149068956,21.04742182791044,44.87584,14,118.12208,31,0.14159,-0.5316241193790642,-0.144821809899671,0.43563990589950174
3546.0,6.037709829329381,28.47868362042324,45.71617,14,116.67213,18,1.20454,-0.5678758568400812,-0.1649622338911363,0.436591883251378
3547.0,6.03770238828754,9.351318942349607,43.5819,14,105.68138,24,0.64759,-0.4776978950907079,-0.1144965580567022,0.43659295938937337
3548.0,6.04051742883154,8.59346074637854,44.9367,4,92.24297,47,0.4753,-0.4400754204444467,-0.1143580913868646,0.4361861265255
3549.0,6.055764177348805,23.80971436280555,45.66861,21,103.32015,36,0.09563,-0.4897010148738556,-0.1540303394916988,0.4339924981017522
3550.0,6.061856949307283,21.845367647833186,45.12039,12,99.04603,46,0.51161,-0.4808421992631604,-0.1477617450263147,0.43312052487855984
3551.0,6.085638417732692,10.496144324350992,43.87012,48,96.61423,9,4.86619,-0.4715897425698683,-0.1160742674745311,0.42974204073962596
3552.0,6.0817982107815,-172.39301685762973,41.61187,43,105.13558,20,1.05864,-0.4098854806663602,-0.0665103001109673,0.4302849128756946
3553.0,6.06992843603612,1.4605985418063483,42.7723,38,91.15198,10,0.02251,-0.4063941849623936,-0.0894953903861616,0.4319694067883361
3554.0,6.089899933443386,-153.3300201646735,41.40819,38,96.6265,39,0.60248,-0.3352925425328467,-0.0121607595321658,0.4291408119124039
3555.0,6.100625478839926,-160.11775745235502,41.02985,32,111.85368,24,0.57256,-0.2910625609912238,-0.0315392771492949,0.4276331884079535
3556.0,6.126958788546212,-163.4470169044719,40.5344,32,115.21901,40,0.09138,-0.3190603153825768,-0.037899922127349,0.42396520302533935
3557.0,6.103761585420144,-159.47453876209806,42.78002,32,113.14927,36,0.71535,-0.3283917746411095,-0.024265797436268,0.42719386629205225
3558.0,6.139479980124265,-145.25238235157647,42.75205,43,117.81226,33,5.7037,-0.2332605180261891,0.0129816285330806,0.4222376507657301
3559.0,6.15689707796873,-155.52782835072287,41.15177,43,117.88783,46,0.58557,-0.21171493293064,-0.0154958443681817,0.4198521138990995
3560.0,6.143740381049131,-159.31148461034635,43.43633,12,113.921,4,0.68172,-0.1642518202585416,-0.0243872666965911,0.42165224909229293
3561.0,6.160698509550767,-150.9399008974708,42.11221,12,117.69758,18,0.52739,-0.1562699506574682,-0.0023977194276806,0.41933413800117747
3562.0,6.179138210463651,-156.4624781470199,41.80217,12,116.96709,17,1.62785,-0.176901632449419,-0.0157944970861509,0.41683512976790343
3563.0,6.185019984173726,-142.88684105457185,44.51416,5,112.49418,17,2.09224,-0.1391255371910361,0.0212951819395181,0.41604271061577835
3564.0,6.1736124279797595,-130.6322536194125,44.13137,43,112.51804,18,0.32556,-0.1272172801639904,0.0547938240924256,0.4175816525225758
3565.0,6.191827027100956,-125.06812774425504,43.70685,15,113.958,10,1.28105,-0.0755702699079811,0.0702841221432467,0.4151284525545702
3566.0,6.172205028555908,-122.49383398554528,41.96599,15,119.18976,14,0.6765,-0.077009369037805,0.0773378032476993,0.4177721099617683
3567.0,6.161698051452498,-124.19040683387148,43.91516,42,115.46756,6,0.2414,-0.0540879692580911,0.0743123321246102,0.419198101459969
3568.0,6.188769746537232,-138.59399890428773,41.63406,12,114.76625,34,0.58079,-0.0816895404312455,0.035418082085097,0.4155387045716539
3569.0,6.168629644717856,-148.13777291025173,42.90296,5,122.06991,34,1.25657,-0.0847257855318366,0.0105656493163133,0.4182565379837377
3570.0,6.170444070247539,-171.15305447131482,40.71704,5,108.39339,46,1.28812,-0.0974827697686013,-0.0515691337815432,0.4180105966042026
3571.0,6.120905616935159,-175.96191952305838,42.20124,5,110.08471,11,0.76453,-0.1658570504231581,-0.0631979758374531,0.42480416485851913
3572.0,6.118208670264509,-175.12331114836817,40.20983,5,117.57376,46,1.63498,-0.1263994770597058,-0.0588227570401823,0.4251787603488704
3573.0,6.127586053970117,-172.43061015334405,37.77567,5,113.42269,6,0.52878,-0.1269756257652486,-0.050090697140367,0.4238784069856854
3574.0,6.139918111883609,12.400519895059888,37.30324,5,113.56676,11,0.53047,-0.1747603318296684,-0.1031624034760341,0.42217739291832374
3575.0,6.154633440705488,-176.75498400845004,36.99889,15,110.67611,4,0.34124,-0.0977993443597329,-0.0595217672210953,0.420161008871849
3576.0,6.16312417373282,-168.29026939725674,38.16091,15,112.18352,11,0.59711,-0.071413096745127,-0.034631637218411,0.41900412237792056
3577.0,6.185242802446545,-173.54848567499144,37.17714,15,109.53465,2,0.35132,-0.0478544405813115,-0.0481013223350363,0.41601273596436883
3578.0,6.177920868169142,0.7821580437635873,36.45363,5,107.81173,24,0.34706,-0.1103713742793805,-0.0678307841318347,0.41699941838152493
3579.0,6.16992156305052,-176.9155256304926,39.18508,15,110.59066,38,0.57256,-0.0748875320311199,-0.0575003019490663,0.41808139905808467
3580.0,6.1582095439082805,-175.94435538763537,38.13985,5,102.74453,40,0.69392,-0.0686537550457885,-0.0522333178499199,0.41967317134284104
3581.0,6.160866623075622,-173.1017008233046,37.86825,15,110.55681,30,0.60006,-0.1097246093727294,-0.0468630360796825,0.41931125330571994
3582.0,6.146011879112473,-177.2648555469404,38.92638,15,121.09536,26,0.82887,-0.0841934549012827,-0.0551305926706197,0.4213406306661714
3583.0,6.140507981479896,-169.1965895347472,38.90133,15,108.89766,2,0.9964,-0.0601904682659794,-0.0337117648083782,0.42209628638839836
3584.0,6.143274170102846,-177.3964420391281,42.07702,28,114.60261,36,4.23981,-0.1028680698874447,-0.0566930778016179,0.42171624960659887
3585.0,6.175893340254965,-178.4250686761789,42.64145,14,110.83722,34,5.3649,-0.0867358763694385,-0.0588648847445887,0.41727326273030496
3586.0,6.187580039616306,-167.9942923439398,42.34549,14,116.32085,23,3.3116,-0.0835292383151687,-0.0286141259565339,0.4156985139952415
3587.0,6.175655215381211,-167.82414762308787,46.19289,14,114.73139,36,1.35845,-0.0880492925260864,-0.0295645157595969,0.41730544233075106
3588.0,6.194143543900628,-144.8488863288993,45.2052,46,100.02382,2,2.06997,-0.0127243462997787,0.0330567037866589,0.4148180069842246
3589.0,6.188592107240575,-148.97867159770672,42.665,14,105.01154,23,0.40607,-0.0098903289895698,0.0230712666121959,0.41556256042169326
3590.0,6.1959758258831,-140.98963078985625,44.22205,14,114.14737,31,0.19415,-0.0406446248735476,0.0422211652759868,0.41457270222575915
3591.0,6.1964374111696365,-137.23612266306932,42.80966,14,119.16121,23,1.09504,-0.0210666320260049,0.0529551342541163,0.41451093979053194
3592.0,6.211771613006552,-142.82562151215214,43.17682,14,111.57813,31,4.63735,-0.047577956555206,0.0379034962152304,0.4124669660419972
3593.0,6.193947140098981,-133.441362698672,40.90985,17,111.58296,30,3.3345,-0.0330830845054606,0.0643381183686198,0.4148443143205371
3594.0,6.194926327976336,-127.89691007890043,41.52791,14,118.96509,34,0.64406,-0.0237945081421899,0.0778743477415897,0.41471318171341115
3595.0,6.185306465622833,-134.6326672161474,41.65732,17,108.31712,22,0.1518,-0.0728827512787757,0.0596459202128859,0.4160041722639294
3596.0,6.220946278087712,-117.621981578554,41.30456,17,117.07236,3,3.68825,0.0171404053632242,0.1064051565484222,0.41125124882016934
3597.0,6.225268982246904,-113.63536312769192,43.19035,14,117.52208,3,1.30408,0.0176897108866657,0.1172665247093358,0.4106803175775792
3598.0,6.221248749487851,-111.2025623435574,43.31325,17,116.32615,23,0.62698,0.0106198222323233,0.1257865372812711,0.41121126047630396
3599.0,6.241305042122084,-122.21278547414056,40.96052,17,115.45094,30,0.33223,-0.0073710933044246,0.0975973781337804,0.40857267064770164
3600.0,6.2690834223871175,-129.10848226046147,44.00283,48,103.23779,12,0.11059,-0.002159841751309,0.080676644641893,0.40495991216456884
3601.0,6.271975325248123,-127.76185230376323,44.69432,17,102.04126,2,0.5089,-0.0120427755794639,0.0855037290424075,0.4045865577811508
3602.0,6.257239560446379,-131.0423551791866,44.76009,17,97.5828,31,3.92258,-0.048642981489068,0.0768906897842462,0.40649439986123403
3603.0,6.264220563461903,-140.8235948305128,43.77222,17,100.71517,44,1.15434,-0.0719765471666358,0.0504610848242229,0.40558888978882257
3604.0,6.30106997773834,-135.1210702847938,45.05544,17,96.91067,42,4.28108,-0.0789803599008868,0.0649785534031683,0.4008588960208821
3605.0,6.292682698421996,-122.57097814497904,45.53784,5,105.21205,31,1.56549,-0.028331904044057,0.1002716973055193,0.4019281875479032
3606.0,6.276225198962051,-120.84513026191588,46.3537,17,102.30282,40,2.33972,-0.0420860040652347,0.1050917062106006,0.40403882102145183
3607.0,6.298059713630801,-122.75096840414982,45.29799,28,107.9314,9,0.75396,-0.0602699245205759,0.0987214216286397,0.40124218216962515
3608.0,6.341855636936969,-114.34897181894262,43.4241,17,116.84326,44,0.12822,-0.0357292637996345,0.1214179453268653,0.3957194786109968
3609.0,6.38721354336462,-117.7011183306258,42.93866,17,107.73402,41,1.86365,-0.0515149511462202,0.1130128535739943,0.3901191410693132
3610.0,6.401655035362795,-112.85778786751278,42.87116,48,115.37769,2,1.9018,-0.0035827597074811,0.1271738206598002,0.3883609870721265
3611.0,6.461786740282497,-123.9827470133662,42.32238,48,102.36352,18,2.43041,-0.053895351711562,0.0969912947100757,0.38116664543427303
3612.0,6.464978414409819,-123.85357764853944,43.74383,48,106.93868,3,2.68037,-0.0392675411307746,0.0981075356847952,0.38079038449641195
3613.0,6.49957313141723,-136.78358098172376,45.0674,48,112.31879,36,3.60343,-0.0692424927701226,0.0624600710780645,0.3767475721341569
3614.0,6.508323904956978,-133.0052560359643,44.79672,48,125.59464,24,1.04423,-0.0507969515919788,0.0734173217406757,0.37573514056079504
3615.0,6.552082553986213,-132.80112539357944,44.26074,5,117.92874,13,5.20791,-0.0740330857477842,0.072131022701652,0.37073314051618367
3616.0,6.5681702328269855,-122.77692844628234,45.20334,48,116.05889,18,0.11643,-0.0156195907923962,0.1007543300658504,0.36891926198684283
3617.0,6.559057122105151,-136.73946205556382,47.3176,5,112.10647,11,1.21121,-0.0735391976489713,0.0633205225419452,0.3699451221344329
3618.0,6.527179038997522,-139.3973555458213,47.88778,48,115.64312,36,4.85915,-0.0566810965637398,0.0555740988380631,0.37356749545484735
3619.0,6.561456567217624,-143.49291565475113,47.06759,48,110.97722,37,0.88653,-0.0801507242844339,0.0450204401198919,0.36967460271475966
3620.0,6.548112411647598,-132.71224610408404,45.05205,48,119.60514,40,0.54475,-0.0352012189367221,0.0744402795060807,0.37118283027187293
3621.0,6.5561175991034775,-134.8529788880879,44.18441,48,113.39344,45,0.10602,-0.0080397940580847,0.0681689197209206,0.3702769361900956
3622.0,6.565677156476515,-128.6943557978471,44.39833,28,119.48606,25,0.09564,0.0013545642933599,0.0835077785044138,0.36919948243782164
3623.0,6.573037694483183,-119.63976597683398,48.72841,28,116.44594,25,1.32785,0.0467450293190603,0.1085442555261777,0.36837308058033114
3624.0,6.591170800726501,-111.82568744702836,46.24908,28,115.5068,40,3.28478,0.0640379950696684,0.1290205211508575,0.3663489910786853
3625.0,6.597132981612762,-111.26395841327914,46.30145,15,115.29366,45,0.4422,0.0208282911760876,0.1288897295848902,0.365687112061911
3626.0,6.587320836297246,-114.44768388499142,47.03406,15,114.72735,41,0.68179,0.0331681708337673,0.1209363316259877,0.3667773420829844
3627.0,6.63762226220028,-125.66546307391164,49.02269,15,113.22705,30,5.89557,0.00346741055963,0.0892767002171641,0.3612393600809214
3628.0,6.597179189238278,-132.13785684517933,50.23075,15,100.90134,23,1.0443,-0.0257007518348439,0.0706108157104265,0.36568198942586644
3629.0,6.6052647109991485,-125.0386096605002,51.90025,15,112.74018,6,2.60562,-0.0453428252958287,0.0916342048048485,0.3647872728196168
3630.0,6.604752560776435,-126.08515104436805,52.28787,29,119.6312,10,2.43427,-0.0086043588259202,0.0903390634690294,0.3648438481794924
3631.0,6.625470083112491,-133.25494045440809,50.39672,29,119.09207,27,0.97142,-0.0195763499113067,0.0703495885042742,0.36256571766275003
3632.0,6.659740881347824,-120.27348883783532,52.20406,3,119.35224,7,1.63526,0.0388859625892439,0.106257796980795,0.35884381724827863
3633.0,6.669135960836383,-123.2558225405825,52.89609,42,117.04846,26,2.21913,0.0382185195281531,0.0984909674987702,0.35783349401678904
3634.0,6.689408804464653,-114.09722626490648,51.08292,42,109.37177,39,3.41663,0.0330664547250316,0.1220428779264298,0.3556678885712184
3635.0,6.716178196977796,-100.100176992337,51.01185,15,116.82531,13,8.84171,0.1019494134937926,0.1589499045847747,0.3528382915675914
3636.0,6.686111002194956,-111.68220177401172,47.85662,29,111.37974,9,1.61901,0.0879300491327978,0.1281773460799602,0.3560188284916246
3637.0,6.723507923836665,-116.108112353885,49.47915,15,105.97081,25,0.86944,0.0932138490506498,0.1153520018695979,0.35206940763494265
3638.0,6.735662482949843,-121.5492032183505,50.94638,15,113.51783,36,1.03882,0.072162253578188,0.1005363574602447,0.3507999296977303
3639.0,6.779292308007757,-132.46847573929398,50.20099,3,108.94659,1,3.86244,0.0613569303781759,0.0711998324311022,0.3462991386987689
3640.0,6.806874073575481,-137.95283311955603,50.78075,42,112.83335,11,0.12962,0.0972496567068851,0.0580583196890929,0.34349838466257526
3641.0,6.801881874784521,-153.9162185645722,47.07393,48,113.68484,37,0.50246,0.0496964539071649,0.0148619590535139,0.3440027866913247
3642.0,6.788583330064503,-152.33970875662024,46.52814,48,118.93116,44,1.18758,0.0511320370913079,0.0204744621276311,0.3453518803318107
3643.0,6.804291753190124,-151.8918520399497,47.37749,8,116.27826,45,2.11166,0.0011556059628356,0.02002805209235,0.34375915866574824
3644.0,6.820306501461338,-138.7224153899133,46.08699,48,110.05476,11,1.07377,0.0225041357091669,0.0546593688466472,0.34214669359635835
3645.0,6.8144833814072685,-118.9136602738897,46.23448,48,112.42406,37,0.23795,0.0817287262110464,0.1090526727051101,0.3427316865939957
3646.0,6.839402347744894,-128.73148371358835,44.82659,48,113.84048,1,0.17349,0.0405017531994264,0.0825790329506015,0.3402387901437502
3647.0,6.849804270519007,-144.20133991577927,44.79391,48,118.92304,43,1.76332,-0.0021412153025166,0.0418898396012258,0.33920622037619025
3648.0,6.825336523225362,-159.26517300711157,43.68313,42,109.96102,2,1.49072,-0.0412011021202557,0.000571926744437,0.3416425803850486
3649.0,6.880746267660171,-158.84987876437484,42.48663,16,107.69264,43,1.01786,-0.0481414408894642,0.0021656511550783,0.3361623299549137
3650.0,6.8897376987809995,-153.7080850816755,42.22099,16,104.58197,44,1.42781,-0.0652055963768652,0.0140618510177652,0.3352854872469357
3651.0,6.88426124295675,-131.6895843534515,41.41719,16,114.19778,23,0.48508,-0.0026171653255324,0.0737641477062161,0.33581914116770595
3652.0,6.894445275417161,-126.48480142279276,43.20058,29,100.48245,37,2.89562,-0.022456362955117,0.0888594118181648,0.3348277728992648
3653.0,6.8881016790345555,-121.05904083223471,43.32517,42,107.0776,5,1.03824,-0.0577076512060546,0.1021951314041518,0.335444776074417
3654.0,6.886237263033683,-129.56886279604956,45.69351,42,112.64784,10,0.15502,-0.1053739647084596,0.0792963153446863,0.335626440820267
3655.0,6.904974678270922,-121.71517783012074,47.06933,42,105.86849,10,2.38815,-0.1202293572760752,0.0993339804511129,0.33380739306456936
3656.0,6.934769638802625,-137.46463580867092,47.86024,42,103.01505,6,0.29496,-0.168134818789136,0.0558328652420496,0.33094517476477
3657.0,6.94704093090296,-155.24393485678397,49.1199,42,106.87867,21,2.14109,-0.2436577961746431,0.0082850968934591,0.3297770405470006
3658.0,6.953943096375308,-148.83514481541584,49.03997,8,104.42988,3,3.02489,-0.2276014041228005,0.0250389744943281,0.32912272225378986
3659.0,6.952940783618691,-149.2869289796887,49.27929,7,97.66564,13,1.34936,-0.2256024004450083,0.0241795357054509,0.3292176195614922
3660.0,6.950432885844921,-150.3785381461961,50.79697,47,106.12901,13,3.04774,-0.2293698607594723,0.0225125681199113,0.3294552430608437
3661.0,6.98717379819764,-140.4907180574711,44.47677,9,111.32179,20,0.1075,-0.20334384707464,0.0488194706224652,0.3259995793472624
3662.0,6.969117831978363,-137.02157481472673,44.18111,9,113.58525,24,2.14163,-0.2103251624151481,0.0590387652276275,0.3276910022001647
3663.0,7.011317244523156,-141.9646802372355,43.88844,9,118.10671,5,1.1189,-0.173538763975653,0.0454402281844661,0.3237582881272748
3664.0,7.016488430634321,-151.4591371365866,45.44359,47,114.12395,5,0.66664,-0.199229330239888,0.0204286703129723,0.3232812411179572
3665.0,7.025239676065152,-156.43851002317984,44.0925,47,111.36034,32,1.26956,-0.2325550391483014,0.0086482256737777,0.3224763286820833
3666.0,7.027413387011327,-149.39351111049697,43.45606,30,113.02732,32,1.56392,-0.2461557558000204,0.0285794115093655,0.32227686356588847
3667.0,7.031463478166136,-143.0655764933545,42.80811,47,116.53299,45,0.13398,-0.2318488496994266,0.0448327785492964,0.32190571045691263
3668.0,7.054504437423441,-139.92564994792258,40.36702,30,110.9726,25,0.6269,-0.2458099803999257,0.0547024215222538,0.31980636983304095
3669.0,7.0542784434137,-134.82452512444542,41.64144,30,112.42852,29,0.98515,-0.1869292762578158,0.0693625094122234,0.3198268610802026
3670.0,7.061633578599883,-134.8748868088351,41.03759,17,112.01732,8,1.90446,-0.2494703730184283,0.0700901028173308,0.31916096849238895
3671.0,7.065474134128876,-124.74133396710994,41.69214,30,114.27374,39,0.70714,-0.1897980296023199,0.0974245352834615,0.3188140923283595
3672.0,7.064718892203244,-105.84138044973248,40.6175,17,112.22251,46,0.77611,-0.0820412466623401,0.1485450279206835,0.31888226054364693
3673.0,7.07536682318765,-97.9693818688995,42.05872,11,116.69477,32,0.88355,-0.0320504705565619,0.1679663170395857,0.3179231918648279
3674.0,7.08249281487852,-115.0960275218648,39.87392,11,115.2096,32,0.56653,-0.0126047020830009,0.1204962079795292,0.3172837621141401
3675.0,7.080717280567885,-92.1684159639416,40.14466,30,114.3645,29,1.30305,0.0526202874847315,0.1838808070388125,0.3174429038550304
3676.0,7.088377197233155,-100.6669903462966,40.05899,47,119.23615,15,1.30988,0.0687039216248409,0.1608791838996014,0.31675719757874826
3677.0,7.10306087844979,-104.93345029878138,39.50707,30,115.28999,48,0.80576,0.0338224087244224,0.1483099984432175,0.3154489294181487
3678.0,7.105979004558887,-105.23026010129628,39.72376,37,114.33476,46,0.27831,0.0518545462730507,0.1478103258600699,0.3151898994527925
3679.0,7.084633364287352,-105.93595013740052,41.57938,30,119.01025,36,0.70557,0.0709903096687493,0.1461997696841835,0.3170920630003956
3680.0,7.113343164148876,-106.37619084525568,38.67174,37,118.74798,40,0.47768,0.0902383843241843,0.1460532310388972,0.31453763027592585
3681.0,7.096650014205617,-112.73067784771672,39.43179,47,118.5941,24,0.33778,0.0766829014998955,0.1289109436453427,0.31601911780165814
3682.0,7.146344553956591,-95.26712151618857,41.49408,37,110.20884,14,0.20518,0.1350822921785334,0.1778471546671361,0.3116393061477325
3683.0,7.118456681249137,-134.9743664907753,43.47514,37,117.39653,25,7.79044,-0.0327050850530208,0.0685253204921429,0.3140858986910335
3684.0,7.128782351745291,-153.7152158496101,47.30651,37,113.70463,8,1.25954,-0.0453771674433992,0.0181528498288838,0.31317668346402205
3685.0,7.141182778593718,-162.22068340211382,46.00259,37,119.87726,46,4.47168,-0.0276185064156639,-0.0018935894807071,0.3120899859606837
3686.0,7.139921047709036,-171.2227763832759,50.09388,10,116.5406,6,1.05946,-0.0141952943053081,-0.0261202256183218,0.3122002976474087
3687.0,7.145754256292294,-174.1711431574655,47.843,10,114.0697,12,0.38656,-0.0182926055379306,-0.0338565828044712,0.3116907961783776
3688.0,7.168345138804487,-173.23716297669287,44.57877,10,118.2169,35,0.37041,-0.0094714586834543,-0.0289608952501423,0.30972931841505935
3689.0,7.169617600103855,-173.61843946740655,46.78221,10,113.75652,15,0.48098,-0.0119527813419727,-0.0289906063394377,0.3096193868625197
3690.0,7.18492366551666,-176.47300992884243,48.46833,10,110.16042,15,2.59857,-0.0301151827209354,-0.0385841894632979,0.308301625673299
3691.0,7.176554220042468,12.444748045239962,50.3879,10,111.20783,32,0.51517,-0.0853893507742619,-0.0807096527346358,0.3090211404080862
3692.0,7.160861247645967,2.24286535789615,50.49804,10,116.61361,48,1.73408,-0.0381208631024496,-0.0535760992645994,0.3103770594339899
3693.0,7.199239528102186,19.530971570347777,49.50621,1,116.75995,48,3.37732,-0.0607703149915756,-0.1002976224103096,0.3070767142332063
3694.0,7.216618532160147,16.159179789101344,48.40688,10,114.30194,25,1.7579,-0.0425394800166959,-0.0900346028538452,0.30559949562878713
3695.0,7.233396986699573,20.718011181085288,46.37128,31,117.3597,41,0.43594,-0.0170079804737892,-0.1025007248368165,0.3041834139616067
3696.0,7.201298135317899,27.025760488897618,46.57444,1,119.99714,11,0.60716,-0.0451864170283391,-0.1177087986387009,0.30690117366464886
3697.0,7.220173829184251,33.199754716289746,46.76023,1,114.96542,23,4.92733,-0.0844169702581548,-0.1358432059803098,0.3052986082814069
3698.0,7.2184958521986,37.06000347558556,50.38165,44,118.55781,17,2.32537,-0.0834943767976083,-0.1456664177558482,0.3054405612839397
3699.0,7.217627687978607,43.01164999457529,51.43838,31,118.04934,17,0.10561,-0.0988753823614305,-0.1602785089570161,0.3055140448511441
3700.0,7.226224026796724,43.93333456307093,51.56381,31,117.38647,41,2.62537,-0.0446756899960464,-0.1596325354040958,0.3047875962647736
3701.0,7.229550800068391,64.86111783862322,52.00908,1,123.78344,41,1.7242,-0.0373637780696887,-0.2164099460368015,0.3045071567289133
3702.0,7.205153844685647,48.7687343192421,51.40147,39,111.92776,13,2.94927,-0.0110802923757282,-0.1726614320572898,0.306572796189572
3703.0,7.240857389967475,53.048142481447314,47.99182,44,105.09587,16,3.83716,-0.0080062489295656,-0.1844317522302319,0.30355692410152585
3704.0,7.26471951907156,43.73641994064346,49.51938,44,111.70974,45,0.87018,0.1005463476824818,-0.1588463166184685,0.30156603697768763
3705.0,7.246302091352608,38.4348855636396,50.75614,44,122.25689,41,1.62717,0.1665388773043762,-0.1458531634182743,0.3031009243776844
3706.0,7.28708285455336,36.363612411996414,48.3083,31,115.52376,47,3.81544,0.1683775167419964,-0.1401856296231967,0.29971792457913343
3707.0,7.286461885068241,39.26788143251824,50.57366,31,109.48134,45,1.72632,0.141001992403054,-0.1477627447069291,0.29976901209426815
3708.0,7.316550447116533,38.23811534531663,46.74653,12,108.34114,15,3.39825,0.1268874897775617,-0.1438159341722656,0.29730854320026007
3709.0,7.31890529070532,40.3986056267544,48.81751,44,122.51803,46,0.09057,0.1403277117241824,-0.1503518575899876,0.29711725708336084
3710.0,7.334353513972172,50.05747893021848,47.89485,44,118.36345,42,0.46022,0.08873708131389,-0.1775924789342571,0.2958669492366762
3711.0,7.318848450643746,46.5376069395619,48.70589,44,116.26694,5,0.43084,0.0898659815136489,-0.1675116100454817,0.2971218720795259
3712.0,7.316056788001987,53.84797472460747,47.58709,31,115.60966,22,2.70041,0.0055646581311245,-0.1862972988292273,0.2973486670068788
3713.0,7.320503034218102,45.156009905651246,45.44515,31,107.65056,16,0.37277,0.0197482375067323,-0.1624564511014897,0.2969875760046446
3714.0,7.322980182752655,57.37504244853179,43.29976,39,118.19321,13,0.28502,-0.0328260977232701,-0.1945973696625744,0.2967866856866349
3715.0,7.344314431331973,46.007447815446625,43.58687,39,111.62633,24,3.08007,-0.0036598056801819,-0.1644143331614731,0.2950649389976915
3716.0,7.300456994583583,49.678951073060176,45.44017,7,104.69675,29,0.67506,0.0104343128114974,-0.1743852744170936,0.29862078838084
3717.0,7.280359912855023,64.19849484001011,45.64968,31,108.09838,28,0.63762,0.0329352973373145,-0.2164061631427251,0.30027172041113465
3718.0,7.292387440991573,65.34410125591842,45.87747,31,113.53262,4,0.02974,0.0426650582271926,-0.2188417677595333,0.2992820449991383
3719.0,7.306501195513304,54.31048087426643,46.15808,31,117.36397,4,1.11186,0.0460352242972888,-0.1899906406481669,0.298126932991126
3720.0,7.303982811910363,66.35246417228058,46.68094,44,111.74518,15,3.47493,0.0351091851716155,-0.2223956290806636,0.2983325543445777
3721.0,7.2967541537277985,64.83148296964859,47.45794,11,122.48678,38,0.41209,0.0218608450622545,-0.2188445115113946,0.2989239439470871
3722.0,7.326691998275867,67.73942604601652,50.56338,11,116.54267,3,1.02659,-0.0425301211052141,-0.2260277015578513,0.2964860484061113
3723.0,7.34668691302344,67.18371862276288,49.67705,44,121.18458,24,2.80257,0.0321311444720531,-0.224362869686509,0.29487439783492075
3724.0,7.3343643216987395,61.3969454016285,48.77491,11,113.63573,33,0.91874,0.0233438430606798,-0.2078984142954379,0.29586607727379255
3725.0,7.315995375134099,45.35828617864598,50.39665,11,117.44406,43,1.19335,0.058040859734106,-0.1662363440053071,0.2973536591125628
3726.0,7.312545550261076,54.979443253372295,50.96198,30,113.12648,26,4.90544,0.0523453843387157,-0.1940514414766258,0.2976342891657488
3727.0,7.312515611994711,78.15306344484526,49.95165,11,114.66952,6,0.53959,-0.0220134313649058,-0.2586246322353338,0.29763672626765514
3728.0,7.337963927660946,76.28758606000247,45.76707,8,116.81259,34,2.40933,-0.0290307200083384,-0.2535699776931849,0.29557587686114056
3729.0,7.362817556801284,82.23286820896013,46.57182,11,113.90372,43,1.17112,-0.0753711396942292,-0.2692904425586644,0.29358377682208203
3730.0,7.350407841323177,70.07320796774323,40.78569,11,114.39231,29,0.37508,-0.050334900091881,-0.2358269595174644,0.2945759303753851
3731.0,7.400344089728787,77.35082136115622,41.23709,11,115.41721,7,0.18927,-0.0908398467090084,-0.2555754352147055,0.29061384798443246
3732.0,7.392085542488684,67.75918454664375,41.93138,11,115.1078,45,2.08299,-0.0751688274168208,-0.2281829731836755,0.2912635668934098
3733.0,7.373763927679104,79.33662351604914,39.91001,11,118.69524,29,5.33599,-0.105037320571373,-0.2592643839090738,0.2927127721138692
3734.0,7.399387849089128,82.76911445530652,39.38242,11,114.65945,3,0.49586,-0.1310149638687754,-0.26883594740615,0.29068896628724117
3735.0,7.428541113736156,79.17105940459439,41.18912,11,113.79591,26,0.2475,-0.1538719765360209,-0.2578319984493143,0.28841182919957975
3736.0,7.45005530381872,79.30603856951507,41.98594,11,124.19885,23,1.40616,-0.0825129182557731,-0.2574190712559762,0.28674848916434775
3737.0,7.479184276184285,86.55810407808175,42.88091,11,115.98259,37,1.04543,-0.087781174363112,-0.2765270849070627,0.28451925586410726
3738.0,7.489169891056794,103.854145939406,40.29824,11,113.66911,36,1.86295,-0.1157085894408608,-0.3234489510994108,0.28376103948572035
3739.0,7.495378951364519,112.22784858432593,41.07851,11,107.47612,46,1.10635,-0.1748831088495044,-0.348402237200166,0.2832911073696517
3740.0,7.480632491630987,131.9994566540864,42.71656,1,117.38756,37,0.92908,-0.1920744395084199,-0.4037798456646244,0.284409103334444
3741.0,7.485591741894612,125.37470464639426,44.93675,17,108.01317,36,2.44183,-0.2056912125259855,-0.3861474143690162,0.2840323826284603
3742.0,7.503032839278678,119.6290856765934,43.73475,17,109.615,37,0.17575,-0.1914003259795261,-0.3701193805578585,0.28271342831838153
3743.0,7.53330065071907,128.611771784403,44.1579,17,98.72983,46,1.86726,-0.1893252134572879,-0.3946576168174598,0.28044618147638506
3744.0,7.534172182486587,124.94216403487908,42.00034,9,102.83584,15,0.41678,-0.1886724598629394,-0.3837958085223912,0.28038130278406487
3745.0,7.549845721542689,133.15254683392158,44.01231,28,100.10793,7,0.01376,-0.205791494592506,-0.4075451144420351,0.2792183635973386
3746.0,7.569026787729157,116.65296470249235,44.91945,28,104.25999,10,0.04591,-0.1348261600910043,-0.3598977858528057,0.2778049930344962
3747.0,7.587737779881661,115.40118008076128,45.16633,28,104.92925,18,0.94444,-0.1604227762201869,-0.3569350914263648,0.2764365751531773
3748.0,7.604464011094044,96.4988663868902,47.74506,12,112.17162,38,2.05055,-0.1022287538773467,-0.3041094964562681,0.2752218525797388
3749.0,7.638769604918741,95.54791163641649,44.39894,2,114.60991,3,0.37669,-0.0397712973897717,-0.299893679750247,0.2727553695137634
3750.0,7.599404488891497,98.25168751342576,43.83818,9,111.79473,42,2.51139,-0.0446259295011496,-0.3069055215726906,0.2755884483100462
3751.0,7.63326828468431,116.24300693177705,43.33324,11,103.85974,38,0.43146,-0.1346872296909951,-0.3569823470998912,0.27314866247561387
3752.0,7.646681294324496,127.78214631905615,42.74556,11,114.15365,27,0.43995,-0.1816097216560508,-0.3901635080513516,0.27219124520604887
3753.0,7.644074692350437,124.83126741542702,40.85421,11,107.89956,38,1.37529,-0.229801145919305,-0.3817332659118564,0.272376909327117
3754.0,7.662646378521727,123.24871135162128,39.48649,9,111.57197,34,1.47733,-0.2140039808633251,-0.3754925763466593,0.27105820866459385
3755.0,7.624265415720155,128.1225407415945,43.26684,9,108.93143,46,1.83606,-0.2088221556261909,-0.3903262340423727,0.2737941209871504
3756.0,7.623384904637272,137.72592484728298,41.25815,9,114.60665,36,2.06309,-0.2855459332858395,-0.4178042246615096,0.27385737180904424
3757.0,7.639443554195242,130.61899988328005,40.8659,2,113.3735,44,0.79134,-0.2654080745576115,-0.3988668471384182,0.2727072468529372
3758.0,7.641971887930186,119.62448516986116,40.36699,35,110.72108,25,0.29484,-0.2676788590839339,-0.3656769147817992,0.27252682722225435
3759.0,7.678255577546745,108.69240107258966,41.34711,35,109.16077,20,0.16727,-0.2386842462739282,-0.3354265950949822,0.269957255235254
3760.0,7.697783054980549,121.53252258609932,41.18568,35,102.40739,14,0.02707,-0.2460596444703106,-0.3695134620626036,0.2685893554689871
3761.0,7.695491275905506,143.21428411654028,42.77425,35,109.31943,32,0.57937,-0.3333564317166697,-0.4320829849923169,0.2687493554222217
3762.0,7.690171079138406,132.77894899230023,45.30368,35,105.4928,32,0.09986,-0.3049774941569516,-0.4026661422958834,0.2691213351915846
3763.0,7.683952588921856,130.2527744504149,44.27649,35,104.86861,39,0.02478,-0.3086024394941989,-0.3955033558025045,0.2695571019533913
3764.0,7.666224157380402,126.3772400778268,46.2153,41,105.97595,42,1.98232,-0.2549673656455985,-0.3834219595137554,0.27080526536110583
3765.0,7.670416826051795,123.93612522339194,45.37405,41,117.32341,48,4.23276,-0.2057828306627372,-0.3764770527738223,0.2705093006247576
3766.0,7.682041141804163,136.10467747444824,43.06782,41,121.91905,4,2.67892,-0.2404954080129328,-0.4102176008961588,0.2696912611534397
3767.0,7.683971563838252,144.86868091908326,43.58788,41,107.02074,17,1.44333,-0.2674301062083391,-0.4357672758646114,0.26955577065820996
3768.0,7.689739632878052,141.9291543282648,44.55552,41,116.63212,6,0.86188,-0.2801530168827855,-0.4274047339878511,0.2691515350830008
3769.0,7.707213337672178,124.37328811881648,44.119,41,115.72326,33,0.19902,-0.2285591218744708,-0.3766345514836708,0.26793248407581316
3770.0,7.700410299951941,118.10263900940762,47.98585,11,109.94482,23,0.68211,-0.23901064306457,-0.3593448784846995,0.2684061107772541
3771.0,7.736991027566597,114.87549957846085,50.35309,41,114.46837,17,4.05549,-0.1873191045188209,-0.3509176881973202,0.2658740463783855
3772.0,7.792010860558747,117.35000013509742,50.25729,30,115.3181,7,0.19933,-0.2340927106841537,-0.3596022514496377,0.26213259886291335
3773.0,7.7885615048628996,106.88940361900563,51.19579,5,121.52378,37,3.72211,-0.2499097953003089,-0.3315780495190124,0.2623648339921976
3774.0,7.790851427800254,106.49246551555106,48.70521,5,117.3421,32,1.29591,-0.254305879648195,-0.3310347070471792,0.2622106256973464
3775.0,7.846164850990609,94.74021428236868,48.4913,10,117.46164,16,0.22806,-0.2196489611777353,-0.2977519899682077,0.25852662372096574
3776.0,7.8656368860866115,73.01366518032049,48.05012,10,116.62932,40,3.42859,-0.1364739653141543,-0.2366158778761561,0.2572481999969965
3777.0,7.842641265254931,84.74986616590138,49.48267,38,120.66631,33,0.95813,-0.2024712173778,-0.2700092661942497,0.25875898048167706
3778.0,7.891488502545483,76.33723877369368,50.0088,2,115.24376,42,1.57296,-0.1756477425447433,-0.247069470131173,0.25556552909999264
3779.0,7.874609473445963,83.65332724798256,49.99053,2,109.23603,40,0.83379,-0.2060087599217208,-0.2676869169437701,0.2566622999733016
3780.0,7.922170220263125,81.13117590057357,50.35228,2,117.02247,40,0.92004,-0.1529673810574103,-0.260533425027878,0.2535898064985486
3781.0,7.941708381404802,86.66860598965789,50.82989,2,117.67803,21,1.7812,-0.170846996657727,-0.2767118437267528,0.25234357998786056
3782.0,7.929790419681667,99.63589878160514,50.94395,2,107.99144,26,1.128,-0.1802550943956324,-0.3106374583990279,0.2531026621193503
3783.0,7.936370809590791,104.43562641086578,49.12468,31,111.39941,20,2.94466,-0.2062066243155874,-0.3253386827233347,0.2526831192908649
3784.0,7.923296963676008,100.01440026494066,50.32616,31,118.67508,24,0.46069,-0.1591664959552637,-0.3134454966048202,0.2535176874478565
3785.0,7.927675795135805,107.6931776468736,49.09774,12,120.56957,17,0.19716,-0.2233226840218942,-0.3337714737251648,0.2532377050998035
3786.0,7.937851995743371,107.1817850135388,51.12953,12,117.11742,35,4.68139,-0.1825947587827563,-0.3299756220623511,0.25258882783306835
3787.0,7.941557092930976,100.4909512350552,50.01217,31,118.71702,16,3.37821,-0.1874677462828461,-0.3122542707486774,0.25235319448493876
3788.0,7.9325526414745715,100.85914281295774,51.22113,31,119.29865,18,2.04677,-0.1860191292160981,-0.3128160892605821,0.25292642528910286
3789.0,7.951868115739601,116.17998707936064,52.24198,31,119.80211,18,3.50721,-0.2526876713171525,-0.3563114140157713,0.251699176457006
3790.0,7.939991328427526,118.4152949425189,52.20396,41,119.32922,8,1.54151,-0.2104284864945944,-0.3602173991350981,0.2524527322847318
3791.0,7.92966703582884,131.44358404815432,51.35688,41,117.52458,33,4.14737,-0.2341790665867146,-0.3953391899200711,0.25311053862272137
3792.0,7.942581710816285,130.43486684584803,48.7343,41,113.66572,14,0.16734,-0.203476792491718,-0.3914528421790567,0.25228808998163943
3793.0,7.956439592676625,139.18176535447932,48.03067,38,116.38325,32,5.50312,-0.2245867515829404,-0.4177012747669911,0.2514100254089669
3794.0,7.9457903417601425,139.8715084830083,48.37,12,120.93149,32,3.34291,-0.1722959846007812,-0.4197741679459749,0.2520843755886352
3795.0,7.933253047265499,131.96537271345534,47.21319,38,118.65068,43,1.62113,-0.110455187345812,-0.3970662467518139,0.252881766859126
3796.0,7.945253382154867,147.41685704523178,49.48507,44,112.26192,46,0.12093,-0.1534185782016937,-0.4407018430821823,0.2521184496940794
3797.0,7.9783839718535,105.31889081590174,49.00074,41,106.62353,8,0.10944,-0.0237154323406385,-0.3201006427628702,0.2500289312680435
3798.0,7.998741176125458,129.32025430253452,49.18657,38,111.11812,25,0.43343,-0.1322512032735701,-0.3872813867870736,0.24875787801080604
3799.0,7.998499663192677,131.24860808913252,50.51926,38,109.61668,18,1.66094,-0.1246040144112931,-0.3919172871689036,0.2487729006161009
3800.0,7.98864504627393,118.68741795434386,50.21925,38,113.19812,32,1.05603,-0.0784615213410291,-0.3573849733912089,0.2493870407405898
3801.0,7.985966441044785,111.30260572614996,50.99255,38,119.07597,32,8.39628,-0.0683472686968271,-0.3366434618636376,0.2495543646246082
3802.0,7.957750118031285,111.66757233147813,49.94663,4,111.85047,24,1.54068,-0.046644393731511,-0.3388123152477316,0.251327225100433
3803.0,7.984318368441704,109.212863277634,49.54842,4,113.7904,9,0.52075,-0.0139779371481408,-0.3322279116168258,0.24965739813094653
3804.0,7.996987302049642,98.4346520767442,52.06107,4,112.21859,9,0.51676,0.0250352128698576,-0.2997918762224626,0.24886700356516578
3805.0,8.029266034809398,91.25459071297207,52.03015,28,111.52799,12,2.47137,0.0324642366516611,-0.2796624476667669,0.24687006776305903
3806.0,8.040106731868548,88.31249024280612,52.25809,13,119.74826,41,0.75791,0.0242990562415359,-0.2697761156535365,0.24620479316401694
3807.0,8.057811983679855,85.3729739968874,51.14882,2,115.13757,9,0.55285,0.0693764177962955,-0.2638766532797173,0.24512402116974016
3808.0,8.071069679931432,89.25930572271903,51.79778,33,116.4667,35,0.2748,0.0687379448440105,-0.2754216800171102,0.24431939158045612
3809.0,8.080239078211411,87.48909209118591,52.96257,42,123.61143,47,4.42874,0.1354161886970071,-0.270750685162669,0.243765202361398
3810.0,8.081835499693797,87.56835805165113,52.92405,20,111.22009,47,2.51883,0.1843688707904225,-0.2731629032573092,0.24366890899568247
3811.0,8.090821587127964,73.94277010477643,54.22356,2,111.75931,32,1.25323,0.1789922424815418,-0.2327362626255961,0.24312794683526767
3812.0,8.099851685403765,59.76422852965947,53.01911,2,117.46782,47,3.98539,0.2501518797210817,-0.194344173140308,0.2425861479154384
3813.0,8.126954935970495,52.02521568538984,53.71052,20,119.13435,19,3.67679,0.3033819845086342,-0.1725754746291383,0.2409708049831806
3814.0,8.13371177202108,47.188961076054625,52.4524,46,118.45747,44,4.98157,0.3404673436732655,-0.1581436299273815,0.24057061280063924
3815.0,8.16342042707203,42.029577431002,53.61075,46,118.85453,48,2.02361,0.3218190674247151,-0.1432863877123354,0.2388228100178769
3816.0,8.147624035988981,40.866220391719935,52.52061,46,109.7959,40,3.54263,0.298152954722064,-0.1369251706190012,0.2397497540048001
3817.0,8.15897944598796,35.75943575815742,54.09111,46,112.52788,16,0.14782,0.3622878927927551,-0.1241564663827042,0.23908286612814586
3818.0,8.138917052604626,27.371032974359835,53.57569,13,108.64346,36,3.73574,0.3906292523670597,-0.0997345736318472,0.2402629951914047
3819.0,8.153041264122207,20.428746519454194,53.36911,20,115.93682,19,1.15758,0.4135388697965028,-0.081197855839069,0.2394312599390479
3820.0,8.171942982498635,11.190567602519865,52.87488,20,112.70181,35,2.71132,0.4072648502657324,-0.0559174081551853,0.2383249310468305
3821.0,8.166157232915138,0.2341744647518027,50.31727,30,118.67194,44,2.25792,0.4662300192800364,-0.0288240947039572,0.23866275869444953
3822.0,8.136487588327729,-174.89156832800006,53.06619,20,120.27639,27,6.03986,0.4844403729421452,-0.0151408980612792,0.24040649630345987
3823.0,8.156973448188975,-169.00321565123895,52.30314,20,116.4524,48,9.47871,0.5019945749094284,0.0006091094194701,0.23920047314964224
3824.0,8.137360292680333,-175.3271164608452,53.52766,20,117.43116,27,1.59239,0.4761857789802616,-0.0158537964725811,0.2403549335023059
3825.0,8.143832221703764,-178.71557181198915,51.16492,20,115.9134,11,2.34392,0.4646012943134391,-0.0239199285128681,0.23997306365933938
3826.0,8.141377724169846,-169.2072467528937,50.4574,46,113.2957,7,1.60443,0.5134659037505154,0.0001111419020598,0.24011778169160528
3827.0,8.161213011666655,-151.4339898669353,50.83981,20,112.95631,38,2.75238,0.5158961992096766,0.0510581625002884,0.23895201935091614
3828.0,8.115165873023338,-158.5693682847529,52.19986,20,115.52384,6,0.53724,0.4943782756836682,0.0318614344996603,0.24167143969372606
3829.0,8.15963429210556,-177.31535313651682,51.36061,24,121.16992,47,3.73665,0.4686815434054921,-0.0189260744132867,0.23904449278967158
3830.0,8.170468403098825,0.8654954363497467,52.74013,46,115.71305,47,0.48075,0.4392482850257057,-0.0282566669569783,0.2384109630168043
3831.0,8.195116078885029,-176.91758252362143,51.39323,46,114.79691,15,2.52627,0.4506490380138143,-0.0169858501327888,0.2369790273849495
3832.0,8.165761704597989,8.476979005436434,50.53224,46,114.03184,45,1.32477,0.4362311452417984,-0.0491490577321162,0.2386858796644023
3833.0,8.171390017297322,-176.35426965095792,53.03896,30,116.1578,15,0.97015,0.473890281104156,-0.017407554112432,0.2383571874566243
3834.0,8.156689716988334,-179.96695909757312,53.26754,9,116.00823,23,2.12461,0.443902602588054,-0.0270101631207888,0.23921711465991272
3835.0,8.179378386981542,0.8765852229363986,52.34942,30,115.49991,13,3.39534,0.4467404464870513,-0.0282668377856213,0.23789183289540042
3836.0,8.168565379906143,-174.8064448333849,52.13443,4,116.55681,18,2.18752,0.430896728150587,-0.0120713292443613,0.23852206072371593
3837.0,8.195899195225492,3.102299781904918,52.05891,4,113.42338,23,1.4044,0.3811726833181167,-0.0331807552620487,0.23693374296206793
3838.0,8.194196142194212,-178.73665335774865,54.92806,30,120.49868,29,4.30458,0.4025236749116664,-0.0230155386050259,0.23703224015551796
3839.0,8.211036438782882,-166.69150174929212,51.74678,42,118.16334,41,0.43846,0.4508320175687041,0.0090003104667185,0.2360609620703036
3840.0,8.20111777284539,-178.39030023273077,53.10381,47,116.78169,6,0.21743,0.3871788998248051,-0.0201638158363,0.23663230509267894
3841.0,8.251656916777142,12.150572693923776,52.83016,3,119.93418,13,1.89673,0.3138747386874895,-0.0573730142680419,0.23374256528694481
3842.0,8.221188313009113,15.28167661281546,51.38444,12,115.3962,23,0.1378,0.3187926873171313,-0.0648359551081772,0.23547832572159344
3843.0,8.261208556581437,28.200067265613782,51.98598,12,116.03687,13,1.66005,0.2994669280970465,-0.0998992350115767,0.23320236972336322
3844.0,8.23863773067891,24.296755806872586,50.55051,3,122.80996,13,0.1415,0.3334850219914465,-0.0892767880479871,0.23448189684394327
3845.0,8.224118076479723,11.401781353613371,50.01123,47,118.89808,28,2.75864,0.3315828374532453,-0.0538211331335783,0.23531058179914177
3846.0,8.248393232268187,25.55412546332778,51.31004,22,111.81057,5,5.14916,0.2684880862879507,-0.089425486321399,0.23392757414641685
3847.0,8.22510907140826,20.200351374269346,53.07208,22,113.52098,17,0.56087,0.281198437898991,-0.0754323387695587,0.23525388284397186
3848.0,8.216956387198952,26.85071685378007,53.42337,22,118.12725,36,1.60926,0.2798728805374341,-0.0938596252443115,0.23572094193488607
3849.0,8.239952639582965,24.574483336384503,54.90471,24,121.68447,31,11.43735,0.2708572372785305,-0.0859319688598484,0.23440706686691037
3850.0,8.29125310030325,26.63936670809514,53.96046,22,118.46613,36,0.44788,0.3072196558740986,-0.0923268321823101,0.2315153474470304
3851.0,8.271751563153158,18.682247679701888,54.74596,10,113.68316,17,5.71633,0.3185466926658966,-0.0690104700345223,0.2326082785632335
3852.0,8.25600997555585,8.950066890201967,51.02474,34,118.24283,36,2.07465,0.3659352130519607,-0.042984297781085,0.23349614434344731
3853.0,8.279403057533239,-175.50297057087718,53.34647,34,115.28495,4,3.13,0.3866481016790266,-0.0059649610000108,0.23217854262375237
3854.0,8.308855647545348,-145.0640833619809,52.76077,13,117.02768,17,5.50674,0.4692546202315958,0.0768493294512831,0.2305354428160208
3855.0,8.315368685914507,-127.25986645584136,51.93493,10,116.92711,20,2.57623,0.4601615333593392,0.1248624745808694,0.23017444904187978
3856.0,8.32696425934475,-119.24187569145568,51.74189,13,120.67614,16,4.98818,0.5226728564891517,0.1482264688821592,0.22953384430194393
3857.0,8.308578229397527,-139.74951140141843,52.26145,10,119.85064,16,7.57656,0.4434303441306741,0.092706784089916,0.23055083793694067
3858.0,8.331025236640011,-153.39569676473215,51.18869,10,118.32917,46,4.82485,0.4301810998207313,0.0544271043564803,0.22931012524723882
3859.0,8.296854967332207,-150.94888507141638,50.15387,15,118.76674,48,2.23595,0.4877613816103902,0.0612374189360905,0.23120282411853357
3860.0,8.303408714254084,-154.75330900276117,50.58371,13,124.39848,48,1.00006,0.460661482785214,0.0524623739760283,0.23083799881127756
3861.0,8.298759565976704,-155.5433816200359,51.9498,13,119.23444,3,3.39259,0.3812908449687296,0.0509638252517652,0.23109671234338564
3862.0,8.315835537648136,-149.58002035386755,51.72503,15,120.56784,3,3.45028,0.4124487265876709,0.0676000444468506,0.2301486057399642
3863.0,8.35111768584358,-144.92578968729634,48.25604,13,113.97438,19,1.28701,0.4195606165051025,0.0792559885404716,0.22820803098737383
3864.0,8.355466910075599,-132.31556626383997,46.55807,13,118.00826,17,2.26809,0.4424600496010083,0.1140422260655959,0.22797051713171348
3865.0,8.347164516765805,-135.6002260419808,46.74632,21,112.39255,19,2.83447,0.4301641575114375,0.1040251125115256,0.22842423819280522
3866.0,8.343420687009305,-115.93518659280268,47.04783,15,118.68994,29,3.89596,0.4918647391345115,0.156538753222653,0.22862927959227827
3867.0,8.335837806349787,-104.55623395667185,47.31431,21,113.26874,27,0.08002,0.5067380925295656,0.1875956057108513,0.22904542422412666
3868.0,8.322008611208314,-114.1546905686123,48.49317,10,118.6905,38,0.39769,0.4659280188548788,0.1589954730189971,0.22980729454716267
3869.0,8.352095977467375,-111.83101703495656,48.31004,10,112.91509,45,0.13928,0.4912664276132102,0.1652122376971135,0.22815457352453164
3870.0,8.371381548719754,-116.80386620799791,49.66029,2,113.37696,35,1.72503,0.4576755294140555,0.1510409240269034,0.22710456214868596
3871.0,8.388428817280282,-101.20587254162768,49.39359,21,116.48415,35,1.21821,0.5258004611671383,0.1941460351625112,0.2261824398698515
3872.0,8.395816524724705,-89.40594587927104,47.07673,21,108.77909,9,1.36891,0.5992615123073808,0.2260223758842323,0.22578456682818812
3873.0,8.37826378677428,-101.68110929563976,49.24281,43,108.18425,8,7.46517,0.5577065679854912,0.1894934177243807,0.22673161000735426
3874.0,8.367049350959444,-95.29649630721102,50.75597,40,121.71557,37,8.73959,0.573619325664314,0.207921997792659,0.22733979838089816
3875.0,8.375539353746815,-105.78854077151632,50.6573,40,109.36041,18,0.70043,0.5336509056647835,0.1787242763914729,0.22687913854901545
3876.0,8.396412223575181,-90.7983455178056,49.77415,36,112.77274,38,1.84268,0.5954221445195873,0.218732589385488,0.2257525305650383
3877.0,8.391386723680453,-95.72149264877471,50.56384,14,112.47654,37,0.34321,0.6509805836067379,0.2032493654709169,0.22602301244864104
3878.0,8.373931466334204,-86.63726868403846,50.82931,40,117.69273,7,3.75653,0.6981653517958579,0.226514029750324,0.2269662735190034
3879.0,8.391271392633843,-74.17184902674032,51.92229,40,116.5402,25,3.42593,0.7412464123218174,0.2604933670026321,0.22602922548800103
3880.0,8.402486503653671,-83.3393421117566,51.0326,2,118.01636,8,0.29754,0.676407859095717,0.2363229129064105,0.22542624894879448
3881.0,8.379801505459469,-66.67634176820019,49.75885,17,118.58432,8,0.33913,0.6817761103449882,0.2834950251633904,0.2266484057825534
3882.0,8.389130382650109,-69.39414466835056,48.70334,23,116.62945,37,1.71859,0.6807148024933287,0.2752951343927374,0.22614461112605413
3883.0,8.386752747118472,-75.18598636770636,46.05553,17,114.21782,31,0.37489,0.7072564214508646,0.2567636599542202,0.22627285281771087
3884.0,8.358081718623172,-81.67150253284751,48.29889,40,112.55916,35,2.26652,0.7004629156392653,0.2377360666171187,0.22782789923620905
3885.0,8.339341538809174,-85.51034903961751,48.56336,2,114.13402,28,1.15649,0.7037343743472405,0.2260048926864355,0.2288530000866321
3886.0,8.3090360219368,-75.04029854735603,48.93442,2,116.50821,1,0.20338,0.7198351397168419,0.2540865620498604,0.2305254338959119
3887.0,8.295203838925584,-84.85948989029926,50.38169,17,120.21426,13,1.1038,0.6871035154748093,0.2263721177500233,0.23129487334372406
3888.0,8.274720956687492,-82.69140532242054,51.45281,2,114.87934,13,0.81782,0.6650153181464205,0.2324969443688045,0.23244136499798787
3889.0,8.266957758353444,-82.66601129219565,52.48963,17,118.17683,42,1.04033,0.647838972368941,0.2334789573752298,0.2328781243803137
3890.0,8.288791988333791,-96.25415810454932,53.96714,2,119.5487,26,0.01973,0.5805580537848265,0.1969663569252487,0.23165285114695658
3891.0,8.299278982011279,-96.6665338902176,52.90525,22,125.17781,5,2.22126,0.619829484793114,0.1944217909527791,0.23106778655791874
3892.0,8.315632766074181,-98.7256497253439,53.16825,14,112.58547,37,2.09498,0.6331069943954203,0.1869905307675508,0.23015982994029205
3893.0,8.301098559259414,-95.49073006800724,53.44736,14,114.72941,5,1.14588,0.6598104106327635,0.194489626006052,0.23096649885390083
3894.0,8.330916249228475,-103.73422849715872,54.96147,48,112.30864,30,0.15484,0.669238550248763,0.1702260047500774,0.22931612508680455
3895.0,8.330180125943246,-114.73981626958714,53.06046,22,112.31349,4,0.73111,0.630429923948261,0.1399790155274983,0.22935665539834632
3896.0,8.330713860030443,-106.56794416558874,52.36028,22,115.08307,35,0.2827,0.6464483790537607,0.1637232493406714,0.22932726739014023
3897.0,8.329458063130339,-93.00620334418925,49.65733,14,118.93483,25,0.28029,0.6714296944877269,0.1992217468731854,0.22939642199268756
3898.0,8.296064540347265,-85.7855143434701,50.12247,14,117.40476,9,0.67636,0.7002252776604578,0.2184291507099086,0.23124688299879095
3899.0,8.287732769364112,-77.71047672867965,47.85556,14,115.41275,26,0.28613,0.7205320471508205,0.2415210757585261,0.23171206801145944
3900.0,8.296496139044619,-73.8021787511171,49.8445,33,115.64753,37,2.71593,0.725247983358847,0.252604952017869,0.2312228238644874
3901.0,8.282266309294723,-80.8084112107495,53.13968,19,108.89079,30,1.04017,0.6867488850302143,0.232567210366462,0.23201803807457985
3902.0,8.304816084756505,-87.37718819226141,48.81416,19,114.016,39,0.80353,0.6025834208049586,0.2157643641359266,0.23075976780418142
3903.0,8.32163732511422,-72.16115736892053,47.41849,19,117.46177,34,1.35582,0.613278410106831,0.2592786382390036,0.22982780160674895
3904.0,8.27840718338132,-65.21142733914289,48.08689,12,118.27669,37,0.16171,0.6348785861889515,0.27804526454198,0.23223440711840018
3905.0,8.29519940071668,-68.1378139752718,47.61491,19,119.74705,11,0.66783,0.6575682494743622,0.269707316479502,0.23129512084476445
3906.0,8.290887776933294,-72.3138871038487,47.37728,3,115.38798,21,0.03277,0.6773818368155856,0.2569379539352175,0.23153575052872463
3907.0,8.263651076618423,-72.60560165859506,49.63852,3,126.14771,43,3.85556,0.6618507405099816,0.2566512807131847,0.23306453300306532
3908.0,8.242238056500993,-59.26070023347909,48.7215,13,116.81642,33,0.80115,0.7478190022615009,0.2935829629955525,0.2342770915858211
3909.0,8.251641559195889,-63.296107362245095,49.31212,13,112.82499,33,6.79114,0.6732222059415663,0.2831890755450418,0.2337434353498901
3910.0,8.247156001970476,-90.3472150258015,46.74299,3,116.81744,14,1.48089,0.5921471477767829,0.2069738734762877,0.2339977665840424
3911.0,8.2670151031724,-82.40225293748868,48.90543,22,121.57909,16,1.21732,0.6120516948817286,0.2278243677766541,0.23287489363562586
3912.0,8.257223614531608,-82.44215865839774,50.21062,22,118.48442,39,0.85458,0.5670051248579171,0.2274096542001018,0.2334275112994055
3913.0,8.259158506109632,-82.48537051989823,48.17526,48,119.8691,1,0.87781,0.5765458728480356,0.227368039301336,0.2333181529380136
3914.0,8.245621377418079,-84.10259163145794,48.29415,22,116.82376,23,0.55148,0.5754027739122431,0.2234003179379813,0.23408487515184945
3915.0,8.240386855342514,-81.98308385070368,47.5231,22,113.81915,23,1.37559,0.5562388162932916,0.2283030167171692,0.23438236400703094
3916.0,8.243901805832472,-74.95912020829292,45.70649,48,117.02442,29,2.27834,0.5745173856798125,0.245834509143529,0.234182539507939
3917.0,8.221727619047142,-70.01420888853988,45.9762,22,111.8207,11,2.47875,0.5047954519576239,0.2590638293758904,0.2354474342292838
3918.0,8.21875264020904,-75.90124031867906,45.76142,4,105.53772,36,0.86047,0.4930217620935541,0.2429370896482215,0.2356179170112118
3919.0,8.191035007235419,-101.47246704276012,46.67635,22,106.25759,36,3.12893,0.4053363597263218,0.1719090353566111,0.23721522935909162
3920.0,8.192903448501422,-118.68145521698968,47.62529,22,109.87302,44,0.78358,0.3360437483502273,0.1248419666876242,0.2371070449562286
3921.0,8.182062925824933,-143.39741576172315,49.37302,4,112.55055,36,3.49061,0.2683433129957228,0.0579103315912305,0.23773575365124494
3922.0,8.155928590009907,-120.9824090589916,49.83957,22,114.03338,28,2.77708,0.2950605976651395,0.1173217028844479,0.2392617651478212
3923.0,8.140755564209584,-140.2832302983974,49.14373,4,112.72828,35,0.60159,0.2157208938428319,0.0636861423067093,0.24015448525726113
3924.0,8.153420846977992,-146.41429395850827,49.64279,4,108.14046,27,0.35106,0.2045350421759703,0.0466572803815508,0.2394089669929181
3925.0,8.140713259592122,-158.15845580835867,49.40099,4,112.38487,29,0.59205,0.1233555045361602,0.0124035905479531,0.24015698127197257
3926.0,8.185756244090031,-142.14162743552356,49.19197,4,108.19963,48,1.64309,0.155567456776266,0.0539310058608524,0.23752127481857074
3927.0,8.13060763645822,-130.33915611865427,49.05207,41,104.58202,39,0.41557,0.1835453953772222,0.0849713243488455,0.2407543398673452
3928.0,8.103660921626812,-147.45009932882658,49.70898,21,118.13582,26,0.10343,0.1150044092459966,0.0375723028224896,0.24235813966943184
3929.0,8.108206184089362,-137.72491409803504,47.97349,13,112.64689,36,0.31126,0.0817142119076382,0.0624864023807595,0.24208649571516608
3930.0,8.105037871762413,-124.99600823091951,46.90343,13,116.91511,14,0.53908,0.1800337199623387,0.0974317259334234,0.24227579909769412
3931.0,8.104729016888875,-139.0783440003245,47.79358,13,116.01231,28,1.06178,0.1650864394427866,0.0594729852588864,0.2422942647334751
3932.0,8.086987039267333,-146.45523639869197,49.85665,21,118.1277,40,0.14751,0.1199404573961631,0.0391439910332522,0.24335856592033533
3933.0,8.083336141873037,-154.44816729940828,50.02209,21,118.26052,44,0.73646,0.1745816458576297,0.0171768150416505,0.24357844488668687
3934.0,8.07139681095714,-172.50815333530937,49.78872,1,114.09972,2,0.78269,0.1125584420702349,-0.0312412960386564,0.24429958761457907
3935.0,8.052050631528328,15.496713954418992,49.84745,13,121.70522,44,1.04954,0.0242586735978195,-0.0943469846770803,0.24547492583042443
3936.0,8.008071243945373,7.3332374401392,47.27307,21,114.53628,31,0.44694,0.0729170549547009,-0.0703356194553911,0.24817856852039494
3937.0,8.020976048259717,13.370984051126968,46.26338,21,120.26546,40,0.03161,0.0716306528963515,-0.0859822011780708,0.24738063084732662
3938.0,8.054828169118823,15.891260795753569,46.50223,23,115.33544,8,0.1465,0.0185382733093029,-0.0936712067449979,0.24530566131855636
3939.0,8.033709864618904,13.10201469333623,49.57295,1,121.09518,11,0.50695,0.0094396427625743,-0.0872585749929318,0.24659703197520452
3940.0,8.011247184788731,11.716609608180192,46.93416,23,115.65597,43,0.06234,0.0653510930571725,-0.0827336005239295,0.24798183405475982
3941.0,8.007782769253279,16.368916236238988,46.87896,23,114.68768,43,0.63113,-0.001155166862769,-0.0971467450432315,0.248196449756125
3942.0,8.022955128827986,12.15596822503936,47.55221,23,112.67169,47,0.60271,0.0041585899966943,-0.0870295799348053,0.24725859954920146
3943.0,8.043182264879665,-179.80541109232536,47.11647,21,117.96426,8,1.6617,0.0935153704902804,-0.053367320825295,0.24601654274927573
3944.0,8.02090370033749,16.63753782647032,47.81471,46,108.20331,30,2.28639,0.0662898271086455,-0.097630562544819,0.2473850935752253
3945.0,8.000614086923244,18.43928793302871,48.37936,21,113.96175,39,4.56468,0.0620453404449486,-0.1036343336848585,0.24864142525407756
3946.0,7.990776556756035,25.81744021598452,47.07785,1,118.51279,32,1.5905,0.0378877820363888,-0.1237262396007696,0.24925401231954947
3947.0,7.98385631767436,24.43005111020925,46.26504,21,111.33778,20,5.08768,0.0663872660460519,-0.1200048821822767,0.2496862958780375
3948.0,7.988087128928418,25.890948046119405,47.43421,21,113.7983,24,0.01081,0.0456794384630432,-0.123706758153602,0.24942187817099362
3949.0,7.970308769292884,30.73140734270515,46.41495,1,111.87523,44,0.42146,0.0033868466985903,-0.137728913204102,0.25053582682941455
3950.0,7.97667241887325,34.20007014591502,47.33467,1,118.33384,37,0.61201,-0.0247841426167304,-0.1487936356886631,0.2501362400933896
3951.0,7.968515619939443,38.221094900139946,46.91112,1,120.29189,44,0.90713,-0.0599121521826535,-0.161210492132529,0.25064859531085265
3952.0,7.99036857198779,33.98185784539835,47.46338,14,123.21375,41,1.65785,-0.0753444361649542,-0.1497321706325352,0.24927946657380695
3953.0,7.975932810985075,40.677458461037475,46.89835,1,120.82571,35,2.72962,-0.0836630183916658,-0.1686290760559572,0.2501826324886927
3954.0,7.955066746928975,40.73694251069779,46.87017,26,119.48841,47,0.6673,-0.0819693360129939,-0.1679703959953129,0.251496807073325
3955.0,7.980142760212579,26.78241749089663,45.81458,23,115.72085,44,0.57127,-0.0409602056183142,-0.130518301064048,0.24991873285989474
3956.0,7.968839677978523,40.21971825137328,46.43179,26,118.53015,20,0.66568,-0.0959960475289223,-0.1676055480076606,0.2506282101496374
3957.0,7.954376300146814,31.25864781600322,48.20825,46,117.0596,20,0.08424,-0.0717516736684142,-0.1435665046641639,0.25154046925144946
3958.0,7.917069688659623,40.3534135845853,48.8328,21,117.42106,35,0.16286,-0.1774278099250145,-0.1703461894739811,0.253916659619769
3959.0,7.910782975270353,39.75956821730986,49.96598,46,118.9282,33,0.72297,-0.1563973243042034,-0.1665999869110881,0.25432039602879913
3960.0,7.923940790657788,46.69860154307662,49.33564,26,119.88358,10,3.58929,-0.1933589444820708,-0.1854400658928802,0.25347649206265493
3961.0,7.860920928020421,54.13864904542166,51.70511,15,119.25683,34,0.90004,-0.2806366485278407,-0.2075014084425653,0.25755695151365576
3962.0,7.82511661278405,61.83595856676325,49.25053,26,116.16171,25,1.2138,-0.2764150360166731,-0.2285294073486222,0.2599192798628164
3963.0,7.825962988004792,56.91144504688981,50.65699,46,114.109,3,4.79507,-0.2481708882339586,-0.2148621187053998,0.25986306254046876
3964.0,7.785443910982115,51.163385176224864,51.16273,22,118.87337,18,0.54509,-0.2397533266465493,-0.198694212133201,0.2625749981855827
3965.0,7.768773279135529,56.569520665087225,48.88057,15,115.38249,32,0.59877,-0.2386512457979956,-0.2124762128346358,0.2637031010345756
3966.0,7.7633746514042015,46.13097463011994,49.20988,22,114.02959,6,1.42179,-0.2083473478413301,-0.1828605727324599,0.2640699852656649
3967.0,7.779645516325148,40.21288019893794,46.83619,22,108.22393,30,0.09353,-0.1773020449248521,-0.1674382455674136,0.26296655352058657
3968.0,7.772659621541176,42.51216241992557,47.73725,15,116.19151,6,0.91456,-0.112696430906005,-0.1713412738241221,0.26343946300513066
3969.0,7.777899616211861,46.19887629844917,50.27811,5,118.64907,3,0.46188,-0.1615101016157931,-0.1815245071324585,0.26308462263607446
3970.0,7.787641456587742,53.05243445642097,50.70667,15,118.44428,27,0.19171,-0.2048311170386998,-0.2009624967845713,0.26242683031634345
3971.0,7.790655821587,48.30909614289513,48.61697,48,116.96044,37,0.46393,-0.2502174985793204,-0.1897826299374611,0.2622237929255315
3972.0,7.821543082606552,52.80426087884388,48.93389,22,120.82594,42,2.59644,-0.2605755588399071,-0.2006316201063646,0.2601568395268563
3973.0,7.8091694185383105,75.93934095759877,49.32894,22,116.58927,9,1.25352,-0.3021203914312,-0.2644263816930772,0.260981932055557
3974.0,7.797755077238193,86.78015447030427,48.47801,22,113.76526,3,0.33009,-0.3321799965006972,-0.2951163143031836,0.2617465411251139
3975.0,7.780619548108823,100.55479914981424,47.87964,26,112.50326,6,0.83965,-0.339065296601828,-0.3327823439631944,0.26290071769683526
3976.0,7.780094550933841,99.43972133948162,50.46519,26,114.86628,35,1.36004,-0.3409513881220348,-0.3293977869325982,0.26293619973115323
3977.0,7.753492076918983,81.32658450523908,51.15136,48,113.23569,25,0.87915,-0.3364483047034146,-0.2786914600724512,0.26474357967308665
3978.0,7.759875406458362,79.22187006247253,51.26704,36,116.77505,35,0.9976,-0.3125144073000291,-0.2723176614666499,0.2643081988600411
3979.0,7.770583665337946,89.83112381397896,50.5214,36,116.67149,31,3.17611,-0.2539168232634523,-0.2986984775603459,0.26358024054854384
3980.0,7.726958561136258,86.70055404802591,48.39452,47,119.31261,11,3.30423,-0.2205781424487436,-0.2880422690851733,0.2665649014010139
3981.0,7.724169096121961,80.23762215819283,47.69651,26,110.45979,14,2.13262,-0.1755442488916337,-0.2688232698885636,0.2667574678045481
3982.0,7.7211262625207135,79.56836574042407,47.86947,26,110.11131,29,1.07417,-0.1502879641291734,-0.266008169590173,0.2669677631683979
3983.0,7.737679304835989,82.09997081376713,47.90834,26,117.44877,44,0.90367,-0.1242102015098828,-0.2734855059137652,0.26582674875422646
3984.0,7.740806540664102,57.46372789652776,46.52723,15,115.59369,1,0.17606,-0.0478663137137078,-0.2033198440424457,0.2656120075621034
3985.0,7.719460493146612,72.500908549846,46.59973,15,114.21617,28,1.80803,-0.0703668361768127,-0.2446823791246494,0.2670829926473
3986.0,7.719806104039591,60.58847910784465,46.6164,36,114.94669,48,1.82612,-0.0561636764935722,-0.2113488891854821,0.267059078905404
3987.0,7.689145454170973,70.05461385238223,50.22943,15,122.92745,13,1.92929,-0.1471211908691106,-0.2386794077394474,0.26919313405941375
3988.0,7.69501504139772,58.622440133000936,49.88115,3,121.87554,45,0.19954,-0.1446555072576709,-0.2064532557668248,0.2687826215501775
3989.0,7.655992193522366,49.230834917720045,51.3342,22,114.80517,12,1.27472,-0.1345370361539138,-0.1809143993930682,0.2715295924509241
3990.0,7.65877949241937,48.13998675238503,51.05025,17,120.48485,6,5.16649,-0.1783873332638903,-0.1800490579752041,0.27133199010056847
3991.0,7.632737715736828,42.46998490946402,47.42278,3,119.1466,20,1.46057,-0.1336129878061999,-0.163870824885268,0.27318663816422223
3992.0,7.6109494662891395,43.698458660875986,48.11652,47,115.85783,23,0.96391,-0.1619534384703229,-0.1676822629428186,0.2747530073958639
3993.0,7.592555969472429,39.865597395136746,46.05998,3,119.11372,4,0.0515,-0.1098072846260716,-0.1567929083692264,0.27608583655634494
3994.0,7.566032910595091,41.082854072298375,50.33065,26,121.89852,4,9.86639,-0.1693648214509971,-0.1621483089401136,0.2780248912508293
3995.0,7.539623445595595,29.29431641544832,50.17528,26,119.09162,37,2.9291,-0.1458081613478818,-0.1299429129415027,0.27997600941009326
3996.0,7.51782379959645,32.769031658083264,49.89328,15,123.04791,12,2.18856,-0.1349609260345504,-0.139134577159382,0.28160207225087164
3997.0,7.540041527276751,40.42096396464686,51.07712,43,119.37641,16,3.78805,-0.1619891274342334,-0.1602061983074821,0.27994496194302304
3998.0,7.521170477824859,26.04997710857515,51.11824,15,119.31776,13,0.0467,-0.1582097029225595,-0.1231095111552758,0.2813515203317941
3999.0,7.536790895298305,33.07761170617171,49.2561,15,121.90745,2,8.76243,-0.1263217283177141,-0.1401863989814683,0.28018649558779807
4000.0,7.56576904723988,16.062419890617704,51.79,43,113.13187,33,1.26683,-0.0512154700915095,-0.0940911511541213,0.2780442843513692
4001.0,7.573442496354984,15.668039969143509,52.77851,43,114.6604,5,2.01061,-0.0710410407882129,-0.0920422387827537,0.2774811381196036
4002.0,7.575278444229942,11.770485112529798,52.84877,8,112.05842,37,1.7082,-0.0825598925383209,-0.0818916148430449,0.2773466535127449
4003.0,7.593850767078496,20.081086580779996,51.19343,30,116.28806,37,1.39642,-0.11491071296017,-0.1034972836479002,0.27599169596408046
4004.0,7.610359686363881,19.20043860539263,54.52375,43,119.94782,47,1.21291,-0.1656576750989221,-0.1016919400972407,0.27479559410498094
4005.0,7.634861900230291,6.914298340678684,55.02532,30,119.55526,47,2.31967,-0.1422297123634588,-0.0681608143462104,0.2730346463921848
4006.0,7.609196489129612,15.42210452358944,55.92718,22,124.90927,2,0.11005,-0.1644334810841869,-0.0895067886272438,0.2748796150411919
4007.0,7.629920574983469,26.756172297241676,56.21156,30,116.31988,7,2.23012,-0.2091508623568086,-0.1200156210282623,0.2733884088856818
4008.0,7.628860417782587,4.66323426355072,58.44867,15,119.87213,16,0.41563,-0.1260360066069687,-0.0594098441251471,0.2734643979097622
4009.0,7.662289997813451,-173.23964158076927,57.7465,8,120.71163,2,0.41163,-0.1131201641742186,-0.0286775060708188,0.27108342362327975
4010.0,7.660796423030936,-170.53240519734783,58.27988,15,124.70304,5,0.9994,-0.0918464475275459,-0.0204393260769139,0.2711891366097205
4011.0,7.638936149184729,-162.0129715488448,58.55957,4,119.08679,2,0.34519,-0.0487463905386733,0.0027384420641411,0.2727434764054208
4012.0,7.611245282663632,-160.91605233364947,57.80421,38,121.76448,31,1.50586,-0.0303985781752431,0.0069582690198819,0.27473165087506407
4013.0,7.596088068706523,-179.85718928000924,58.51699,41,117.5934,31,0.53785,-0.0610825033609519,-0.0442942242603224,0.2758291423624457
4014.0,7.5740475517605,4.357772916424622,58.95152,46,116.33937,23,1.99253,-0.06276672738285,-0.0554388551478493,0.2774368065372187
4015.0,7.551097763530032,4.885378393055348,59.40834,20,116.95394,18,0.02284,-0.0765256970848512,-0.0562609576926061,0.27912577728924964
4016.0,7.5177251577425315,-172.41030335594172,61.79853,20,118.20358,13,4.76844,-0.0751557402719915,-0.0239276987944649,0.2816094622344453
4017.0,7.520573454439998,3.2032260414229654,58.34811,45,120.79491,16,1.59826,-0.1196195428695578,-0.0531528954615006,0.28139619248487846
4018.0,7.52076826014266,-173.3890489525253,62.34963,24,114.75372,19,2.1093,-0.1121186159030507,-0.0260295202759806,0.28138161501854675
4019.0,7.523418446025459,-157.8119751222894,59.52362,45,119.98338,7,0.25079,-0.0611887296726992,0.0164833793296325,0.2811834119683546
4020.0,7.53973983539374,-153.88271290869247,58.82995,15,120.61591,25,4.36425,-0.0105658689691403,0.0285581031434591,0.2799673655840683
4021.0,7.489285444695489,-143.00104258987506,60.29705,8,114.93171,16,2.4865,0.0443247818510839,0.0583960656133175,0.2837522831449677
4022.0,7.463888192535819,-132.89222989090763,62.03656,5,118.14197,16,2.65982,0.0606505862206319,0.085505892368646,0.28568660715105576
4023.0,7.469760933734845,-128.83485502797205,59.59671,27,117.15038,34,2.58805,0.0285941803446608,0.0959881571982592,0.28523756895768737
4024.0,7.463241127961055,-136.4286535054345,59.41112,27,116.46847,7,3.71038,-0.0447753572394107,0.0748427952249909,0.2857361474763387
4025.0,7.468627450350082,-141.80738773758569,56.86397,22,118.41135,28,3.77726,-0.0399309298007822,0.0613009513389807,0.28532415423219837
4026.0,7.485112267177489,-131.88205725400448,55.07117,41,113.51909,21,0.25516,-0.0192621019842234,0.0884194713426899,0.28406877238543543
4027.0,7.473587512194512,-121.3692216524776,57.12238,48,117.83467,19,2.05147,0.0242456706154589,0.1175970180291182,0.2849455527049386
4028.0,7.501451504641127,-124.76527988016366,54.78421,8,114.99582,13,1.46511,0.0162424405609073,0.1078282337275939,0.28283263502334527
4029.0,7.492848881034199,-112.39118412569366,54.51912,38,121.20822,6,1.87078,0.0819820243974744,0.142729780895743,0.28348245446525
4030.0,7.505893483658077,-96.46693836755308,54.00126,8,116.23472,13,0.87329,0.0773781496473703,0.1841105500900945,0.28249797403100907
4031.0,7.52284717991257,-84.35320984231025,50.87957,8,122.5636,6,2.38529,0.0713628091334676,0.216814312664512,0.28122611831340266
4032.0,7.50818035415718,-79.8491882078164,48.49087,1,109.72174,37,0.00782,0.0538400759772283,0.2280261101331911,0.28232591159609427
4033.0,7.496384377304202,-95.2882086229294,49.69578,28,100.11386,42,3.56047,0.0323728161570646,0.1863651559465601,0.28321512163767515
4034.0,7.472796777145137,-97.73672948364433,47.8765,8,115.18968,29,0.3693,0.0347546742693926,0.1785910824481666,0.28500585900346437
4035.0,7.517427552186948,-97.7599602819015,50.55972,22,109.70352,27,0.57375,0.0209409630694042,0.17921536037845,0.2816317598086677
4036.0,7.505003981466283,-93.02580413245272,49.9206,28,107.87262,29,1.18928,-0.0087342397839037,0.1925917529522063,0.28256494200567134
4037.0,7.509076410169938,-91.83703690390558,50.97374,28,115.4434,3,3.55526,-0.0537578993061911,0.1950135097104547,0.28225853587028754
4038.0,7.509575441189925,-88.78118562026278,51.60214,28,117.48319,27,2.35447,-0.03975606306703,0.2026186250253483,0.28222102347400346
4039.0,7.468004387256403,-89.61692717327429,52.85725,28,109.0686,13,0.1676,-0.0346162740692813,0.2002063804760156,0.28537176597878805
4040.0,7.459355430968591,-90.23462514025744,54.55875,43,118.69776,16,4.14961,-0.0211928204302073,0.1978977897557166,0.28603391402775
4041.0,7.47662919066452,-100.47814041362358,54.58909,34,114.39075,33,3.12136,-0.082994866854664,0.1707380110181889,0.2847137540078116
4042.0,7.436462263587625,-105.3818299397405,56.41585,17,113.50192,16,6.22137,-0.0996626808732984,0.1566715457174805,0.28779773703853045
4043.0,7.447625543842727,-110.79141529211614,56.99578,43,118.382,36,6.31388,-0.1226312573643876,0.1399704866134769,0.2869356209289147
4044.0,7.4605232547378755,-119.23052884818809,55.72793,43,107.23765,1,0.13582,-0.1202783695856221,0.1150921971081038,0.28594437310731635
4045.0,7.440521838857339,-145.34213702677616,54.86289,43,110.52901,27,0.75549,-0.1892442050870177,0.043498616141856,0.2874837757662018
4046.0,7.44132449566009,-148.26500390167638,55.19276,22,114.96696,45,1.86653,-0.1457831424112233,0.0372391408832707,0.28742176036464484
4047.0,7.387648548968014,-155.79835870628983,57.65633,43,117.21152,29,8.24659,-0.1905306861938149,0.0165706983979423,0.29161353552988367
4048.0,7.393367662075506,-152.97440803537006,56.70878,42,109.80792,8,1.40739,-0.1687570826805155,0.0244032703683296,0.291162556809359
4049.0,7.3556700181906525,-170.02931867644128,58.21739,43,111.53399,33,1.29462,-0.2201588173628656,-0.0222379524763078,0.2941546074570255
4050.0,7.346818318731023,-161.35215916108405,60.08514,21,118.75356,23,0.53503,-0.263453480635369,0.0021842300754481,0.294863849640944
4051.0,7.310819684319016,-169.31529870026628,57.60904,17,119.44704,6,1.41566,-0.2946875597287574,-0.0200547182433994,0.2977748308661109
4052.0,7.31566598146406,-174.39124669511267,56.37089,47,118.56462,38,1.95332,-0.3092442561996197,-0.0334726555717431,0.29738043688464266
4053.0,7.312493950136829,-174.26488715274314,55.51086,42,109.89385,32,3.2931,-0.3114337359203504,-0.0338580062278447,0.2976384896534599
4054.0,7.311362798263493,-175.42434303032945,54.3353,3,113.30618,23,4.40092,-0.27996826820202,-0.0359358944044959,0.2977305929693898
4055.0,7.317455158730605,-176.687963378673,55.52433,22,111.91909,45,11.08453,-0.2752179259820604,-0.0399266627774178,0.29723503079512675
4056.0,7.344457169437152,-174.68963441559916,50.12723,3,117.47786,13,0.46858,-0.3179305501314684,-0.0348298175599214,0.29505347004905236
4057.0,7.357002743306707,-171.04968089708763,49.08171,21,120.90605,23,1.7752,-0.2857561317537514,-0.02464411120068,0.29404804457019146
4058.0,7.373598830820645,-179.48961018580732,51.37212,41,118.50097,28,1.52081,-0.3003905805297542,-0.048517485323672,0.2927258800958008
4059.0,7.365805730248328,-168.17475216109136,51.2923,21,121.5697,32,0.37699,-0.2571487878400413,-0.0185032196613877,0.2933456219398098
4060.0,7.364554686151144,-179.15315572963567,53.34533,10,117.3352,26,7.46398,-0.2436655740333612,-0.049412782458316,0.29344529381278334
4061.0,7.384204584138814,-170.68775233985536,53.07011,41,116.13854,44,0.35229,-0.2139280389253064,-0.0278256618742152,0.2918856138427356
4062.0,7.388417611466824,-179.5809100889785,53.14559,10,114.05714,6,3.46448,-0.2934426922374551,-0.0506217045786678,0.2915528304170975
4063.0,7.420212134173128,1.3051154986011824,52.94209,5,122.44352,46,1.56002,-0.2880723559500723,-0.0556982012671785,0.2890596609260396
4064.0,7.395520470633416,7.528000586006925,53.46104,21,117.60127,38,3.81865,-0.3433552914221236,-0.0726689098853733,0.29099306880254616
4065.0,7.389071154504257,9.596728888133768,53.41536,21,119.56218,9,0.30065,-0.3783732321528162,-0.076387919048299,0.29150125860464465
4066.0,7.382156064277515,13.29345247658992,52.54353,21,117.98596,31,4.40491,-0.3856874846500597,-0.0863616331288987,0.2920476305852957
4067.0,7.373174290392191,8.919156504027256,49.11827,19,109.64948,45,2.90904,-0.3966999599077956,-0.0753657282313625,0.2927595908270136
4068.0,7.398499030526353,5.1601772411521125,49.18706,4,113.21422,6,2.69728,-0.3699582100867463,-0.0658638709570928,0.29075881431122186
4069.0,7.403108562812491,6.740056097946905,48.90357,27,112.22664,22,1.83225,-0.3820035847505982,-0.0688418274061866,0.2903968461258932
4070.0,7.436090998024092,8.292207289946717,47.85326,41,110.8095,36,3.7584,-0.3770277632511484,-0.0728198211870262,0.28782647580905274
4071.0,7.436997941124045,5.444362781832268,45.37216,30,109.22012,39,0.22533,-0.3435004897527284,-0.0648720510896491,0.2877562791191481
4072.0,7.452762228563534,1.5873627765614202,45.00676,30,119.69831,26,3.76704,-0.3264039060809544,-0.0537927423002533,0.28654022661854345
4073.0,7.457401897783524,-173.1262006172592,45.71223,41,117.39157,46,4.72608,-0.278167301260022,-0.029974339187301,0.28618379194476534
4074.0,7.467616919045898,-164.66094081431422,48.01098,41,115.17004,17,1.93603,-0.2889845298004861,-0.0082888925144885,0.2854013806088096
4075.0,7.4641893191047375,-151.9869824630237,46.77672,41,121.15768,2,2.32636,-0.2297730334201373,0.0256258115818926,0.285663556799888
4076.0,7.483254285011542,-137.15986415911402,47.9317,18,116.7006,6,4.1344,-0.2069797466233759,0.0657295342681058,0.28420985010770144
4077.0,7.46520042958318,-138.91504875928797,46.64217,11,117.58303,17,4.00801,-0.1964830431820745,0.0604770310948682,0.2855861796798
4078.0,7.471229668300801,-138.04503573630348,48.51207,30,116.99796,2,1.24383,-0.1648730260924223,0.0619627286737286,0.2851254329059091
4079.0,7.432994221402075,-122.27844646280118,49.7957,28,110.89229,34,6.12145,-0.1260297681829239,0.1056262210670623,0.28806635759863275
4080.0,7.433539734748604,-110.16813570516328,48.52355,41,109.90732,37,3.01937,-0.086474280018377,0.1375875314529382,0.2880240794156073
4081.0,7.443331202562519,-106.9183813436004,48.72546,19,121.19985,7,0.03394,-0.1104110988765711,0.1449863071646587,0.28726680461524584
4082.0,7.440172437583622,-115.93188978037588,46.33265,41,113.94911,25,1.6873,-0.1325536062951767,0.1192304962329308,0.28751077770919203
4083.0,7.436916089422794,-119.96183107541454,48.84784,41,113.67801,32,0.69105,-0.1965663661518363,0.1095355234788306,0.28776261332282177
4084.0,7.439232157985359,-105.18236697518434,50.00398,11,110.90049,26,4.00414,-0.1301583605174697,0.1500794306013751,0.2875834619856402
4085.0,7.455031159295063,-115.76774082550968,50.55647,11,112.05437,26,0.83085,-0.099977778946692,0.1199363256381698,0.2863658367394376
4086.0,7.468096305972865,-120.07145056983018,49.48004,11,117.1767,25,1.78715,-0.1041083594409593,0.1088981009114023,0.2853647412046179
4087.0,7.479283027339176,-119.7077786441954,48.49434,30,123.28996,3,2.83462,-0.100043117088921,0.1103783682323663,0.28451174273229535
4088.0,7.481986066865067,-116.73886288818947,47.56977,30,122.19202,31,1.93938,-0.137818582683848,0.1192763921379216,0.2843062070465965
4089.0,7.478834967002181,-116.92156034369722,47.18519,30,116.21101,25,1.24683,-0.0957870527911286,0.1183487280124888,0.28454583420417157
4090.0,7.509490673328335,-131.10692546350268,48.45533,28,119.96558,9,0.69974,-0.1157013321772405,0.0815681278135458,0.28222739498672533
4091.0,7.496629774048014,-123.45263371561325,50.14948,39,115.60403,3,0.19099,-0.0834622853722385,0.1034024543917321,0.28319658025755484
4092.0,7.471957656836565,-107.12912646983976,53.11116,5,116.18899,2,1.48831,-0.0065018116521701,0.1477635167838033,0.28506987639867887
4093.0,7.477627600378217,-91.63011185472524,52.64797,28,107.79041,29,4.33816,0.0644370379288675,0.1902202956342875,0.2846377293605273
4094.0,7.514530505132779,-100.28698221133448,52.58093,30,113.96259,35,2.9601,0.0649932228557204,0.1660411732966506,0.2818489544118399
4095.0,7.493461543416575,-94.14213116806268,52.93574,18,118.44095,25,1.44052,0.0708104522988873,0.1839818114943008,0.28343610153878357
4096.0,7.476146262319965,-92.21189381960372,55.83251,18,121.09339,35,5.07316,0.0547778604031645,0.1905032297506292,0.28475053787423693
4097.0,7.466544233291891,-96.51931193110424,53.68961,18,119.08982,48,0.56394,0.1068942087797179,0.1786117146140598,0.2854833912356577
4098.0,7.491909921633665,-92.21965555319788,52.60465,18,117.12592,40,2.0109,0.0848967025743444,0.1899996815168265,0.2835535165037256
4099.0,7.476394168255478,-94.27035853798984,55.54155,18,109.62262,7,1.90867,0.1039407962191637,0.1857400355259445,0.28473165439202885
4100.0,7.486032889110631,-101.3020110335186,55.10358,18,113.07958,26,3.89347,0.0558496432630003,0.1664826536272367,0.28399890791500826
4101.0,7.46488142799021,-73.56451022076601,54.76353,41,118.71737,11,1.36054,0.1319557796820262,0.2434083868538404,0.2856105884781705
4102.0,7.469149998170751,-81.58857325933609,53.73138,5,115.21242,19,0.93173,0.1310217758340317,0.2210212114890544,0.2852842326080261
4103.0,7.451912932855249,-69.25828579465934,53.73661,5,122.97591,11,1.3753,0.2082919672929307,0.2564210963259524,0.286605544411344
4104.0,7.442275790526326,-52.89830031621013,53.6021,13,119.34653,4,1.08554,0.2710393484276806,0.3034858745304869,0.28734828677191726
4105.0,7.459059383674791,-52.805273983101834,50.44678,5,111.44287,20,0.17211,0.3078987687310123,0.3030824927915024,0.2860566196377411
4106.0,7.472987108714799,-53.56686005824894,51.20452,41,107.04691,10,3.05417,0.37556497643119,0.3024149320133589,0.28499134140269256
4107.0,7.473352062455615,-45.9437051530249,50.14178,35,120.4142,19,1.08875,0.3803423665789653,0.3226220710213118,0.28496350754294764
4108.0,7.4433835274288995,-50.842830885931335,51.55383,41,119.99561,48,3.17411,0.3199955313209348,0.3074048645567966,0.2872627658217915
4109.0,7.443364127632321,-45.26351089011631,50.35904,44,115.01645,25,0.83376,0.3892297506404029,0.3236789781096238,0.28726426322172743
4110.0,7.453274774925614,-28.16411412227753,50.24397,41,117.59748,29,1.38776,0.3902690852198444,0.3705406974268887,0.2865008184106427
4111.0,7.4515940489228685,-7.334603794709679,53.20743,44,118.99303,12,0.48243,0.4205582245129862,0.4282498919989224,0.28663007496359943
4112.0,7.405945390543695,-14.626684845929702,54.18061,31,117.59826,6,3.90375,0.4259819079579186,0.4081478988407693,0.29017441725168697
4113.0,7.401773872046965,-10.101681713002025,53.27457,13,115.19537,27,0.37289,0.3947326595637918,0.4189857943571721,0.2905015845144884
4114.0,7.377566603252136,170.4322353748952,54.16793,13,114.18652,40,0.76863,0.4273749129634758,0.4751955755044845,0.2924110995154122
4115.0,7.389506732377784,166.51546626938753,52.31664,13,117.95223,40,1.54399,0.4615234297071097,0.4875065353241711,0.29146689426592615
4116.0,7.366665383573986,161.64701933219214,53.67285,13,121.24382,27,0.21061,0.4714566160092413,0.5006131806872326,0.2932771619752205
4117.0,7.391342526598407,161.74636632977695,53.83322,1,117.67591,18,0.55564,0.4855416657768052,0.4996369049962046,0.2913221284700599
4118.0,7.36870805081171,170.3891582295716,54.87,41,119.44697,12,1.89636,0.474591162043016,0.4745061967573096,0.29311458676856605
4119.0,7.3629287280426094,171.73003841301886,54.44993,41,112.31423,40,1.46592,0.5386833185481136,0.4703788566394905,0.2935749113752713
4120.0,7.380378235040015,174.11693568354588,54.06546,39,119.92389,4,1.15187,0.573320375499725,0.4637504721663728,0.2921883478588957
4121.0,7.342350937124763,176.5661404975097,54.09592,39,115.08492,28,1.01283,0.504388615770216,0.4550033190888675,0.295222772849421
4122.0,7.371796471350489,-10.432899187770076,53.56323,10,117.07247,47,0.11904,0.4723494366901108,0.4148267609151056,0.29286903699422145
4123.0,7.356103022139259,-22.372306347991596,52.61036,5,113.16904,36,0.25934,0.4694697187823686,0.3805802324392866,0.29411997869844525
4124.0,7.342095969604315,-19.47571705011589,52.53915,13,116.0092,36,1.6996,0.3989859250884324,0.3868386051407595,0.2952432774916013
4125.0,7.348608309646029,-23.00229816566413,52.64356,30,119.68335,9,1.11267,0.3430210752700987,0.3752115526466547,0.2947202199064486
4126.0,7.348187147618054,-43.61036994433385,50.54106,30,115.87434,40,1.3742,0.2594962684717228,0.3164575078051344,0.2947540047080941
4127.0,7.329830800303858,-43.44853353014396,48.97928,39,110.17494,1,0.2684,0.288418048339124,0.3179405082374796,0.29623217849264566
4128.0,7.302668650525813,-43.070133306925314,52.80785,39,123.4384,28,6.59412,0.2579802142699107,0.3178125233439223,0.2984399376637495
4129.0,7.292268572809306,-39.05339160412185,50.72295,39,114.8933,1,0.91155,0.2687588054546731,0.3285048529701446,0.29929180201844346
4130.0,7.330631631157958,-53.454375571093216,52.12604,39,115.76652,44,0.72402,0.2410392754555996,0.2871463552586205,0.29616745858246135
4131.0,7.326546556499676,-48.3853826506921,47.96233,39,122.76324,44,0.93202,0.3025605424379622,0.3011681111834711,0.2964978198144202
4132.0,7.289139034073005,-47.599956139716376,45.68157,5,117.80513,19,4.62953,0.3808112116375914,0.3047769132068271,0.29954885469761716
4133.0,7.264086161838493,-44.64764195371972,45.99261,5,112.07204,44,0.97297,0.4413577451548179,0.313377803013788,0.301618626485338
4134.0,7.230213737979928,-46.496221372860695,46.65387,5,105.74323,35,2.71418,0.4174172723558067,0.3063647156252863,0.30445131879903986
4135.0,7.229450037762845,-54.69569121122926,47.11427,37,115.5734,4,1.55767,0.3975957075348939,0.2823832900276621,0.30451564508053947
4136.0,7.249497395114563,-51.60688296895163,43.08407,37,112.88328,44,0.53574,0.4079946382420976,0.2915950454326477,0.3028337924560639
4137.0,7.222412308097933,-47.16638591336373,42.356,37,113.56035,23,0.6781,0.4184075139084237,0.3026168267826813,0.3051093921130817
4138.0,7.1941450597279,-43.84519495547981,43.29693,11,106.99018,26,0.69791,0.4216392862758965,0.311985056141292,0.3075117753840019
4139.0,7.1937201130094,-53.17832144948366,46.44928,7,112.16974,25,0.11134,0.3771148327540876,0.2860073231666205,0.30754810706703656
4140.0,7.188671125622062,-63.90551912103483,43.57161,7,115.36666,42,0.07518,0.3017259819877401,0.2529859921770068,0.30798027367916264
4141.0,7.191867576136592,-53.70993745606074,44.80709,11,119.43687,28,0.95513,0.3333976602704456,0.2816738733285389,0.3077065687133423
4142.0,7.181083290916331,-69.74256861941309,45.86833,7,114.43465,42,1.08706,0.2998427104016423,0.2376474168608963,0.30863146736396163
4143.0,7.18109156600662,-66.25766495267197,47.14948,30,115.87325,12,0.37713,0.2605922467228453,0.2464329881312378,0.3086307560649166
4144.0,7.1781122864291484,-46.524374928836515,42.88607,37,111.38323,45,2.62321,0.2909306312420991,0.2993382709498953,0.3088870039726575
4145.0,7.201397381339896,-49.512175776200735,45.43088,20,105.82695,17,1.83836,0.2294148273941219,0.2890028432168744,0.30689271460895834
4146.0,7.1940059908240865,-28.513704604527796,43.28783,40,111.68254,21,0.2751,0.2578904393106749,0.3457117840712461,0.30752366465374115
4147.0,7.211831076855649,-37.88410121411012,45.58289,40,103.05463,25,1.30514,0.2054236841289209,0.318126163700702,0.3060053646846795
4148.0,7.174990988479052,-25.89813818593649,45.86378,30,102.81578,26,0.8876,0.1949255975952921,0.351196744060347,0.30915580935057757
4149.0,7.167800312628242,-21.488507013703995,43.57745,30,110.97049,26,0.48192,0.2359203343517995,0.3643637451105008,0.309776405400236
4150.0,7.169465559193855,-8.128493238546653,45.15156,46,96.19633,5,0.17314,0.253765341440515,0.3997192898195976,0.30963251903034866
4151.0,7.179312341753447,-1.8789003338046089,42.39492,46,98.2073,43,5.22126,0.2969230425359759,0.4186582445317302,0.30878374881519516
4152.0,7.180832819207535,-2.972303968315046,42.49754,7,104.35073,34,4.5086,0.3117130460132158,0.4162875258842667,0.3086529982368173
4153.0,7.154391878253836,-14.122820789391454,41.34099,7,111.79299,42,0.25184,0.2827667524889652,0.3839620897398261,0.31093863104639174
4154.0,7.13807727125551,-7.3310498449472306,43.47081,7,120.58265,1,1.45679,0.3131528228366078,0.4021101272132797,0.31236160212155634
4155.0,7.124252339191947,-5.4165823745851895,40.3167,7,117.92457,14,0.37438,0.2846703429802503,0.4068983816028321,0.31357508185980404
4156.0,7.126062983433822,-15.91557397147838,41.79459,7,118.71401,1,0.16623,0.2622077824869117,0.3758037335526679,0.31341575102434677
4157.0,7.11922234530607,-26.68430620335616,42.30182,7,119.29334,5,2.73197,0.2655259707689159,0.3470366812041462,0.31401834318009386
4158.0,7.104949399823767,-18.69931657604911,43.51327,7,116.20837,14,1.30676,0.3324672368715023,0.3691583696598438,0.3152812567611844
4159.0,7.119000797115632,-6.999495547435501,44.81195,7,113.23426,5,7.06209,0.3629933682503919,0.4011795349962241,0.3140378884169086
4160.0,7.111361871294132,175.27901869121314,44.85155,11,105.00448,21,4.2696,0.4087429318949956,0.4362039981297222,0.3147129210244991
4161.0,7.095142878658122,176.1501752832928,45.00772,11,104.13042,19,0.19052,0.4207706922256172,0.4346273277821326,0.3161533883131519
4162.0,7.040544838319466,166.9181661091499,43.38491,31,99.71388,5,0.80599,0.4180965915134741,0.4603749075309427,0.32107581549864456
4163.0,7.014276928422073,176.48514597844246,43.348,31,104.86384,42,2.00553,0.398283114769959,0.4338257791799641,0.32348512525084583
4164.0,7.047193070082041,177.16940776690222,42.16875,31,119.00594,22,3.45735,0.4129522273533859,0.4330346903508857,0.32047030361815215
4165.0,7.03998403956935,169.8531990547802,42.76038,16,111.94138,4,2.14435,0.4245404672247134,0.4536813516547537,0.32112697075316704
4166.0,7.04662340788218,171.7513227757226,44.01665,16,116.17193,8,0.92971,0.4266481356290555,0.4495406225056436,0.3205221205485655
4167.0,7.026568406394565,160.75734617958145,43.85138,16,112.62853,34,1.43452,0.4514960094352981,0.4810772277489043,0.3223543790929532
4168.0,7.064100120535874,178.19283476732258,43.9764,16,116.31313,8,0.93588,0.4233387333609272,0.4328085226218159,0.3189381272348
4169.0,7.071964603678096,176.99411744644476,43.27406,16,117.30894,5,2.08545,0.4492117764249357,0.4387286827529269,0.31822916191085154
4170.0,7.107107443720208,171.9739298138861,42.69977,16,119.98171,24,2.84008,0.4766333581471264,0.4524042704490528,0.31508981812084513
4171.0,7.155571545637029,161.08115467466533,39.57196,16,120.63412,9,0.71421,0.5610956128044621,0.4864618739935002,0.31083611682423146
4172.0,7.176260631655757,164.79319732731295,39.93043,16,118.1354,41,3.41359,0.51151394672929,0.4728698151964104,0.30904642568646645
4173.0,7.182555741858899,158.7947480751718,40.65508,16,119.69888,36,0.75358,0.4862329850958608,0.4890119829380325,0.3085049391113671
4174.0,7.162764548936423,141.99200084880653,40.66196,16,112.07308,25,4.70431,0.519122277610256,0.5354508295230742,0.3102121335684579
4175.0,7.131715538734377,135.14807203664316,41.88849,38,96.5338,13,0.62018,0.4981753985399001,0.5543094387363519,0.31291912499506774
4176.0,7.103771798078385,143.34737857142022,41.96613,32,111.50872,35,0.32993,0.5481557158697294,0.5327695484866051,0.31538579461578947
4177.0,7.077043492019401,148.0348749492825,40.21512,16,103.65766,15,0.68469,0.5309192361462628,0.5190804366663349,0.3177725671688293
4178.0,7.051280462021627,150.66985322071315,39.8856,38,114.26676,10,0.48167,0.5252756272480867,0.5104650054204041,0.32009887942255033
4179.0,7.068402370056082,163.73292433301214,37.19139,32,110.08368,27,0.90492,0.4571785801256857,0.4701020708454639,0.3185499960145797
4180.0,7.051650165464529,170.3331647931928,39.20597,34,112.10673,25,1.05128,0.464980273042745,0.453710464238444,0.32006531605715055
4181.0,7.042084899360728,169.5969464653304,37.90099,34,113.38069,40,0.02981,0.3943171903167524,0.4539800645403667,0.32093539620739076
4182.0,7.039342667514992,174.64012633281808,37.88012,34,121.3427,48,0.44908,0.3891284223416997,0.4397007938466628,0.321185490776277
4183.0,7.012265671062921,164.78722254164592,39.21014,38,114.4495,1,2.16344,0.4207984600852025,0.4686595381044697,0.32367071580701506
4184.0,7.0106848833983895,157.92340089323764,40.40793,17,104.30223,33,0.13868,0.4548692222943805,0.4897496397965682,0.32381669651162504
4185.0,6.985827610433528,166.70334584547936,41.75049,41,114.21488,10,1.16642,0.3938285737041931,0.4635498006783179,0.32612523344402117
4186.0,6.953289404047143,-9.935025535722955,46.82256,12,113.64502,10,3.06295,0.3570190633232124,0.397632097320325,0.3291846081035398
4187.0,6.959295155948426,-0.1431532587707806,45.20503,17,115.28914,45,0.30634,0.4145761345031202,0.425614652842587,0.3286166919618161
4188.0,6.974686049002096,-7.400182240356685,43.00993,17,107.62765,26,0.41376,0.377360778517911,0.4045457044260043,0.32716798904925337
4189.0,6.960600445728989,-20.435663466871205,43.61094,32,98.6745,10,1.36589,0.3147215246890977,0.3676958237454563,0.3284934555271152
4190.0,6.969794567719449,-5.601337685699036,45.29084,38,118.19197,23,0.35721,0.3644058071738809,0.4096875318369322,0.3276273706411264
4191.0,6.976077367645583,-7.886908066667459,45.19348,41,114.20411,11,4.25885,0.3428838946000773,0.401804362128795,0.32703750037879487
4192.0,6.964309921300683,-12.560439531211856,44.04877,32,114.37505,21,0.65978,0.2984312480488498,0.3895613663694741,0.32814361069227543
4193.0,6.9446530086018265,-11.155369990772371,46.46886,32,113.91077,3,1.80969,0.3342636001526382,0.3938743759075219,0.3300038675278658
4194.0,6.94427909630634,-12.5755950411601,45.6796,32,116.94357,46,1.81286,0.3144752894824365,0.3900468705298124,0.3300394063718347
4195.0,6.938809790528131,-27.93822027924461,46.84594,38,99.63618,3,4.20741,0.3140200863767584,0.3486500583308745,0.33055989847035316
4196.0,6.916802390619972,-32.422384622437136,47.12755,30,108.90789,14,1.37451,0.3443660200516521,0.3387282129419489,0.3326667497684426
4197.0,6.879946218074828,-38.86430703707568,50.24768,37,111.44678,5,4.88202,0.3082788170427563,0.3213914226769075,0.3362405172435001
4198.0,6.871296204061978,-47.05063525219271,47.49409,30,119.36582,42,2.40989,0.2869982704645651,0.2957431849528723,0.3370876109475768
4199.0,6.8538642853477985,-64.09568256898518,48.05505,40,119.03997,31,1.35822,0.2957949294979798,0.2490919383903725,0.3388044690932436
4200.0,6.848440529495695,-71.34793290410708,46.43098,40,117.57791,5,3.44182,0.277553694925176,0.2275348190291624,0.33934132719187715
4201.0,6.831741064467396,-63.89828141306681,47.1982,40,119.07494,23,1.02224,0.3125169009898887,0.2474078908318373,0.34100232240247397
4202.0,6.794016205009029,-67.40000933007879,47.01257,40,112.75948,23,3.27277,0.3007442476326886,0.236461750742111,0.34479977584971566
4203.0,6.798952850636441,-75.12519109021034,45.84028,9,112.16321,2,1.30526,0.237523280878537,0.2136026740545355,0.34429924690494773
4204.0,6.794911538221793,-83.74852763882544,45.73023,30,115.69165,39,0.69394,0.2052639943668136,0.1882404704131059,0.3447089165793147
4205.0,6.794983210979113,-95.09700035014336,47.31562,18,113.65234,31,0.218,0.1906009078152911,0.15654407399367,0.34470164471198045
4206.0,6.757091769149252,-89.4710424527959,47.78544,18,108.85531,27,0.61028,0.0996112329648065,0.1686403369874182,0.3485784201767643
4207.0,6.7519193642643485,-105.15593395589076,46.64477,18,114.26038,12,0.37685,0.0653529600241256,0.1250080082253431,0.3491126917605023
4208.0,6.735505096050749,-110.37022758652844,46.8013,18,117.17361,39,2.25532,0.0745803115338515,0.1101335835419928,0.3508163240014699
4209.0,6.73188309082854,-117.7623024234508,48.01382,18,115.50294,5,0.30973,0.065890979285136,0.0911328263725272,0.3511939301991316
4210.0,6.675429993881849,-124.95990002676076,47.19108,35,115.52399,3,2.23159,0.0168968387811006,0.0682908618814678,0.35715903437304897
4211.0,6.685058257568708,-132.97092254715938,48.58832,37,114.90868,19,1.12537,0.0254404018508306,0.047336721933503,0.35613096705649266
4212.0,6.686808808412769,-141.6272441510911,48.08172,1,115.51374,22,3.34349,-0.0041212051961681,0.024161394556735,0.35594452722276837
4213.0,6.695122184782288,-144.4417196272835,45.64484,1,117.6877,39,0.03563,-0.0021435170474602,0.0168473838169882,0.35506111880315394
4214.0,6.717658352694633,-139.79668579144027,45.79987,35,112.23689,42,1.21794,0.0258603431323885,0.0298109226846949,0.35268282129787093
4215.0,6.706976407913113,-150.5291592957648,46.48702,35,111.9106,22,2.1119,-0.0311068899974662,0.0004260236147268,0.35380712478161297
4216.0,6.6846509177855955,-146.09961854886404,47.69471,35,116.61311,45,4.14833,-0.0307715550550595,0.0105030109955453,0.3561743711871159
4217.0,6.663050638011571,-156.2844816304923,49.82827,43,117.18741,5,0.6175,-0.01885283244107,-0.0154487398801587,0.3584874067094466
4218.0,6.649813615213935,-145.58562492210112,49.12397,43,116.80322,39,1.2454,0.0046033930491645,0.0127371884781014,0.35991602688404195
4219.0,6.643789733186691,-142.86953312942433,47.33674,35,116.54649,27,2.382,0.0096520685518891,0.0188921882465031,0.36056898992780645
4220.0,6.632256755968177,-151.0430169124246,46.16642,35,119.39205,16,0.47949,0.0398444860865678,-0.0021922163165446,0.36182408293636453
4221.0,6.632465953361203,-178.89432872559473,48.41795,40,122.36676,26,2.93515,-0.054757981120567,-0.0783910235712414,0.361801258405733
4222.0,6.659216142860639,-173.01708598749323,45.38457,35,125.07111,14,0.69268,-0.0354546514942891,-0.0620985525558623,0.3589003724273377
4223.0,6.6703071377439915,3.8198019304809634,46.11147,40,110.69184,17,2.21628,-0.0924697517524162,-0.0899548927496269,0.3577078477685483
4224.0,6.655160703100906,0.7040515100901104,45.88518,31,112.93975,26,1.30805,-0.0969813706964144,-0.0812046143245484,0.3593379102636257
4225.0,6.67325588686375,9.481072360187198,43.54579,1,120.2766,17,1.04654,-0.1115587171787955,-0.1059018287755736,0.35739179285443556
4226.0,6.655419195437716,11.685402999140976,44.35873,7,111.80548,48,1.75602,-0.1373564715763446,-0.1107651822890853,0.3593099978843805
4227.0,6.643368251544346,10.206577895213483,41.99634,37,114.25606,33,0.18205,-0.1211166408258144,-0.1067836845001843,0.3606147432340182
4228.0,6.608016245208564,25.47297863151698,43.62476,43,117.06639,14,0.53872,-0.156930794190955,-0.1493193748205876,0.36448354605777694
4229.0,6.575485941379432,21.86265561963893,44.90643,43,117.43131,38,2.22858,-0.1359709762746672,-0.1397742453854689,0.36809881937342187
4230.0,6.576891745400323,29.254753608763835,44.16233,1,118.67544,34,0.24219,-0.1184888574531349,-0.1585726763690173,0.3679414746837021
4231.0,6.556906488515856,8.26992870489849,46.28988,35,119.48062,17,2.15105,-0.0637130427158801,-0.1041464531637107,0.3701878423520894
4232.0,6.548004941388966,11.0080655002034,48.18631,37,119.41222,11,0.99264,-0.056257576113715,-0.1103691067378923,0.37119501457609577
4233.0,6.516474115742775,10.429602092986542,44.71187,19,112.46761,16,0.53506,-0.0764880120996887,-0.1103644753617715,0.37479585790414405
4234.0,6.528405419996431,16.09334352313634,42.29695,35,118.99714,13,0.01903,-0.109193359570973,-0.1269545249762456,0.3734271570360052
4235.0,6.504183813040954,14.94669257498623,42.94766,40,120.68988,23,1.26662,-0.145668472995993,-0.1236308946496591,0.3762136243019776
4236.0,6.509354257584049,25.40937799755345,40.68847,19,112.47678,18,0.28173,-0.1774733089249756,-0.1505494355095987,0.375616201251592
4237.0,6.515508826234134,16.72727328400768,41.35654,40,110.3178,6,0.08685,-0.1207435042906458,-0.1269725939106031,0.37490692008484877
4238.0,6.499918639559973,4.820489832039527,40.42227,40,117.28929,34,0.85938,-0.0766846538568351,-0.0930275559731349,0.37670752058843043
4239.0,6.499599077725973,0.0229068571555188,40.08398,19,110.57528,8,1.33596,-0.0486784847205232,-0.0786153764090536,0.3767445641980683
4240.0,6.473355688915143,3.097325328872884,40.686,45,111.12787,22,0.4296,-0.0653438966016693,-0.0874752113206601,0.3798054482046042
4241.0,6.487084596955938,4.322870058000149,41.98754,45,116.01414,44,1.68678,-0.0757352899650886,-0.0914258155210806,0.3781995507168831
4242.0,6.443998903988464,19.993854365816205,43.549,45,103.8165,5,1.51599,-0.0993349443146928,-0.1305612743932783,0.38327387351806796
4243.0,6.441513476034483,13.125824659080608,42.85011,45,118.73901,30,1.16931,-0.0869417337459414,-0.1126576245158448,0.3835696994542785
4244.0,6.442683269190368,10.728506869088337,42.71858,33,120.5431,9,0.16731,-0.1223184424119214,-0.1060448447713895,0.3834304231758482
4245.0,6.447539150881542,7.526893115384283,43.01723,3,105.89342,4,3.62854,-0.1089440235319576,-0.097112597602458,0.3828530892201129
4246.0,6.476067260203599,7.562835944298072,40.16217,40,114.73254,22,0.56575,-0.0978658625729937,-0.0969708539912131,0.37948746079012685
4247.0,6.441046705480382,18.941532782139973,39.91666,40,111.21064,24,0.66497,-0.1983305291472072,-0.1286466825254631,0.3836252946196761
4248.0,6.417941038211334,12.710834428405532,41.59212,36,107.77894,48,1.73374,-0.1714760234702821,-0.1125343849058258,0.3863924980449573
4249.0,6.3937144178151435,13.44019569321489,43.83807,3,114.52303,32,1.27352,-0.1570222722858989,-0.1136895309649653,0.389326229130965
4250.0,6.389045007202934,19.836023621293037,41.44103,36,120.58543,39,0.31464,-0.1762453567797779,-0.1313049134658409,0.3898955124387177
4251.0,6.3934020397101445,22.83118644686931,42.23698,43,120.57208,13,0.53446,-0.19537097655934,-0.1397698841190215,0.3893642745909553
4252.0,6.402556644597403,41.227405583277914,41.49666,36,117.39974,48,0.96301,-0.2290256938630155,-0.1895636553577496,0.3882516166385149
4253.0,6.392870754335778,22.64012390447327,40.10467,36,118.51365,39,0.7582,-0.192220175759907,-0.1387512159564804,0.38942899422885596
4254.0,6.367427469202233,15.296170842198578,41.44985,19,118.2279,37,0.37917,-0.2173648138759941,-0.119983873580011,0.3925474118735214
4255.0,6.373887167924704,14.200398628108488,42.42731,45,117.14952,48,2.27291,-0.174362267701968,-0.1153838010690152,0.3917521505173328
4256.0,6.337581712845446,29.850993702780286,42.11673,36,121.28295,22,0.08773,-0.2081799572276028,-0.1603482482519205,0.3962533874010988
4257.0,6.32406449506065,18.075538876663742,42.32369,36,114.71426,9,0.80025,-0.1336461283709233,-0.1246339194267057,0.39794912204316296
4258.0,6.344908214885816,-171.59216242716406,42.0003,19,119.42741,1,1.02401,-0.0392436887008764,-0.0504980396212323,0.3953388036087723
4259.0,6.353811995733434,-156.91521722527528,44.21431,36,115.4076,27,3.65685,-0.0172138908595018,-0.0119963416520164,0.39423158050421564
4260.0,6.312814849658875,-145.69131834807305,43.66,34,117.88004,46,0.139,0.0176437934418653,0.0176833037697699,0.39936870285098097
4261.0,6.300603035016543,-141.04028709944595,45.21355,36,117.8633,31,1.50335,0.0503306748433265,0.0303568743413714,0.4009183141682832
4262.0,6.287791534699709,-156.63296374881315,42.24054,34,118.19116,42,0.27264,-0.0116250537437083,-0.0132197962012284,0.4025537366544308
4263.0,6.244098609885149,-137.00427316741232,42.42776,36,111.06096,15,1.05654,0.0528354412793774,0.0396339046999707,0.40820716709273464
4264.0,6.232913299922887,-134.64032227384206,42.85548,21,114.38032,28,3.18745,0.0357809958547998,0.0471561653703343,0.409673582675622
4265.0,6.242609086920342,-141.80910999799386,42.59433,21,117.60758,25,0.90059,-0.0042455758613099,0.0269395642437119,0.4084019915584479
4266.0,6.214353094011117,-161.40572565090883,42.65026,45,119.25938,28,1.15098,-0.0696856258999699,-0.0254631026192283,0.41212435452169066
4267.0,6.22105179146914,7.89593136926996,42.91646,45,112.6595,20,0.21434,-0.1053633682798336,-0.0979959398458572,0.411237298721906
4268.0,6.221342757878881,-179.82188493348573,41.37356,12,110.3654,31,0.6479,-0.0703336929892257,-0.0751778240680383,0.41119883325009005
4269.0,6.207230526363167,5.789562551393189,43.87663,12,117.02726,6,6.83952,-0.0757116532661921,-0.0893429908697852,0.4130706920885249
4270.0,6.195993220868704,6.034275277185927,45.01291,12,116.94993,32,1.87587,-0.0452141917643462,-0.0899788271511134,0.4145703744388146
4271.0,6.197726935485447,13.778455778554076,45.578,41,117.15588,7,1.07545,-0.0140797724773416,-0.1114495462893289,0.414338468065273
4272.0,6.175373655529316,18.930130490645595,44.94852,41,122.57092,23,0.46667,-0.015660087874675,-0.1238788761909294,0.4173434964287402
4273.0,6.164796445724893,22.37606777152955,46.70382,12,114.33364,23,5.87483,0.000936066582327,-0.1318602893542424,0.4187768338276416
4274.0,6.179240231382751,16.779775796937955,46.09178,43,121.76071,6,0.48396,0.0621083233079416,-0.1146089374348239,0.41682136576119627
4275.0,6.174931088785144,34.83146361390594,44.15222,35,117.41652,25,0.26719,0.0447194380313182,-0.163624724703394,0.41740332186442847
4276.0,6.167476678032586,37.61053264098568,44.94673,35,118.87114,39,3.46203,0.0707256523700409,-0.1708891639235301,0.41841293287736464
4277.0,6.15956222277764,61.44831086650265,47.52848,18,120.54824,23,0.2451,0.0204806826324458,-0.2371725340377249,0.4194888658104059
4278.0,6.169124814181426,51.43529597696593,49.25931,18,118.07154,17,0.88541,0.0303051861470405,-0.211292253472548,0.4181893973244216
4279.0,6.15698057254386,59.10604320253961,49.04963,18,121.9653,28,0.41604,-0.0077977857262393,-0.2304754199015582,0.4198407267797924
4280.0,6.154914056787472,54.47687838986039,48.73486,37,111.52056,27,0.14761,-0.0199429412002159,-0.215758414921727,0.42012269761444576
4281.0,6.1565682974705505,51.895495164583906,48.18721,37,112.83503,31,1.83903,0.0011734699870575,-0.20842250894913,0.4198969579961247
4282.0,6.159406162131235,57.152433272768775,47.77133,37,117.12678,39,0.56175,-0.0266347390696083,-0.2231808837650808,0.4195101232274963
4283.0,6.136035139867861,57.36555714546719,48.3564,1,120.42275,10,0.69631,-0.0545914098102469,-0.2253602898156854,0.42271188193357884
4284.0,6.11862933147533,56.9756566822056,47.98072,1,116.81111,17,5.22498,-0.0308550859885013,-0.2225604334334577,0.4251202995223706
4285.0,6.088895567635164,58.27657590158904,50.77175,42,122.05806,31,2.11832,-0.0673933373716199,-0.2281557406927298,0.4292823974927793
4286.0,6.1037671454388045,67.75408596681208,47.9094,18,119.88451,11,0.32375,-0.0642979363274542,-0.2544593292854943,0.42719308801701983
4287.0,6.079249708572762,83.1929132003012,48.31541,1,118.88435,27,1.74032,-0.0936372001073961,-0.2968130278208206,0.43064575079297324
4288.0,6.0298128174811305,93.3748247665372,48.56551,44,117.23431,17,0.01437,-0.1383873337980322,-0.3240386443224236,0.4377362069925743
4289.0,6.002562049968994,102.82257857631556,47.09432,35,118.09974,21,0.64647,-0.2404320621903987,-0.3510830014849522,0.44171974758082777
4290.0,5.999282913699048,109.94894147572754,46.96347,42,118.3772,34,0.20067,-0.2964335177100885,-0.3700179211558484,0.442202757007632
4291.0,5.9833675230423315,113.08350288676084,47.76168,18,118.50827,32,0.2782,-0.290113610346953,-0.3781993048664283,0.4445583501406651
4292.0,5.975878062254427,113.41260109307704,46.85332,42,114.98892,34,1.61146,-0.2806156616725998,-0.3806621955869707,0.44567336242819255
4293.0,5.959796915855385,100.23751461588212,49.73083,44,115.70529,7,4.23598,-0.2590345848582907,-0.3435751337332901,0.4480817021281817
4294.0,5.990005254071631,101.40787007719246,47.62298,42,118.1687,7,0.29573,-0.2709332856823055,-0.3462407602672257,0.4435736352177615
4295.0,6.020049378830571,96.34900880652864,45.08349,42,111.67916,29,3.46922,-0.2499708152096859,-0.3326330046239584,0.4391572173562654
4296.0,6.027005450414806,91.30543435038224,45.17665,44,108.62812,13,0.23707,-0.2690934479524898,-0.3193797017963655,0.43814409526403153
4297.0,6.015807190040585,97.40123353174238,44.62022,44,119.09987,3,3.35544,-0.2603762432873281,-0.3330846795975435,0.4397767999428115
4298.0,5.967874812037053,112.77037890876228,45.45578,37,107.74103,13,0.51152,-0.2944998671636024,-0.3769141785859066,0.4468695092003519
4299.0,5.928953707505523,123.11175690362644,48.04963,36,105.16634,43,4.73168,-0.3034631294904756,-0.4053864878217617,0.4527557898149522
4300.0,5.941215282014152,142.33263603389702,48.72271,36,119.09199,3,3.61092,-0.3758873778313126,-0.4626671494633506,0.450888909066818
4301.0,5.922328538480404,151.92381398048298,49.66295,1,119.59817,13,6.27341,-0.3274435092495091,-0.487887219597884,0.45376933082227705
4302.0,5.9069578769135775,151.16742412249272,50.63746,19,118.70575,4,4.7746,-0.3505674406327922,-0.4860267503937641,0.45613393525522306
4303.0,5.91530969536185,134.09928689149638,51.09597,36,115.01316,27,3.77224,-0.3634440296021408,-0.4384057702205396,0.45484681466019955
4304.0,5.9040897526739125,146.28611546852784,50.49082,44,121.93998,13,1.61011,-0.3783305457431288,-0.4751433412000543,0.45657720987181644
4305.0,5.874262494275838,151.95979218370218,49.53065,19,122.92158,39,1.20812,-0.4363065952082203,-0.4933478538467136,0.46122563035427305
4306.0,5.867169894688121,143.4814990735337,47.30784,8,116.78785,21,0.12918,-0.4070919861921498,-0.4697058978998126,0.4623414207755482
4307.0,5.844916912779803,159.33934340701012,49.3623,8,119.77921,21,2.40094,-0.4596293006892761,-0.515384400098271,0.4658686088454175
4308.0,5.808813927478228,148.82388924796112,49.46484,43,118.15442,21,3.07763,-0.4091028320641791,-0.484912867137484,0.471677545164265
4309.0,5.820487922999158,151.6255085284326,50.54936,44,114.51966,34,0.77975,-0.4310771639144686,-0.4935531524084038,0.4697873807512547
4310.0,5.8408686450248855,159.06964098874136,51.22165,15,113.24019,41,1.60029,-0.4192291701111346,-0.5136307326035892,0.4665146135941732
4311.0,5.851551047873805,159.8168961578108,48.89892,15,112.51994,39,1.896,-0.4025764451385917,-0.5150463835713011,0.464812860284371
4312.0,5.815277177717466,167.93388265599003,48.45245,15,110.17373,18,0.76286,-0.4388169855234283,-0.5377472655352595,0.47062965843985566
4313.0,5.809555852072482,165.30565734484637,47.70371,44,103.08664,29,0.12089,-0.4356412937374814,-0.5313393756397453,0.47155707921656237
4314.0,5.784939246407692,166.90875585607256,50.13546,44,114.54359,28,0.7544,-0.5067644450552916,-0.5373249422406169,0.47557884406949485
4315.0,5.777978446394496,157.0796534732423,50.23566,44,122.5943,3,0.53724,-0.4707629822681331,-0.5107279701456826,0.47672540537970975
4316.0,5.779588942819457,153.0518759961962,48.50013,44,116.28865,29,0.81725,-0.447746840521062,-0.4975074482489313,0.4764597610237108
4317.0,5.793505233786952,147.9504019534524,48.49184,2,114.98989,17,1.4563,-0.4675947255501921,-0.4851915390011968,0.4741735495020284
4318.0,5.7941493698301905,153.25693321437598,44.56318,43,119.14874,24,1.58477,-0.503808466613966,-0.5005473095709996,0.474068127540313
4319.0,5.78464141456029,135.74828393223615,45.33628,6,119.95011,34,0.19708,-0.3996425661080187,-0.4477686834976674,0.47562781725967673
4320.0,5.755904846712888,136.74540340889718,47.16199,15,115.74157,30,1.7629,-0.3913322910849708,-0.4490177203228401,0.48038885142594867
4321.0,5.741377889833337,149.70727541808088,48.49812,15,112.47676,9,0.12579,-0.4131266069192547,-0.4857179299295457,0.48282290713538845
4322.0,5.75170238524304,158.10940105455347,48.87203,15,117.75198,25,0.06424,-0.4052383352360602,-0.5078317327737417,0.4810910967869668
4323.0,5.774210096248787,163.70612167524354,45.99516,43,115.15796,25,2.66847,-0.4340152098461101,-0.5237455941277177,0.4773478470380895
4324.0,5.73048839016741,165.1921334752029,48.55237,15,120.22855,5,0.10124,-0.4452369135128998,-0.5280778782129236,0.48465964252809945
4325.0,5.736886561935574,-3.2530574489144044,47.70109,23,118.46327,35,0.02847,-0.4958157190939968,-0.5813155988275654,0.4835791936052112
4326.0,5.695265114829643,-4.263213127674888,47.52779,8,116.16775,21,0.1106,-0.4617603388845924,-0.5818187281281743,0.4906730904633005
4327.0,5.6888315425652225,-8.084647876750651,46.15197,43,115.05675,13,1.45486,-0.468707654668877,-0.593920724400205,0.49178353494875515
4328.0,5.696450133486345,-18.192361900708647,47.92685,43,120.30763,3,2.93826,-0.537085757003508,-0.6252018834140523,0.49046896463988454
4329.0,5.706688426755317,-16.563942304458692,46.69767,20,108.42988,3,0.7696,-0.4926423814911328,-0.6185252705380199,0.48871065573538996
4330.0,5.700515113044043,-11.002119559136418,45.46218,2,113.32056,13,0.07781,-0.534359798993824,-0.605626363972871,0.48976971714548195
4331.0,5.709492445462063,177.48287320522138,42.34433,2,122.09608,40,0.83697,-0.5547705051464289,-0.5708385974222363,0.4882307471154426
4332.0,5.714607160828535,179.68678464533207,44.34424,2,109.80581,29,0.34555,-0.5849166128973755,-0.5780213050082559,0.4873571809284035
4333.0,5.720290459815897,179.06325810710007,44.6362,6,113.95733,18,3.07521,-0.575664006927104,-0.5770773797176555,0.4863892508382258
4334.0,5.716362494275176,-19.45740053383139,43.83889,6,114.18634,41,3.95877,-0.666616032813505,-0.6358539445956767,0.4870579196359312
4335.0,5.71882731956745,-32.67348293649819,44.79377,2,106.53813,3,6.61044,-0.7568493945577794,-0.6743747682765571,0.48663816436078694
4336.0,5.719050773673913,-17.17560502968196,42.87175,6,115.26097,5,0.50788,-0.7102102599128259,-0.6294558327552228,0.4866001373608083
4337.0,5.659069120155234,-30.840844495609097,44.34136,8,111.39466,48,0.03259,-0.7870578053423718,-0.6694573711884355,0.49696995621122014
4338.0,5.645712900149427,-30.80649495211184,46.28688,2,118.23432,48,0.47228,-0.7790802968431745,-0.6695237378800355,0.49932412887774263
4339.0,5.626176079001226,-49.67705168240671,48.41582,8,117.81035,9,5.9526,-0.8216018878617302,-0.7213835500812839,0.5027979425213773
4340.0,5.639561433656854,-66.14969143116622,48.45575,24,108.72544,42,1.67278,-0.8632389651810362,-0.7681663866610363,0.5004140188898386
4341.0,5.622729807111856,-64.37119678027892,47.63477,6,113.83545,42,1.57107,-0.8426666013742495,-0.7617435420858875,0.5034144791504815
4342.0,5.625254956649098,-56.837764147529946,49.2003,24,114.25993,13,2.52233,-0.7747178828573693,-0.7403996181744548,0.5029626199790027
4343.0,5.62666627065296,-73.7249751576413,50.52872,6,114.99364,13,0.39235,-0.813486703866391,-0.7862678611808362,0.50271033945198
4344.0,5.6202855560757765,-73.33448508283857,50.52679,24,117.74068,12,3.72648,-0.8555952176553193,-0.7851592506796947,0.5038524422805533
4345.0,5.604439944765467,-76.18663073375849,48.97272,24,111.68404,13,0.73945,-0.911757708458694,-0.7911759262950423,0.5067055860499162
4346.0,5.55791466694949,-63.071024539590155,49.47758,6,117.62619,29,0.30359,-0.8903958931980408,-0.7561516814821876,0.515224352922004
4347.0,5.54240374550755,-57.070718275596185,49.30203,34,115.03744,29,5.09071,-0.8918707492829935,-0.7395793550588683,0.5181121927283127
4348.0,5.52270935594288,-56.85748899236084,49.28101,24,112.8357,26,0.14166,-0.8234997644480732,-0.7358855882834235,0.5218140342121156
4349.0,5.550227196330839,-55.35586349485482,48.08063,34,111.20649,26,2.57365,-0.7959527210060368,-0.7295922547713983,0.5166525881687455
4350.0,5.5474974673459,-53.058040861950914,48.90868,34,113.94697,13,5.06992,-0.7735588580241038,-0.722211264663778,0.5171611665099748
4351.0,5.518127237003574,-49.06597376799454,49.40374,44,110.02179,26,0.74995,-0.7721664464580758,-0.7110422398724605,0.5226809974357632
4352.0,5.5340656802599835,-52.14818202862944,50.54817,34,116.26939,25,1.59982,-0.7690316734895234,-0.7194358652677606,0.5196746272879726
4353.0,5.536109523182087,-39.91698714922972,50.65013,34,118.28209,26,3.30591,-0.7555687851130022,-0.687545994333777,0.5192909870283161
4354.0,5.545243263550012,-54.78020306188867,50.52281,34,110.18372,26,1.40228,-0.7576433472777896,-0.7275991511802109,0.5175817156407936
4355.0,5.572964758410193,-34.53874986212662,47.35437,24,112.19612,27,4.25054,-0.7360781084793294,-0.6724407617649396,0.5124453282239481
4356.0,5.556733173568504,-36.98888822584035,44.42402,24,99.55284,12,0.54925,-0.6780523720206573,-0.6794000631293706,0.5154434740708338
4357.0,5.550835069585641,-43.45535613997087,44.89517,36,114.26113,25,0.26212,-0.6801161288684995,-0.6950002555058944,0.5165394368716588
4358.0,5.557582668600082,-56.919935563199665,47.11941,36,109.27752,22,1.454,-0.6983239805249021,-0.7308743839717639,0.5152859116082666
4359.0,5.542161040250777,-45.482953828708034,44.50252,33,119.19615,25,2.32773,-0.7182798440773905,-0.6984770159173008,0.5181575726100173
4360.0,5.517447451441762,-42.81870514094019,44.06927,21,115.64419,10,0.27553,-0.7060979376144764,-0.6915299683006316,0.5228098007952643
4361.0,5.518031928106784,-63.24315380337983,43.86821,21,113.94317,48,3.77707,-0.7813433961225827,-0.7498505113596682,0.5226990533586381
4362.0,5.491306618482436,-67.22306334085982,45.6563,21,114.40885,10,0.48572,-0.799531371063427,-0.7597201431842946,0.5277992191925276
4363.0,5.47041656141034,-63.83387311376303,42.97244,24,109.15502,11,0.35168,-0.7853390631968625,-0.7496381802872121,0.5318379639181307
4364.0,5.45732155615505,-62.40316648586237,44.15701,35,102.91766,11,1.66988,-0.7507227405204264,-0.7437025836294893,0.5343933481036582
4365.0,5.450621886472805,-71.80884604941392,43.9948,45,108.28192,11,0.09073,-0.7917655222459979,-0.7698122482192848,0.5357078620572338
4366.0,5.45928662902785,-53.88626145651076,43.61276,45,117.68292,15,0.11721,-0.7451293443945795,-0.721212878247148,0.5340087070517517
4367.0,5.446786498281477,-61.223815901827834,48.57562,45,119.56329,10,0.16822,-0.7621153330659511,-0.7384645374571355,0.5364625716479825
4368.0,5.414755471906528,-56.751400340096744,46.67061,45,114.18694,2,0.80677,-0.7478251776960774,-0.728459702258367,0.5428282408918988
4369.0,5.412004230461535,-61.28593896963183,46.37211,45,108.09273,39,0.65116,-0.7603968064041274,-0.7424075731999262,0.5433802844953642
4370.0,5.434579625880749,-75.80788944377954,44.82078,45,102.84461,11,0.72836,-0.816116513472399,-0.7836572101115602,0.5388752273072961
4371.0,5.426429724550162,-65.63851463082929,46.04728,45,101.48366,11,1.14926,-0.7497818572619388,-0.7519888718358696,0.5404951056216395
4372.0,5.460064918562169,-49.02066994272287,45.94498,17,106.01882,20,1.18727,-0.653277046689645,-0.7051711436030849,0.5338564803757273
4373.0,5.434452991889235,-57.19565818712385,44.34619,17,110.88784,20,0.17716,-0.6529347823821813,-0.7304783354823954,0.538900341413952
4374.0,5.42002578323835,-49.09404327080281,44.02717,5,112.35188,40,5.665,-0.6451649079906079,-0.7074374510801326,0.5417730861679778
4375.0,5.42631232150613,-52.366173216976605,42.43972,6,102.3936,36,3.38857,-0.6520372678733112,-0.718370938215297,0.5405184940495018
4376.0,5.4355609198654635,-50.38839364420683,45.20035,6,115.1668,19,0.28238,-0.6513654019668002,-0.7116804911296873,0.5386806761672798
4377.0,5.39914629622987,-64.39594243519323,43.27828,6,112.34599,12,0.26744,-0.6878509621343737,-0.7508940325990535,0.5459714598261758
4378.0,5.398666255683248,-67.06420087311437,41.35718,6,111.30226,41,0.17847,-0.7535058493048793,-0.7595687467281313,0.5460685579159034
4379.0,5.391131304945874,-57.14538678619422,42.54378,6,115.61384,11,3.22757,-0.6989874741963243,-0.7308799847018455,0.5475960573771893
4380.0,5.391967771143315,-59.39179781921288,42.45238,6,100.74872,28,1.26395,-0.7332918079438334,-0.7389703810507906,0.5474261713235085
4381.0,5.384691296400956,-66.16944011202716,44.13417,5,114.12962,41,0.15988,-0.7392436387727894,-0.76033509376986,0.5489066736886666
4382.0,5.384728144543537,-73.28093861850802,43.41469,5,116.85876,13,1.05806,-0.8095840119686465,-0.779367188185998,0.5488991612863214
4383.0,5.374909950140699,-83.14079016911418,43.5458,40,112.67638,41,0.17864,-0.8424453076280857,-0.8043898708075793,0.5509063096369742
4384.0,5.394405930871647,-77.64377886965002,42.98273,40,111.51002,3,0.88932,-0.8174690120578407,-0.7881882799572466,0.5469314325770851
4385.0,5.407018368501872,-84.2637905257894,43.34322,5,110.42674,8,3.0432,-0.8550994139666567,-0.8073311197242634,0.5443828585587167
4386.0,5.413389943874287,-88.2976140438276,41.69056,5,110.53346,21,0.54301,-0.8301256975102916,-0.819069096253821,0.5431021323636551
4387.0,5.446732007788964,-97.3040049094652,44.76793,5,115.09794,41,0.97612,-0.8593936329195326,-0.8430704849359595,0.5364733055177323
4388.0,5.4419104793953474,-101.73166271242772,47.7625,40,112.40746,39,0.01036,-0.8360058923234013,-0.854982897455198,0.5374243564977049
4389.0,5.425597062742824,-113.6504668260182,47.06283,23,118.94986,3,0.16012,-0.9147537395767548,-0.8880292073363192,0.5406610170082272
4390.0,5.402826199205601,-109.60682273656796,45.95387,23,118.50964,39,1.51232,-0.8689618594629402,-0.8761120446065613,0.5452279830930534
4391.0,5.393675687673559,-110.41701230146217,46.09248,23,108.96786,33,0.16052,-0.82527192677042,-0.8769247018851818,0.5470795393666856
4392.0,5.417455701162492,-102.57012929408413,46.76837,5,108.4473,45,2.35665,-0.7985952211423741,-0.8575169637791635,0.5422872506236325
4393.0,5.415534563128725,-119.0495989837743,49.92385,42,113.47276,15,1.20804,-0.8322401958182996,-0.901429059691483,0.5426720670951615
4394.0,5.393994633159039,-113.6202014394657,51.08864,24,116.83112,18,1.7524,-0.8245177046397225,-0.8881500429237614,0.5470148439405997
4395.0,5.408638802779117,-121.1746264363724,51.96424,44,115.97297,33,0.12875,-0.8384558648264573,-0.908240578999325,0.5440567119878145
4396.0,5.444824655694389,-122.91812039192897,52.64596,44,115.95115,7,1.46021,-0.8375670674231837,-0.9141664608304574,0.5368492304635646
4397.0,5.409004108487928,-117.02677108186136,53.46492,42,118.55103,15,1.19631,-0.7920847815084843,-0.8976061020728271,0.5439832269959484
4398.0,5.405975725786171,-124.94236365217594,51.54637,24,104.39701,33,6.13354,-0.8050792511504863,-0.9166691365111842,0.5445928674772212
4399.0,5.413132772295944,-139.57149777876373,51.10789,5,105.56155,45,4.40197,-0.9131232046752038,-0.9566866712080004,0.5431537378779647
4400.0,5.411526760640745,-150.42644416502074,50.6016,17,117.21061,32,1.0797,-0.9743053365534836,-0.9860391984831406,0.5434761757823627
4401.0,5.423484225015627,-139.80517444151369,47.22711,17,120.98531,39,0.78584,-0.9434442924719486,-0.9603689515696902,0.5410823518758752
4402.0,5.423667070727794,-143.25528987853693,45.41247,1,117.09309,39,1.8323,-0.9697563283595558,-0.97131443260418,0.5410458699462101
4403.0,5.419213155741249,-142.54971352999326,44.18705,5,114.96817,3,0.16851,-0.9937836368738828,-0.9728573882125876,0.5419355793947607
4404.0,5.407259065738668,-133.5249848805141,43.50776,23,117.33783,15,0.63434,-0.9763334164490736,-0.9488226925940108,0.5443343946209351
4405.0,5.365903579423986,-138.34533921212892,44.9119,23,109.04359,15,3.14365,-0.9841444038533308,-0.9584159738205772,0.5527571928374855
4406.0,5.3762215235390265,-139.86616653260236,45.17327,28,113.31237,31,0.20815,-1.0367450060223928,-0.965326540865517,0.5506375461862761
4407.0,5.382567852614419,-137.36413629983312,44.30986,23,113.65974,15,0.27656,-1.0484233689786149,-0.9607542015132432,0.5493398507182825
4408.0,5.392348496765525,-147.98864387745053,41.26224,5,117.45962,41,0.76684,-1.0697575443615,-0.9884586450789402,0.5473488722349495
4409.0,5.376431443633394,-142.6541133832673,41.32311,5,119.35686,17,0.14601,-1.0984686660099503,-0.9775470157549964,0.5505945482869095
4410.0,5.369008613750438,-143.12555308428483,40.56723,28,113.28615,41,1.18038,-1.0668885820850718,-0.978458272548814,0.5521180306074671
4411.0,5.332855491607793,-144.78620931425496,42.76981,5,109.597,13,0.24613,-1.0679127275568503,-0.980092047495138,0.5596293726645308
4412.0,5.336494049714986,-143.0004217230907,43.51169,5,113.67433,22,0.13159,-1.0966759623340123,-0.9770086257348178,0.558866493594356
4413.0,5.332810161909779,-149.3071480874432,45.15169,46,104.67734,15,0.03609,-1.1273872045086837,-0.996459378515857,0.5596388865746486
4414.0,5.324141649064886,-134.90732106480988,44.21861,28,119.11891,26,0.31607,-1.1271856586169584,-0.9593813481356612,0.561462724658889
4415.0,5.331148873001544,-135.39262477002552,41.98235,28,112.91434,7,4.31869,-1.1602160619216242,-0.9596433723384374,0.5599877294813755
4416.0,5.314546726595231,-128.52348027231207,42.60026,2,112.43056,13,0.55847,-1.0862448005195753,-0.9391876876315638,0.5634918927621613
4417.0,5.3059218769364325,-144.38295972742387,44.80387,23,113.98352,39,2.01185,-1.093395676038028,-0.9792123891717172,0.5653253094604369
4418.0,5.35722984314884,-153.59973198827424,42.62064,23,109.43803,16,1.07444,-1.1244153245523774,-1.003849901003148,0.554548548276572
4419.0,5.363109782262699,-148.83635352596616,47.1204,19,117.94912,44,4.03151,-1.119084425036523,-0.9894168448317286,0.5533332368760103
4420.0,5.365310848274483,-151.08572272485344,45.82106,19,112.63101,26,2.93699,-1.082356268307619,-0.9932702367993176,0.5528793309626905
4421.0,5.36522363072498,-150.62947974060933,45.92912,2,114.30416,24,1.03103,-1.0672718963067278,-0.9903903087053902,0.5528973064193263
4422.0,5.379543168847508,-168.7611862779355,45.86495,19,119.44991,15,6.96165,-1.098817676826568,-1.0373448289364935,0.5499577643194221
4423.0,5.4296313999960475,-171.57239048256034,40.9852,19,119.28183,22,0.25336,-1.112846470552754,-1.044161690120282,0.5398578691043548
4424.0,5.44841915458157,9.787900658475593,41.08049,19,118.74612,17,0.21147,-1.19542053035864,-1.095871260788961,0.5361411104153091
4425.0,5.410901317612569,17.585455479251024,41.68848,19,122.23149,11,0.64038,-1.2353737274260628,-1.117783349283259,0.5436018232523008
4426.0,5.404793598509667,15.432550741743428,43.35426,19,119.51362,12,0.97025,-1.2389247552508993,-1.1113594990770534,0.5448311183833933
4427.0,5.40778100324969,11.2056299781093,40.93163,45,111.28988,24,1.29352,-1.2496463498518993,-1.0997198817840936,0.5442293257106339
4428.0,5.403080172801712,5.835243826323364,41.8121,2,114.28049,7,0.57558,-1.193513933519208,-1.0833991397294556,0.5451767270492263
4429.0,5.401021658671087,8.544964548194457,40.87161,45,113.01016,44,0.76154,-1.2100957209965313,-1.0897084600986142,0.5455923772472634
4430.0,5.416936566679476,-179.86343270392354,39.3606,45,115.14762,44,0.57984,-1.205281380371946,-1.0671823573363834,0.5423911962755077
4431.0,5.429745350719549,12.10592032690991,39.32873,45,120.26536,36,0.15202,-1.20252146165496,-1.0959460279105262,0.5398352100125238
4432.0,5.418346123405383,1.6364136526296136,38.78681,19,121.01674,28,0.09076,-1.176793432735279,-1.06666730277179,0.5421090320516587
4433.0,5.409736123911319,9.688786560366836,38.68528,45,119.178,32,0.7931,-1.2047484585794042,-1.0904051017560428,0.5438360193829621
4434.0,5.4017837339815795,9.16989987714554,42.1297,45,117.52823,11,0.55332,-1.2106460991909187,-1.0875399292395949,0.5454384454455504
4435.0,5.4125628634803915,-176.68055214959583,41.03707,29,118.1908,4,0.0067,-1.198231534424591,-1.056418278152646,0.543268125242309
4436.0,5.429021342542482,11.817926966680716,42.57234,23,119.7703,47,2.15086,-1.2462284207856635,-1.0952109962786831,0.5399792032455533
4437.0,5.452767035260776,2.8497606404934572,39.88625,23,120.08856,44,0.03976,-1.2812483485534496,-1.0709834411673518,0.5352864440806212
4438.0,5.448274375315069,1.6616981982677288,41.25063,23,117.25099,4,0.6032,-1.2910463347528096,-1.0688890993310924,0.5361696049964194
4439.0,5.458761556213438,4.950763230148482,41.46494,2,101.46097,21,0.27695,-1.306646187661712,-1.0771607721620755,0.5341114435194385
4440.0,5.443368658696963,-166.17516871162405,42.01597,2,118.78979,10,7.93325,-1.2809788821663266,-1.0290383800555427,0.5371364626739733
4441.0,5.431124816389908,3.5298208101900883,40.5737,2,107.81818,12,3.23071,-1.3345473728851671,-1.0755664696539904,0.5395610165101115
4442.0,5.449101423062911,10.333477228808448,41.15765,2,105.03473,27,1.65709,-1.3637932984489378,-1.0919890893614417,0.5360068610215749
4443.0,5.432895844902168,15.553371192108472,42.53391,2,103.99314,7,0.87805,-1.389684038065136,-1.105601505910342,0.5392092990390553
4444.0,5.396853008233404,9.209207718604231,41.1811,25,113.18189,10,1.52952,-1.3618232195855895,-1.0886995770625252,0.5464355583720162
4445.0,5.419114665780841,-178.7226435421335,41.15402,2,114.23554,8,0.9143,-1.403873814446443,-1.056987478388866,0.5419552784423304
4446.0,5.4076037632443335,12.217454510949352,42.44872,25,116.08135,4,0.54893,-1.4315863179808537,-1.0911373027001734,0.5442650016934182
4447.0,5.399014237040701,20.79936226482431,40.67243,20,111.29256,14,0.05366,-1.4615026365307793,-1.1143297841184077,0.5459981689352514
4448.0,5.394165684998242,6.128232038051749,41.32955,20,115.70262,38,0.65298,-1.3751804416663873,-1.077136342150672,0.5469801522321698
4449.0,5.389993780768989,7.754236973388984,39.75244,20,110.60415,48,0.92375,-1.398284310572091,-1.0803561570874411,0.5478272151520311
4450.0,5.38946929391193,-178.0767810491935,40.05642,32,112.55811,47,0.72415,-1.390756265318006,-1.0542521333327288,0.5479338461168146
4451.0,5.40852464344077,-168.24871907379264,42.57279,32,114.62852,28,2.01956,-1.3836202562692297,-1.0294404428291029,0.5440796793638872
4452.0,5.39256542298421,-168.92676100894562,42.76779,32,112.97479,18,4.14367,-1.338140863343207,-1.0317522747888077,0.5473048368181544
4453.0,5.3783094166689995,-157.52729816947706,43.82799,32,106.04351,48,0.44414,-1.2835795222661448,-0.9992636008009016,0.5502101073367185
4454.0,5.397349242196395,-151.5650441591298,39.41887,32,94.71374,19,0.64183,-1.267938813796508,-0.981557133729757,0.5463350840816857
4455.0,5.385547836351551,-148.2808622693365,39.59134,30,103.5431,10,1.79426,-1.2132687894961325,-0.9728500978069048,0.5487320867677788
4456.0,5.360506838298874,-140.13827160818698,40.61577,32,101.36041,28,1.33965,-1.1898373342694044,-0.9501435428412786,0.5538707401906108
4457.0,5.3589782002954625,-137.69881342146306,43.13575,32,102.18288,33,0.80297,-1.2080623537171962,-0.9406255385135924,0.5541867663381173
4458.0,5.335815765977475,-137.63243486898648,42.47956,30,101.65918,13,0.5732,-1.2450083861366577,-0.9394656672547608,0.559008587761089
4459.0,5.354489820673451,-136.5698546675995,41.84328,25,99.93746,31,3.27559,-1.2507698592971854,-0.9349642930033282,0.5551162454104267
4460.0,5.366471003519588,-138.0047681463712,41.44525,21,98.30334,13,0.79863,-1.2161609882707265,-0.9384695995198892,0.5526403073951729
4461.0,5.366851459539085,-137.1749509160246,42.35554,21,118.93288,43,2.01394,-1.2254630303564489,-0.9332248456662056,0.5525619568461958
4462.0,5.397838098164209,-153.18081085988868,40.34485,21,110.48473,22,1.1505,-1.257406966542821,-0.9755053338129658,0.546236130735034
4463.0,5.3878349207435745,-145.32952704374514,40.84648,32,109.2208,33,0.76467,-1.2464664438201638,-0.953389135442006,0.5482663225999892
4464.0,5.380756300962608,-154.85290931129978,41.20362,32,114.62724,43,0.42126,-1.2461238874483642,-0.98099192945702,0.5497098080177
4465.0,5.408036867353702,-146.94099090330263,41.75835,32,114.02758,48,0.34226,-1.212655721899344,-0.9601523320204892,0.544177829961563
4466.0,5.404012563294075,-145.50117535968957,41.74954,32,119.42173,27,0.97421,-1.1617804771520115,-0.9569062409831556,0.5449886172921578
4467.0,5.385935450634485,-154.88889633230852,42.69112,32,109.18112,19,0.07201,-1.1820556499530035,-0.9797512379673268,0.5486531074548511
4468.0,5.346524348103709,-153.12560127562844,43.83005,25,101.16752,18,1.91831,-1.1673248564365997,-0.9755109345449218,0.5567715477340948
4469.0,5.307383459760127,-157.31880850795235,43.79292,2,114.95828,36,0.73695,-1.198292705923789,-0.987023753320636,0.5650139861891796
4470.0,5.298628968474578,-156.8037155536532,45.15635,25,114.52748,29,2.56014,-1.2120962369506778,-0.9842750638107522,0.5668825813756406
4471.0,5.281106838347223,-154.78980142476442,45.92205,25,111.96315,6,0.21519,-1.17628902335167,-0.976805448362623,0.570650529628035
4472.0,5.256846476414901,-165.32763411913385,45.56316,25,118.25056,13,1.14688,-1.2504471721074886,-1.0044566366160523,0.5759297912282886
4473.0,5.2286697901826305,-159.15505957441147,46.73362,25,116.09375,36,0.31354,-1.260815899626356,-0.9849755216244366,0.5821537520082644
4474.0,5.230345211959844,-164.72306981957723,48.52834,32,108.77665,13,2.85742,-1.2608593498583365,-0.9993184962656544,0.5817808523933337
4475.0,5.220273216567447,-164.75963212539287,49.06374,39,113.79638,35,1.42984,-1.3117611227895856,-0.9991986253397108,0.5840279941303137
4476.0,5.2121105062283934,-171.76116789398282,48.82687,39,118.71379,42,2.35252,-1.3269754579347774,-1.015759304621866,0.5858587244448223
4477.0,5.207571531312545,-174.04826971146832,47.45064,32,120.57885,41,1.03535,-1.3123123557477114,-1.0232855147639088,0.5868804509563795
4478.0,5.19466446103826,-178.59014035982688,46.81736,39,116.58775,13,0.86078,-1.3273782589999807,-1.033063393199516,0.5898004924273691
4479.0,5.1895272793348965,-178.48140995912888,46.5194,30,110.94044,28,0.08312,-1.3723442918801376,-1.03185353468966,0.5909687730087377
4480.0,5.2139720230488775,-156.14456122965515,48.53168,39,113.00017,11,0.07,-1.2875425717188071,-0.9733215845921802,0.585440467046389
4481.0,5.20449701951812,-153.62120537667488,48.92394,32,109.82847,11,2.20127,-1.2828744581608953,-0.9663030390431616,0.5875740449078756
4482.0,5.1650022579487995,-160.23325544421763,48.54074,2,107.39918,36,2.37473,-1.2921911092299614,-0.9840079310576691,0.5965943007136778
4483.0,5.177238685596445,-148.40267603001175,46.89693,2,108.58438,24,5.21809,-1.2620042058061918,-0.9538239560602408,0.5937775265874314
4484.0,5.18828694822436,-133.13652704350335,45.39914,32,106.7137,5,1.64447,-1.195899031276077,-0.9141905165936376,0.591251365154592
4485.0,5.177480977365685,-148.5783281654256,45.85064,32,98.07143,40,0.54578,-1.2344645916643926,-0.9548018516711652,0.5937219536005744
4486.0,5.182165909813117,-158.47514833378645,47.55667,46,100.97174,37,1.70175,-1.2779276563143895,-0.9812060846017644,0.5926489312520373
4487.0,5.181377384093757,-162.4947734579145,44.8672,23,109.86641,29,1.44363,-1.2638743951310905,-0.9914467713661445,0.5928293290302977
4488.0,5.177490303560287,-167.46993104713312,44.48674,41,109.07363,48,0.7602,-1.272576803171689,-1.004766292932877,0.5937198146640755
4489.0,5.1907101951409045,-150.56250421548094,43.21792,23,115.91809,37,0.17769,-1.2334522431198365,-0.9593840923716712,0.5906994508463616
4490.0,5.176635638894312,-150.1893923008006,41.08458,23,111.56009,48,2.46681,-1.1932236943543555,-0.9562387450799013,0.593915877617331
4491.0,5.164292921671214,-151.80100869008697,40.4373,23,109.39179,7,3.6704,-1.1869341612321236,-0.958072446407478,0.5967582011933986
4492.0,5.165525755099166,-153.4984696167568,42.86177,41,115.74018,32,1.15592,-1.2014277012473862,-0.9615589762098098,0.596473383848505
4493.0,5.164469982200803,-153.66520523712063,41.6659,33,117.36868,5,0.44148,-1.1734424881607342,-0.959920701685002,0.596717282953106
4494.0,5.133283862521336,-158.03315972278492,41.68869,1,109.0062,35,0.70685,-1.2000099780129396,-0.9728072604311244,0.6039897523561663
4495.0,5.126746624937077,-161.0841952755107,43.86942,1,110.97869,30,1.27963,-1.216354466778976,-0.9788911811587094,0.6055310580472996
4496.0,5.129392498476115,-155.4419349769218,45.70888,1,116.59263,43,3.05246,-1.1867459077999942,-0.9632795753050832,0.6049065219500633
4497.0,5.1247377354269394,-160.1550894719848,45.66644,1,113.37918,16,3.63117,-1.1708632276909403,-0.9753203940258136,0.6060058856289995
4498.0,5.144961048626899,-164.01376717879185,42.97553,1,110.86537,5,0.18974,-1.2432948881797403,-0.9869784818172056,0.6012511905203536
4499.0,5.124965719419513,-167.87124305781782,44.45628,1,115.81576,35,0.93211,-1.2594881267093077,-0.9969832073490408,0.6059519705100006
4500.0,5.098594007934224,-178.92485479612205,41.0404,1,116.9818,43,1.34132,-1.2480544642642415,-1.0271409740192043,0.6122365727220634
4501.0,5.094823720694839,4.491971667496898,41.44305,1,118.17558,13,0.39394,-1.2865012906196898,-1.0417945438185698,0.6131430464156526
4502.0,5.07507224337748,0.3285206360139341,40.69083,1,118.63923,19,0.17923,-1.303329582894366,-1.0319817219258889,0.617924868840187
4503.0,5.118933935571683,-174.80767388259403,40.93537,1,117.52089,30,0.74085,-1.287411960122808,-1.0146630896066688,0.6073808323519638
4504.0,5.107111094208098,2.0737262777071663,41.12797,1,115.11668,16,1.1815,-1.302100684374602,-1.0338507894951106,0.6101962318920127
4505.0,5.099733671088435,-177.8641651120073,39.63384,1,112.0227,41,0.43711,-1.2803671989438048,-1.0225146269755925,0.611962964120334
4506.0,5.100930513797596,-178.93919277829178,41.91368,46,117.84482,20,1.61894,-1.2898741770999105,-1.0242931815558836,0.6116758253385632
4507.0,5.0922479879462275,-178.40354093875544,41.73507,1,122.947,40,0.1445,-1.2396653146663807,-1.0212785465997876,0.6137634765449437
4508.0,5.053369840872556,3.3554832498012814,40.24564,1,118.76162,19,1.1035,-1.215400848182402,-1.034599757183587,0.6232437950928876
4509.0,5.055922574236793,3.4574651193359784,39.16545,1,112.58294,28,0.00379,-1.237057391751946,-1.032551350773108,0.6226146028673177
4510.0,5.04168325584483,-169.85539549604675,39.88002,1,116.38888,13,0.6345,-1.2365786768994838,-0.9965644682873772,0.6261364929838227
4511.0,5.062749738492767,-175.71714676561538,38.4423,1,109.18476,29,0.35219,-1.2408278689696992,-1.011833462585347,0.6209365321220676
4512.0,5.063715256770554,-173.53893923011867,37.88797,1,104.30103,13,0.42961,-1.225829877056339,-1.0040703464894518,0.6206997619311005
4513.0,5.081625226295638,12.102813005745688,37.58053,14,100.03366,22,1.35238,-1.2696373133696233,-1.0512585053679568,0.6163322129142427
4514.0,5.056488578346084,-169.90404722016595,38.61911,47,116.2201,20,5.5062,-1.1847799963697,-0.991591952108902,0.622475224444931
4515.0,5.040113626935112,-170.89547163598445,38.77904,47,119.83139,20,0.10326,-1.2059458896148718,-0.9926870187305922,0.6265265456886803
4516.0,5.076678362547074,-162.7172822265747,39.26799,47,113.74382,43,2.63475,-1.1788361074721552,-0.968956091080626,0.6175339423670531
4517.0,5.074891305810085,-161.78372939863647,36.98391,47,121.04307,46,0.34426,-1.1838304456001008,-0.9675505561586364,0.6179689319773057
4518.0,5.065068598512463,-158.97440462291206,36.6706,24,117.28364,11,0.20455,-1.1757263772492237,-0.9596356463495322,0.6203681152187803
4519.0,5.07242554164725,-149.23355162215825,38.19377,1,119.64025,42,2.42095,-1.1823996073523757,-0.934797546857992,0.6185698815599735
4520.0,5.071127150390394,-155.51488240242833,38.53842,24,120.17075,29,0.67902,-1.1963628056102475,-0.9502364776665944,0.6188866744619345
4521.0,5.064909759477016,-152.09793790138255,38.01209,1,111.31531,23,0.62275,-1.1788237581750896,-0.9398363101075464,0.6204070261660007
4522.0,5.05247209200737,-151.12407986444214,38.58987,1,119.31796,19,0.59846,-1.1672574223368617,-0.9380121965284576,0.6234652970065829
4523.0,5.023291296854798,-164.4899501420946,38.33006,28,112.90212,38,0.09474,-1.159046677039706,-0.9725847550632888,0.6307298791795594
4524.0,4.990963777286486,-155.93790758348268,42.07478,28,119.19648,18,0.09008,-1.112986249575312,-0.9492523143068954,0.6389270805057213
4525.0,4.991618021376355,-160.58799148716392,40.27835,1,116.13831,23,0.8733,-1.0608515902646836,-0.9599647309013238,0.638759605001695
4526.0,4.983477577597563,-154.19963943695444,39.10458,28,114.42904,27,1.60911,-1.0664916741110224,-0.9434675333982544,0.6408481198841334
4527.0,4.974268537666169,-148.22722736733786,39.34282,4,114.9902,5,0.97197,-1.059312596001609,-0.9288853504370752,0.6432231661037998
4528.0,4.984476757716998,-144.93690882353843,35.19362,25,117.78276,20,0.33687,-1.0285785918206796,-0.918240520646594,0.6405912188880761
4529.0,4.96361483589702,-141.57388996784852,35.00781,25,108.62463,16,0.33953,-1.042385273436342,-0.9103482252319068,0.6459873056257586
4530.0,4.944009133858391,-136.3468883674609,37.36924,25,113.56,45,0.79344,-0.98123822514739,-0.8939352627035068,0.6511208505639489
4531.0,4.899699720353291,-134.49454537054936,37.63579,4,115.61465,43,0.11973,-0.9831993907456678,-0.8899421863123779,0.6629506514439493
4532.0,4.882072153338219,-125.7235617925722,37.44838,4,119.22188,15,0.32497,-0.9836451990797804,-0.867087527933901,0.6677466905869605
4533.0,4.872757758676563,-114.93090304861028,37.84735,1,113.84497,24,2.99435,-0.9621236290169995,-0.8380270898896424,0.6703019584785025
4534.0,4.862143038653577,-132.31494762743455,40.52995,1,111.91768,15,1.96592,-0.9870599405812142,-0.8835275288862582,0.6732318740091622
4535.0,4.835998301426228,-129.24442959770312,39.49403,1,117.89624,3,0.26765,-1.0187608463084274,-0.874682449397973,0.6805309045442092
4536.0,4.828258312491236,-132.56308887666137,42.00012,4,117.05135,39,0.14441,-1.0126212322063213,-0.8827305301171906,0.6827145174459455
4537.0,4.831805891024896,-126.57776108496552,42.0992,4,117.2762,5,4.07732,-1.0199766353223714,-0.8696434008305647,0.6817123686450559
4538.0,4.83264883727742,-127.53608428442972,39.25627,33,113.50514,43,0.6462,-1.041001527310176,-0.8736805585902341,0.6814745707877227
4539.0,4.80143652582285,-116.19978946445583,38.4006,1,117.02708,9,2.33573,-0.9870715448653844,-0.8434717448506611,0.6903633822146042
4540.0,4.805663256330872,-133.66022955420453,38.39647,4,117.91087,9,1.39629,-1.0408108556296534,-0.8891075850672312,0.689149524069944
4541.0,4.81027713535247,-128.77912605715585,41.17316,1,123.81162,22,0.75443,-1.0151366939627502,-0.8753100391617267,0.6878281334194906
4542.0,4.765623203218421,-127.39292546420788,40.8748,1,111.56777,28,1.11206,-0.9345118399386506,-0.8684723298178684,0.7007784342647929
4543.0,4.75675303760693,-120.12728881832396,43.90158,4,120.72632,42,0.73269,-0.9368651834544882,-0.8510574890581959,0.7033944273125087
4544.0,4.778505367029189,-115.73492364628312,39.23327,26,117.9501,7,0.56523,-0.928109063123277,-0.8392246464609119,0.6970051313535233
4545.0,4.780924888863435,-100.3875317610729,37.93175,26,124.47471,18,0.87176,-0.8853215334704602,-0.7989382016510546,0.696299831670676
4546.0,4.766983270634819,-108.16595652922553,39.50178,1,103.89514,7,0.7536,-0.8830521886777194,-0.8190447209159406,0.7003786132898959
4547.0,4.785533608646466,-112.9620666335028,37.58403,1,104.75487,2,0.29057,-0.8784793990490837,-0.8316347353024832,0.6949593309744726
4548.0,4.772594614033612,-115.32570936348344,38.69906,26,113.90244,28,0.95227,-0.8613819535182008,-0.8389277074015009,0.6987326513537292
4549.0,4.754372189648715,-111.20396888799868,41.8771,1,113.0845,38,0.92086,-0.8074146766543164,-0.8260982703617472,0.7040990816529726
4550.0,4.766050126342744,-105.32782263691168,41.78985,1,111.73581,2,1.31569,-0.75982193421457,-0.8090599257831319,0.700652894200759
4551.0,4.765031921670409,-103.3434084407932,41.34191,1,119.72591,39,0.96989,-0.7276882998026412,-0.8035699195489738,0.7009523609341417
4552.0,4.7419757850037145,-105.43677749058403,40.52174,1,112.6587,38,1.37199,-0.7470904487888776,-0.8122305201957448,0.7077851847529328
4553.0,4.755733484611955,-109.48788097948702,40.94979,1,112.4576,20,0.50698,-0.7265722198949689,-0.8228378238416094,0.7036960526116722
4554.0,4.764333266899207,-114.800049330286,40.00948,1,118.71622,14,1.58827,-0.7162289178334329,-0.8346436510238633,0.7011579551237682
4555.0,4.774673789383086,-118.44188850927954,38.94196,1,114.7796,20,2.24979,-0.7408272394518787,-0.8437266020388857,0.6981242448096199
4556.0,4.75995368237387,-101.32007072796188,39.73591,1,120.1807,20,1.0782,-0.7213969446384959,-0.8012421354487962,0.7024488051748
4557.0,4.761726977961101,-89.39696868514052,41.50201,27,112.34234,15,1.38488,-0.7058607622685122,-0.7714289838358808,0.7019257103276566
4558.0,4.757983643073662,-87.10025993206811,41.2424,27,118.05145,21,1.89821,-0.7108805142029601,-0.7645344979320297,0.7030306223258301
4559.0,4.731430913416921,-93.5192721795628,43.6618,27,112.40228,39,1.82145,-0.7115644618718415,-0.7805277615683456,0.7109435615410631
4560.0,4.721903160818549,-84.12320335528233,42.63524,1,114.79392,43,1.45961,-0.6676010877243667,-0.7525959489156063,0.7138155087372573
4561.0,4.736086262710986,-87.51094174059983,40.23142,33,116.04698,12,0.6489,-0.6585564961199294,-0.762162587679301,0.7095466005107937
4562.0,4.764698976263365,-76.12286110570177,40.26694,33,119.40051,9,0.79709,-0.5598016724641852,-0.7272725279556949,0.7010503259994112
4563.0,4.733356044287078,-81.80299576071837,40.51383,27,118.04578,39,3.34593,-0.5631709574012205,-0.7439371714448767,0.7103653751309424
4564.0,4.711616982421899,-77.49115184701884,42.83334,1,119.70021,44,0.32925,-0.4992164802671919,-0.7311067713641928,0.7169356471181138
4565.0,4.696653134274951,-79.25885648838633,42.82554,33,117.31303,25,0.32404,-0.4748289483159148,-0.7395989372159206,0.721511333715329
4566.0,4.6820137634746,-87.16305638437878,43.43563,1,116.6328,19,0.23667,-0.4460141945102794,-0.7620002442841097,0.726030322962
4567.0,4.667529275664259,-87.49579933133997,42.82122,33,114.20664,18,1.00799,-0.4803275408133087,-0.762818815517603,0.7305434149553365
4568.0,4.679525529177847,-84.49050530327298,42.2467,1,110.19801,21,0.37973,-0.4717680713655288,-0.7550034020192945,0.7268026293981795
4569.0,4.680539960865186,-87.98405732880026,42.06938,1,119.85952,35,0.7916,-0.487541394786866,-0.764963149081664,0.7264876179995706
4570.0,4.682106450864311,-90.68287326068553,42.52281,33,116.75475,34,0.5003,-0.5418429353336353,-0.7745367715673521,0.7260015781266936
4571.0,4.681084909855919,-88.21605853114536,42.21502,1,121.82829,6,0.00836,-0.5232517721519029,-0.7684608251349299,0.7263184795807903
4572.0,4.672360866470526,-79.59834869597697,41.88904,1,121.72916,14,0.60148,-0.5151065998603768,-0.7465238125873905,0.7290333167585719
4573.0,4.690773507521105,-82.1871775707257,42.02867,4,113.42344,46,2.09717,-0.4890506812987917,-0.7559374974865813,0.7233212168943983
4574.0,4.683331240996229,-77.12882096219882,43.27208,4,117.78607,39,1.63232,-0.5474532796890288,-0.7459541739181745,0.7256218982575352
4575.0,4.654385532873998,-75.0065907031966,42.4209,1,112.35613,12,0.52531,-0.5534797565431614,-0.7410484679889467,0.7346752740612639
4576.0,4.624120689443826,-72.91402506165342,43.44806,31,117.53173,24,1.15366,-0.5162345392977131,-0.7380004346604074,0.7443236362317935
4577.0,4.6186682639615375,-69.86639024934571,39.06343,31,106.80735,22,0.00195,-0.5151827454085183,-0.7303382113284973,0.7460820498783537
4578.0,4.614729854636715,-67.05704279632168,40.90796,33,109.50221,8,0.13009,-0.4865980551326583,-0.7243377426653553,0.747356070444449
4579.0,4.613476667373659,-63.59684443212474,41.20781,1,115.34214,29,0.78306,-0.4784632929286088,-0.7147144479125883,0.7477621435125954
4580.0,4.643333270881913,-55.599976149498794,41.38358,31,111.71135,10,1.07004,-0.4222364081006381,-0.6962005656879264,0.7381768479138587
4581.0,4.627761469638192,-42.78712389808498,42.35571,31,112.59074,14,3.27532,-0.4017491302382586,-0.6613811054338921,0.7431529394320492
4582.0,4.613198229675806,-46.44063877681465,41.16452,31,110.83628,16,0.81285,-0.426288250861885,-0.6727185056733893,0.7478524112369418
4583.0,4.6333499642566265,-37.43309969860597,41.18153,31,110.89936,5,1.40704,-0.4019473330515488,-0.6490740110139046,0.741361319282763
4584.0,4.63471424369866,-44.64670283925414,38.91387,31,109.23592,30,2.72384,-0.4091017859754438,-0.6699468269864529,0.7409249276987664
4585.0,4.597409699366881,-32.519080450101676,39.57052,31,108.06532,48,0.44771,-0.3925162527683087,-0.6351548770514815,0.7529978152851967
4586.0,4.581046611762425,-34.547121593735184,40.31508,39,113.48332,38,0.5785,-0.379489534121128,-0.6419761718308199,0.7583867037538832
4587.0,4.5941691901607635,-37.119098450005275,40.1975,31,112.06669,5,2.03037,-0.3564040742958559,-0.650927951446143,0.7540604478595498
4588.0,4.572685203268053,-40.13823077982924,42.69662,39,114.67408,22,0.19922,-0.3356614783925926,-0.661950737198954,0.7611627438026689
4589.0,4.52355352423752,-43.94815642621392,42.73701,39,116.95557,11,0.65265,-0.3746184240248847,-0.672621089075815,0.7777869727723862
4590.0,4.484887630574705,-33.66483612717015,44.24109,31,123.0661,18,1.50945,-0.3015904338412979,-0.6493610434918671,0.7912559689794939
4591.0,4.471789765487483,-33.76358508277694,44.2039,39,110.36316,17,2.53706,-0.3181073550925118,-0.6481858137293043,0.7958979321304734
4592.0,4.493467806315318,-39.29101801427754,44.31287,39,111.78361,26,1.85604,-0.3115810449556862,-0.6630602579890826,0.7882370830185691
4593.0,4.481722808873861,-34.28142237660076,44.91166,1,111.86001,10,1.40045,-0.2901312997549817,-0.647477027121512,0.7923738731194919
4594.0,4.472598447051647,-41.084768044120686,44.99744,1,120.27526,19,1.78502,-0.3039309970836734,-0.6672105626369607,0.7956101487286118
4595.0,4.457689470344752,-52.525335394429455,45.13866,1,113.86233,11,0.11904,-0.3425973771756841,-0.6986349153457386,0.8009409683602644
4596.0,4.4689618874985495,-42.39816458310182,45.57534,1,119.81192,37,1.53926,-0.3323723493002517,-0.6688933888256502,0.7969055103565386
4597.0,4.482496099041002,-43.67023810508294,45.86328,29,105.07027,16,0.3997,-0.3450459677521295,-0.6760264067055188,0.7921005066474256
4598.0,4.497184764756605,-52.4789514291058,47.31066,3,122.06382,17,1.19189,-0.3882557591776579,-0.7032379620751489,0.7869346532261783
4599.0,4.518842114392337,-50.31979598763094,45.29042,3,120.56705,11,0.03565,-0.3715585256938659,-0.6953984009406261,0.7794096820525159
4600.0,4.5268764218197255,-56.669590986259685,44.58172,39,117.23148,20,1.07587,-0.4251903954807896,-0.714270458211352,0.7766455420603107
4601.0,4.457889778540326,-64.38005902734393,45.5011,3,116.86713,9,1.06797,-0.4698778064614699,-0.73422465100631,0.8008689919572322
4602.0,4.477950441361646,-62.63048529641672,45.95448,39,111.46506,47,0.34973,-0.4530433695201765,-0.7321403339857806,0.7937094772369111
4603.0,4.484353306249725,-42.80898148489876,45.98244,38,114.22242,33,1.26711,-0.4125818759735485,-0.6748835068043328,0.7914445413201784
4604.0,4.491667359299249,-47.23252906645995,46.22622,39,114.10294,33,1.70227,-0.4566004146681932,-0.689849210717304,0.7888691260544947
4605.0,4.481012339729446,-37.43813995866312,47.61823,38,113.96539,20,4.27219,-0.367404156012022,-0.6626800824463885,0.7926251564339442
4606.0,4.458624855045959,-40.60628670803008,47.58055,3,118.95204,2,0.86591,-0.4391232937624563,-0.6734430279016042,0.8006049412820339
4607.0,4.456718303192564,-40.2696457603961,45.89589,3,116.66396,11,1.76234,-0.4247109777243898,-0.6766154023022649,0.8012900738038177
4608.0,4.443543078368923,-47.661320346288264,43.31434,30,118.48681,41,0.98816,-0.499599354877169,-0.6988169515588838,0.8060488115235298
4609.0,4.442590054183392,-36.68165054105334,43.18894,3,114.59959,26,0.44038,-0.4816627137176145,-0.6699463388256557,0.8063946757145208
4610.0,4.430932784624701,-35.93711987260962,43.60326,3,118.41098,18,0.2701,-0.4664952892769645,-0.6691477313566084,0.8106433186937197
4611.0,4.423124505517687,-44.14829198404299,44.01858,30,119.44952,20,2.25849,-0.4865314968162479,-0.6926897480164455,0.8135079526485524
4612.0,4.4615700807960685,-53.14730140692524,41.75383,30,118.84118,43,1.07987,-0.5116344115878414,-0.7176616602479723,0.7995482800785964
4613.0,4.429434245384608,-55.565894004502695,43.49387,30,118.25071,4,1.51706,-0.5114994833716368,-0.725823471490069,0.8111919153063346
4614.0,4.436513062026316,-41.64449309542462,43.74574,3,112.913,16,0.53017,-0.4818632774149473,-0.6903864096633979,0.8086053354344741
4615.0,4.406002355419348,-39.42928588921531,43.57493,30,116.11318,16,0.4584,-0.4944490087283743,-0.6856093849986737,0.8198429787672842
4616.0,4.402304033062615,-46.36597777394096,44.7619,5,113.65248,16,1.54308,-0.5688103185584704,-0.7103401610927437,0.821221037704688
4617.0,4.381871241317367,-52.093672927786976,43.73707,5,114.46008,45,1.49151,-0.566168003664407,-0.7265630322005394,0.8288976488823525
4618.0,4.373681393750454,-49.02677003003061,46.33074,5,118.9677,21,1.12181,-0.58935890257857,-0.7203950595797085,0.8320048259522175
4619.0,4.359048790986956,-36.155349831021624,46.03975,32,116.54725,48,1.6429,-0.521674793451341,-0.6828942067719865,0.8376000052736771
4620.0,4.345686502135091,-34.26027515865271,46.4082,40,117.53243,22,0.7085,-0.5550126464484018,-0.6799265602240985,0.8427588957729614
4621.0,4.318359466247764,-41.04789683115097,48.09691,32,115.86369,15,0.72696,-0.5954816932952907,-0.7012351243134355,0.8534587790195576
4622.0,4.309336825965221,-23.307311027398043,47.95735,4,115.9472,14,0.40978,-0.5333582202973274,-0.6518507506688078,0.8570363656647902
4623.0,4.318095748289429,-28.415886467245297,46.37311,36,111.73522,17,2.43787,-0.5335690369323024,-0.6645797919207336,0.8535630283427504
4624.0,4.33430643807255,-43.15766874808851,44.64739,5,116.86624,29,2.71554,-0.5478035213410608,-0.7050745188930999,0.8471901656268132
4625.0,4.32145934245294,-43.41647112881227,46.2108,4,115.35687,10,0.05247,-0.590929556496663,-0.7102572292171458,0.8522348093034827
4626.0,4.309714742347929,-36.29922982208486,46.00231,40,113.73093,29,1.88432,-0.5289392496972576,-0.6883836296396517,0.8568860662126244
4627.0,4.282549693858354,-30.01537805948754,47.93195,4,109.22961,17,1.79446,-0.5489149990836918,-0.6739095097385105,0.8677913350827098
4628.0,4.321410377339977,-22.359471031564027,49.28721,4,105.11571,29,0.44913,-0.4900484775879584,-0.6520974678580804,0.8522541224473319
4629.0,4.3029028533241185,-13.142709478128182,50.49676,4,119.8531,42,0.53105,-0.4487913892400136,-0.6272554213260615,0.8596012718544648
4630.0,4.313329106903057,-18.049978356683468,52.83823,4,114.27308,28,1.57841,-0.4561177952388197,-0.6455201359333241,0.8554506083849778
4631.0,4.325733601150182,-27.95563987947058,49.18445,37,116.33453,15,0.15262,-0.4643120550535503,-0.6734012652991748,0.8505514544236967
4632.0,4.323054059650168,-23.07547729396916,48.17172,31,120.10243,22,0.22631,-0.4815149778539773,-0.6619764309550569,0.8516061690803232
4633.0,4.343186530084463,-17.417863153663035,47.51166,4,117.48401,22,4.76346,-0.4438767410847528,-0.6489090370539944,0.8437293721900883
4634.0,4.352188290245656,-22.746177213231988,45.7839,31,119.58835,24,1.42469,-0.4450622268703667,-0.6645192946497608,0.8402427606694602
4635.0,4.345890972410721,-22.516639082925497,44.61626,40,112.57576,21,0.85581,-0.4445212254010821,-0.6673371475091682,0.8426795955369122
4636.0,4.3254720868374585,-23.629052966994877,45.41719,39,116.03947,24,0.32077,-0.3958006959883934,-0.6669703524324638,0.8506543047478131
4637.0,4.332744842558006,-24.51269789830673,46.43162,4,116.97732,29,1.02694,-0.4023459709649651,-0.6703986783836634,0.8478009593942417
4638.0,4.3321296206715925,-15.833854329623776,47.13988,31,118.55684,24,0.67073,-0.3810087363911674,-0.6469082895203451,0.8480417752457429
4639.0,4.354218665816387,-14.61047828877416,48.17879,4,117.99613,21,2.24801,-0.3598457100857287,-0.6435753860798525,0.8394593316553792
4640.0,4.359234832999489,-27.130790038937725,45.95147,34,117.55515,21,1.64541,-0.3754107544155529,-0.6799063423228726,0.8375285131557058
4641.0,4.367962205515396,-31.03748105198156,46.2451,47,120.63139,7,4.79311,-0.4165158869005158,-0.6916735198488296,0.834185022202464
4642.0,4.396524377232362,-25.95584537957251,44.47036,31,113.0618,42,0.36615,-0.4042541726574425,-0.6770380403221475,0.8233816056147364
4643.0,4.354858725817755,-38.13571349874608,46.67005,47,119.16345,22,2.17739,-0.474368328545815,-0.7121707459141635,0.8392125889299062
4644.0,4.355028263506895,-32.024632183153685,47.29963,8,118.72355,10,2.7826,-0.4401192263155225,-0.6954306723304845,0.8391472504820113
4645.0,4.32343569963719,-39.13386330293006,46.89315,37,112.80815,18,3.75265,-0.4301366924369598,-0.7159685987926807,0.8514558290982703
4646.0,4.3544296129551805,-35.718978446020294,45.83812,47,116.99387,42,0.56868,-0.4475232714817098,-0.7097965331153369,0.8393779996460953
4647.0,4.3812782241481125,-40.81034790369766,45.4118,37,119.56125,44,1.19847,-0.4461535546557932,-0.7245995405654859,0.8291220508849194
4648.0,4.355760955266599,-35.35028099067019,46.06892,37,112.61942,11,0.3038,-0.3064952723532718,-0.7126746043706572,0.8388649647595096
4649.0,4.352660354070655,-29.587638898634506,47.49602,8,116.15575,21,1.39104,-0.2900751847877307,-0.6983105694432338,0.8400605150218772
4650.0,4.360779451495951,-27.673863304838054,45.68142,4,115.40749,14,0.31225,-0.2840093476078473,-0.6926806554155304,0.8369353013526032
4651.0,4.362455101777082,-23.581818961706503,45.76775,4,118.53169,19,0.97451,-0.3058910856063155,-0.6823639979207642,0.8362924791333473
4652.0,4.342879142872501,-17.471145018825254,44.41467,4,110.19326,43,0.91876,-0.2743063237541513,-0.6665774954386161,0.8438488140576769
4653.0,4.31361646785154,-29.08150194559027,46.85579,8,117.9438,29,0.26554,-0.316724177819654,-0.7004793573885909,0.8553366367734456
4654.0,4.303673252430081,-21.79927608179476,46.03444,31,112.53158,19,0.78672,-0.2880685545066709,-0.6818183425729024,0.859293545528996
4655.0,4.283157718376955,-8.64460092683143,45.81511,45,116.50273,43,1.14815,-0.267579356177241,-0.6439739610537804,0.8675449743402626
4656.0,4.289823909598439,-10.615451855256907,45.05802,31,118.88316,18,3.01763,-0.2763098456573121,-0.6511774115438311,0.8648508184107783
4657.0,4.262946418090215,-3.4122622407416117,45.72483,31,115.66354,18,0.26736,-0.264960742133579,-0.6321146498024255,0.8757908101988607
4658.0,4.262969419202765,-5.461335177911678,43.77855,31,105.19554,11,1.8012,-0.2531203532464007,-0.6415231822154943,0.8757813594584637
4659.0,4.282905435194183,-7.111653640185224,46.45112,48,112.16897,20,2.80831,-0.2527297101242722,-0.6457298697697162,0.867647182272136
4660.0,4.305248577990883,-3.312403939522781,47.12608,45,108.03164,24,0.47403,-0.2436305964841298,-0.6327588894037447,0.8586648155483344
4661.0,4.33035139997336,-8.616165644353913,47.99792,6,112.64185,36,0.98707,-0.2585945958571517,-0.6493017905148564,0.8487384000334214
4662.0,4.359219638100622,176.29699244640238,44.2343,37,115.63192,23,0.11472,-0.2143547392108433,-0.6150259294696336,0.8375343518994681
4663.0,4.3602422514687875,-8.54641095775213,44.65779,27,113.17167,26,0.02283,-0.2490323909805208,-0.6547900009379096,0.8371415418947974
4664.0,4.381776115596473,-5.537637294643503,43.58343,27,117.44202,11,0.70897,-0.2186905036037941,-0.6444725476564341,0.8289336390106496
4665.0,4.387437097422619,-18.584207758359995,41.73018,27,115.09826,18,0.92864,-0.2572773944635382,-0.6841939971090703,0.8267959213348807
4666.0,4.342317295032135,-9.166232496306122,43.0914,48,115.32068,14,1.16824,-0.25005834888352,-0.6575809225418141,0.8440671975953847
4667.0,4.3058136991201925,-11.353022798946796,46.84079,48,115.82459,17,2.37459,-0.2571995437760874,-0.6646773373436112,0.8584394375730605
4668.0,4.331124435613075,-15.447040982240097,42.95387,5,114.35838,1,2.11561,-0.261033436097252,-0.6748750251356725,0.8484354549254213
4669.0,4.331295713873755,-13.043611200497338,42.55447,5,116.7831,17,1.02053,-0.2850907383098953,-0.6691352833778161,0.8483683546000894
4670.0,4.313920537485567,-10.923098474581394,44.51461,5,122.34314,28,2.24222,-0.3017733716261858,-0.6630012317076563,0.8552160630494616
4671.0,4.310740973710493,-20.6237059142842,42.95971,48,114.56375,11,0.34385,-0.3420053712062721,-0.6906391725854371,0.8564781276756706
4672.0,4.297588388341302,-5.514635697029107,45.59991,5,118.51481,11,0.65574,-0.3294116575479712,-0.6511562216736807,0.8617285791132749
4673.0,4.284782551845566,167.21673316852468,45.9639,5,118.59173,13,1.09661,-0.3022457586215099,-0.5984312034385884,0.8668871351979771
4674.0,4.276170513777826,163.51291468718756,45.46076,48,118.87273,13,1.75567,-0.3077758035344569,-0.5894000113385376,0.8703824040426195
4675.0,4.2597915642656226,167.60574831205474,46.03673,5,117.99862,42,3.26929,-0.3254788898863248,-0.5993905369866293,0.8770885333847298
4676.0,4.26357679376691,164.1196696306033,44.79006,6,117.03551,13,0.46198,-0.31982711600742,-0.5911211607658211,0.8755318555987036
4677.0,4.27280472784025,175.96013617135304,43.79323,10,118.82511,40,1.19549,-0.4073363471353737,-0.6267489254529122,0.8717541843451504
4678.0,4.264442414043712,-3.011568146691502,46.26183,5,113.36648,27,0.90777,-0.5148472087623505,-0.6489622267913461,0.8751764510067527
4679.0,4.262648712538024,-7.103257037396958,43.81412,5,115.73314,26,3.1327,-0.5389458509606789,-0.6613146758811488,0.8759131458211551
4680.0,4.283293106898962,-8.350595286037887,43.65706,38,117.5597,1,1.98709,-0.5442182211253123,-0.6669249657951112,0.8674901315953838
4681.0,4.250276452940862,-3.786995453078532,43.12991,5,117.49651,17,1.42859,-0.5496112036241422,-0.6555899084381014,0.8810200125664953
4682.0,4.23439510905016,175.1438034147567,42.65827,5,113.36355,31,0.58851,-0.5670303429421809,-0.6335635668567138,0.8876410386761483
4683.0,4.2293889377296185,173.5738165951878,43.22629,5,115.37883,21,3.40137,-0.6061641304688293,-0.6305201262594426,0.8897436180737519
4684.0,4.181239579051767,167.76099182140825,46.22712,5,116.37129,27,3.67859,-0.5577628926243984,-0.6146627019921769,0.9103534160377398
4685.0,4.177633140284623,-1.489136341625425,46.82485,10,113.71564,3,5.28475,-0.5862529748457219,-0.6525529526438332,0.9119258618997164
4686.0,4.151964402984448,-10.444530051655406,45.10804,10,116.24456,21,3.46323,-0.6035215713542222,-0.6745127122781298,0.9232363360926802
4687.0,4.157991411733742,-22.196524435527262,45.52495,33,110.86471,41,0.79186,-0.6089776681842171,-0.7043848460564838,0.9205618136324883
4688.0,4.177420665665165,-28.390022010607765,46.42196,33,111.62398,19,0.61896,-0.5911236871723322,-0.7247884459131642,0.9120186301620431
4689.0,4.172327181167253,-24.420644669729526,45.79543,8,112.95959,13,2.98808,-0.5657640960833519,-0.7148587395063296,0.9142467335798826
4690.0,4.191800308418257,-22.35745288788189,43.88469,8,116.46149,12,0.40589,-0.5795472951390189,-0.71040186870839,0.9057721456034579
4691.0,4.209638304270989,-19.710643233455883,44.13617,47,115.80193,3,0.56298,-0.5830774577329808,-0.706144923623349,0.8981121395440095
4692.0,4.2030957267377005,172.0299344989171,42.96687,47,114.49269,37,1.10642,-0.5143756501561525,-0.6285244330850884,0.9009103349609483
4693.0,4.207591873788608,167.2044145331069,43.00456,47,118.52995,26,0.25927,-0.5298344925734103,-0.61597452017776,0.8989859747762163
4694.0,4.195444123724772,162.83990834744685,42.79951,47,109.72291,23,2.67884,-0.5445771492126288,-0.6051340610923862,0.9041994715049911
4695.0,4.180041784771367,173.9645905992016,40.9908,10,106.53016,27,0.2251,-0.5903760432992458,-0.6368513694060159,0.9108752157712477
4696.0,4.180283611943846,-11.067072290507769,39.80687,10,113.25298,43,0.93177,-0.6005259841170159,-0.6824561936340635,0.9107698315308559
4697.0,4.16774609918732,-4.0750826802226925,41.76311,6,119.62259,9,2.28877,-0.5862537355041203,-0.6626996193972843,0.9162576723177265
4698.0,4.164614177834336,172.7336616654182,42.36161,10,117.12681,20,1.68492,-0.5529830600041394,-0.6309324271919255,0.9176362999066199
4699.0,4.14942912214613,178.5181025089581,43.94276,6,115.191,20,2.28879,-0.5481405611029255,-0.6491544864377201,0.924364866495363
4700.0,4.128072660845499,168.6093282338059,45.21898,47,115.41838,32,0.07545,-0.5134404744290153,-0.6216899224825955,0.9339539552948999
4701.0,4.10048104441395,171.4392333114042,45.91457,10,111.94066,46,2.08747,-0.5257938164819667,-0.6328534943585313,0.946565157829958
4702.0,4.097560742209761,167.95321042146915,43.77164,8,112.05089,4,0.70375,-0.5180573224763616,-0.621488127701778,0.9479148590417923
4703.0,4.0974889265895325,167.62838622515915,42.26153,8,112.90971,24,0.38303,-0.5291941896636903,-0.6232991300763081,0.9479480870462178
4704.0,4.074353125968131,-4.740145665696389,43.20514,10,120.42295,32,3.21109,-0.5811576604180142,-0.6751364285223275,0.9587443068471382
4705.0,4.0693966285072625,-15.748352892608809,41.07655,10,117.94253,41,3.80667,-0.6621362900690534,-0.7102612126467616,0.9610812172625172
4706.0,4.05365110714907,-20.108759299186076,39.95676,40,117.48451,26,0.05731,-0.6825470586138964,-0.7215272701121489,0.9685619373900969
4707.0,4.064161632913563,-10.053134840096265,38.19242,10,109.53129,9,0.49552,-0.664563525908241,-0.695079699189615,0.9635587251675178
4708.0,4.033782504265484,-0.9981642090009188,39.94649,34,111.14779,30,0.93707,-0.6779422645074612,-0.6725394877575963,0.9781268388537665
4709.0,4.045366680790541,175.6743692991226,36.67124,40,111.8643,14,0.61574,-0.7286629447618476,-0.6654869080889372,0.9725329970011247
4710.0,3.988745048051164,-3.911717357038597,40.15227,34,111.05922,3,1.08951,-0.7401716883267282,-0.6858135057165098,1.0003398630577582
4711.0,4.0146038360174074,177.2047765897374,39.45818,31,100.05123,9,0.35493,-0.7261462064533885,-0.6690385253678939,0.9874946267147814
4712.0,4.013208812306526,179.91970566686018,39.06497,6,117.79725,5,0.68254,-0.765336974849991,-0.6775414543683739,0.9881812682087839
4713.0,4.028166277948303,170.80749834169112,39.22633,34,110.31924,22,2.0021,-0.7312247840049939,-0.6488302547263549,0.9808562253080272
4714.0,4.002313208866663,159.45537564268795,41.59311,34,113.47773,42,0.69204,-0.6525934436062009,-0.6101016351505334,0.9935688958519061
4715.0,3.972720915929655,166.5426756243416,43.14397,34,115.70355,45,2.54915,-0.6979451394781379,-0.6337436984691589,1.008425961452836
4716.0,3.961142292767176,164.2315269292019,42.68933,34,120.21539,23,2.02806,-0.6365037084777001,-0.6218187981574576,1.0143299398383099
4717.0,3.969961522539794,159.9238133316282,42.20769,11,108.7124,20,2.04535,-0.6075957921441266,-0.6092266870743887,1.0098282979640743
4718.0,3.955529273522015,150.90484923613442,42.40157,11,108.76697,20,0.94118,-0.6050277862755123,-0.5845918464460886,1.0172107139007356
4719.0,3.9702246363525022,155.05347176201127,40.69115,11,118.34075,27,0.06519,-0.6321550277195104,-0.5999032272182474,1.0096944561824137
4720.0,3.989381253076272,162.48851253156795,42.63593,11,117.3948,22,1.53816,-0.6667867440247768,-0.6232104227458858,1.0000208308766718
4721.0,3.9598997839015313,178.90146742048807,43.874,7,110.0479,30,0.90384,-0.7329562035349123,-0.6691283321812436,1.014966578004853
4722.0,3.9550926052485296,174.18063015419605,44.45644,4,108.50078,46,0.51993,-0.709670816338697,-0.658257957833627,1.017435339825307
4723.0,3.94719066608638,173.7202096508621,44.87772,11,110.71697,15,0.34278,-0.6913794287716831,-0.65906284119298,1.0215130549633102
4724.0,3.966534729019949,177.09274496960114,45.69458,11,110.64694,25,2.41762,-0.7058864372936758,-0.6699399953710943,1.0115738860407757
4725.0,3.955298060242908,-4.82985642676708,43.22023,7,116.36084,5,4.71842,-0.7282964440101346,-0.6946609135028099,1.0173296427376537
4726.0,3.960252340852456,-12.2978272649315,43.07526,35,114.90391,22,4.22416,-0.6664857090515899,-0.7090557262099835,1.0147858735631283
4727.0,3.9441037446982454,-26.01163451031325,41.79061,41,118.71775,26,0.1319,-0.7075856344301671,-0.7465202232414293,1.0231126906251977
4728.0,3.961712790075454,-20.171533605714885,40.57229,35,123.17195,10,0.87835,-0.7134900258021277,-0.7326144192229729,1.014037828387609
4729.0,3.97951852627852,-6.5115140304738475,41.21704,41,109.61742,43,2.11239,-0.6498817730272971,-0.6934268531873988,1.0049838203382047
4730.0,3.987306112810688,179.58220779410348,40.49499,7,112.40745,24,2.83203,-0.5902351019012645,-0.6709039034605162,1.001061996733833
4731.0,3.981154068311755,163.2454863665061,36.90058,7,110.87606,24,0.58511,-0.541715503392357,-0.6247058750754455,1.0041582528666837
4732.0,3.981588320584864,-1.941877914651883,37.60549,35,112.01898,43,0.64397,-0.5826871658036465,-0.6780621391206482,1.003939227598671
4733.0,4.006878569691276,174.81122942662452,37.53428,35,114.70907,26,0.89874,-0.6425542133031814,-0.6687064000077201,0.9913060788891744
4734.0,4.0152422406186,165.03338930889626,37.26157,35,112.29601,22,1.7057,-0.6067443042608631,-0.6417376542799619,0.9871806376906685
4735.0,4.014649771210634,155.88625319229686,38.80287,35,106.95152,33,0.18022,-0.5748686338664137,-0.6163368220962426,0.9874720292282921
4736.0,4.0361638002075875,162.6528612135653,36.98245,35,118.55211,34,1.13656,-0.5705223548627876,-0.6307478692931329,0.976973009384777
4737.0,4.0332189542639805,179.34158842735246,38.41815,35,117.32282,3,0.9201,-0.6066016040937433,-0.6829174261862502,0.9784001996101159
4738.0,4.036782374389453,179.41158063489073,40.83896,42,114.49482,41,2.12097,-0.5985549637312466,-0.685020943576887,0.9766736204547688
4739.0,4.041476837297771,158.32465955838308,39.78692,42,109.82216,1,0.79468,-0.580838216899225,-0.6290268717346562,0.9744059864230977
4740.0,4.024787115290229,156.1564224847857,39.65329,42,109.23438,14,0.79477,-0.5717096613607876,-0.6309859071341891,0.9825039468049194
4741.0,4.040640960733869,161.23375900305126,43.05658,35,102.33556,27,0.79971,-0.5615853508041985,-0.6417775556113151,0.9748091736306042
4742.0,4.032108112123409,156.723212324263,40.69554,42,118.24526,41,0.1722,-0.5465759632249771,-0.6325101894600768,0.978939370611829
4743.0,4.02506794228493,147.86791629660962,41.88589,48,108.63988,26,1.91932,-0.5430173502971786,-0.6108596598851861,0.9823668539610515
4744.0,4.060201956542693,132.089982799055,38.87284,12,114.22765,27,2.68486,-0.4806322140957388,-0.5586232094265154,0.9654390460063079
4745.0,4.070334482113494,128.40001618978388,39.60938,42,112.35466,21,0.86496,-0.460676624872366,-0.5487771332607267,0.9606383791379574
4746.0,4.072444790562072,110.69103713599488,38.17085,42,113.04893,27,3.22688,-0.4333243935387266,-0.4959038560016967,0.9596430467805691
4747.0,4.059966243365311,81.25383773744485,37.81576,42,110.50094,41,0.37431,-0.3675647317857271,-0.4084359161856725,0.96555115201778
4748.0,4.045472551396646,86.7875828324234,37.55221,42,109.94491,26,0.85322,-0.3298989094996486,-0.4213672688782165,0.9724820950067261
4749.0,4.028196392228289,84.48315637840454,36.98026,36,112.82533,13,0.52713,-0.3016661682735166,-0.4117886459444853,0.9808415598519726
4750.0,4.012968292138043,67.60487863989007,37.04309,42,113.90395,21,2.5066,-0.3007598345153599,-0.3689540637503514,0.9882997264823137
4751.0,3.998952761225919,53.27168025459051,39.42452,42,115.69946,28,0.54464,-0.2268167959240728,-0.3248000896949214,0.9952394527785612
4752.0,3.9715305094505022,43.34800509331219,42.39342,36,117.18741,28,3.39036,-0.2027472732251442,-0.299375577152155,1.0090305730512266
4753.0,3.96696384640004,50.33129568466509,43.00276,42,118.10812,41,2.02415,-0.1699009012611943,-0.3174223857824436,1.0113550484236322
4754.0,3.98560533087575,38.35644101086197,42.78653,36,116.97668,22,2.46519,-0.1216900866610516,-0.285372343235384,1.0019165476951664
4755.0,3.98895847590062,25.55796792945536,43.44246,42,116.85066,13,3.71165,-0.0528583121386058,-0.2467939517343494,1.0002328202417674
4756.0,3.98535634959997,29.91344344515595,43.5846,42,113.00812,15,0.54117,-0.0523196133218299,-0.2601120942245231,1.002041739136395
4757.0,3.997066027700724,26.72921466610869,42.59858,36,118.80879,19,1.24849,-0.0696308535983061,-0.2552442835610908,0.9961792395147955
4758.0,3.979086920167319,26.00260072741013,42.36649,1,113.48895,41,0.96513,-0.0466702895541902,-0.2512186375744753,1.005201850600796
4759.0,3.960597152782176,19.36144113241488,42.29545,36,113.32868,25,1.166,-0.0201714429867495,-0.2324114634191383,1.0146091855385095
4760.0,3.936193201678399,16.99450373646222,42.57344,43,113.69609,6,0.37147,0.0706375161561819,-0.2246853823718303,1.0272291092779073
4761.0,3.934087663305864,9.731625034968644,40.56915,37,123.28096,5,0.54389,0.109227863763992,-0.2127062579973923,1.0283289572122944
4762.0,3.935958729495338,24.411546590503193,41.97561,40,114.23201,35,0.98136,0.0844904666091478,-0.2582313443066273,1.0273515007166611
4763.0,3.902828080184429,10.255401969492269,41.58705,37,120.86139,32,0.68542,0.1202818206906464,-0.2151715800565819,1.0448676653444435
4764.0,3.914365606617348,20.962367716292743,41.03409,36,121.80133,42,0.55466,0.1056812274694751,-0.2476101371601168,1.0387172832464489
4765.0,3.920893959437353,42.29390272178807,39.41788,40,123.14024,32,0.09485,0.1147483225396816,-0.3154824530692245,1.0352612001984496
4766.0,3.962231513394769,40.90358288471228,39.93116,43,114.79292,26,0.21542,0.1498101799369737,-0.3193539518417037,1.0137723362602655
4767.0,3.966641547884684,39.96003637972749,39.97447,37,116.37485,4,2.26761,0.1632139345827427,-0.3148510813697288,1.011519404828963
4768.0,3.9570074051864097,55.8663918757357,42.22802,43,117.9104,21,0.62325,0.1234344399782956,-0.3644048244215198,1.0164509020612773
4769.0,3.990187000721926,63.76491277056155,40.03933,40,102.47946,42,1.12861,0.1582806765670396,-0.3929233445080898,0.9996169986377289
4770.0,4.008512335214399,60.29350687669629,38.0796,43,112.59515,33,0.37914,0.1408614812808955,-0.3811297907186808,0.9904981823362892
4771.0,4.028285083891457,68.2773475492873,39.49746,13,113.60391,6,0.17975,0.1388243121627941,-0.4101666062294568,0.9807983695068162
4772.0,3.9970021571572514,64.61731701764035,42.30624,13,117.59708,19,0.46188,0.1128966227855946,-0.3956866828373665,0.9962110768845469
4773.0,4.014740866083274,38.742250718733715,41.08944,13,116.40598,27,0.90261,0.1592574436836953,-0.3119542664308277,0.9874272180580523
4774.0,4.044176653348175,10.406901617119146,39.81817,1,110.28844,18,0.78786,0.2025471488313107,-0.2271267231771088,0.9731054305677643
4775.0,4.03534823974128,15.05763620263066,39.28912,43,115.68789,23,0.63607,0.1840046766673083,-0.2355734655171799,0.9773679498122569
4776.0,3.990232912026671,9.450195919888117,42.78276,43,114.64985,26,2.17858,0.1891338938065405,-0.2172184931369583,0.9995939957415874
4777.0,3.986478050569756,11.025966184092582,43.69755,36,114.59884,45,0.08802,0.2432565526423471,-0.2231733320926095,1.0014779166123606
4778.0,4.0131578980647795,-175.95951835213725,44.84543,36,112.15742,27,0.42628,0.2650388884164819,-0.1757411056823799,0.9882063421382976
4779.0,4.001008733130969,-168.92148720356207,44.68475,36,115.53341,30,2.60175,0.2825669862779782,-0.1564783613989902,0.9942168813419341
4780.0,3.9985111665202897,-164.0341665877018,44.4995,36,113.78047,45,1.49248,0.3021510519582974,-0.143300797809154,0.9954592929758762
4781.0,4.013227563846181,-164.04820483853388,43.09275,36,112.08106,12,1.50012,0.3045039667324883,-0.1468025037070793,0.9881720338074684
4782.0,4.00956030121112,-161.57774287829096,46.65985,36,106.51808,18,0.00188,0.3114665470149718,-0.1390095616604729,0.9899804832937718
4783.0,4.000055963867392,-159.5235786665874,46.92514,36,113.83181,22,0.23275,0.3703411550321197,-0.1397665178035983,0.9946905607643188
4784.0,3.9889826524970498,-161.35350850478045,46.2677,36,110.51349,30,0.38731,0.3544876116749247,-0.145991764899529,1.000220695770916
4785.0,4.031534257122646,-157.61861121107108,45.21073,36,113.87986,29,1.30772,0.3410344052823521,-0.1324960001426546,0.979218078021467
4786.0,4.0394836683206385,-158.91315561367418,46.12893,36,108.66988,38,0.4975,0.3269203734894171,-0.1382196100785362,0.975367809811284
4787.0,4.035924983588278,-168.84800478738234,44.2709,36,106.60205,33,1.01611,0.2680303381064932,-0.1610731421097967,0.9770886330870101
4788.0,4.04766328851517,-176.297447785182,43.22347,2,113.039,29,0.74111,0.2660801542034482,-0.1849850179321406,0.9714296971499717
4789.0,4.034847948608348,-173.2510605232456,43.90165,36,110.90742,45,0.37144,0.3071941289176971,-0.1803311181084823,0.9776103375499664
4790.0,4.056206552085577,-170.0143611132636,45.66908,9,107.62839,12,1.17644,0.2783416995384404,-0.1710030157190114,0.9673419171580927
4791.0,4.066203683094712,-151.55181063491474,45.9969,36,110.35033,15,3.93895,0.3036000669266646,-0.1204885237977862,0.9625911685231777
4792.0,4.072785681595284,-141.2899716358604,44.91744,11,115.09242,29,4.69307,0.2924320257050919,-0.0927355407946328,0.9594824097891803
4793.0,4.079610584393702,-149.1780644147069,45.70185,11,116.48047,21,1.73322,0.2483107540587423,-0.112703971683958,0.9562748013360939
4794.0,4.036347857582525,-138.77344453122427,48.33779,11,113.57821,28,2.93492,0.2829969485581536,-0.085709047538279,0.9768839115200916
4795.0,4.049203326948302,-144.1140259037961,47.14519,36,109.91056,21,0.38429,0.2299952149655403,-0.097840254736936,0.9706909075892889
4796.0,4.082633006173466,-144.15218193464398,43.05021,1,107.49057,42,1.02542,0.2269394496622649,-0.0979416055825437,0.9548594422119419
4797.0,4.074971911306368,-137.1575066880947,40.98694,36,108.13888,42,0.03526,0.1757367472490087,-0.0756820507068639,0.958453157906722
4798.0,4.095276795761528,-144.27538285571055,41.36894,45,102.99575,27,0.48651,0.1612788557763635,-0.0943509224331419,0.9489724630050389
4799.0,4.079999476119227,-143.77661207084554,44.03719,9,105.09942,13,0.12758,0.2386292063498194,-0.0990213885047357,0.9560925122763905
4800.0,4.053408354311324,-127.70813266458428,46.77471,1,115.29192,42,0.76391,0.3293847597049348,-0.0611330749974906,0.9686779524464726
4801.0,4.028099722846538,-121.24235273855028,47.73319,1,118.99482,41,0.39085,0.3327921805588393,-0.0412438862885516,0.9808886383711056
4802.0,4.029476926470378,-135.25899879307124,47.41369,39,114.93611,13,2.37008,0.2871952556380821,-0.0718223303510348,0.9802182523343949
4803.0,4.040225681736252,-135.3092639881972,44.55433,39,112.35013,26,0.71374,0.2890217405818414,-0.0730437677386054,0.9750095775749391
4804.0,4.056737073418593,-122.77177112047184,44.35454,10,105.8208,22,0.7783,0.3126469114136917,-0.0410067213639108,0.9670889246878309
4805.0,4.065454002317877,-125.62907343889223,46.38273,10,119.94549,22,1.52291,0.3111038957806745,-0.0501925280229112,0.9629462101152907
4806.0,4.080866800518242,-117.46933527960736,45.3537,45,101.1911,20,0.46554,0.3365427603678253,-0.030384809478966,0.9556861504503872
4807.0,4.083866851076265,-113.62094701691592,44.6304,45,107.29625,25,0.00497,0.3323638558565098,-0.0189541913092215,0.9542825524534793
4808.0,4.08379141701729,-120.44289134029547,45.29288,10,112.5947,29,2.55397,0.309280492888265,-0.0369262035147933,0.9543178069823384
4809.0,4.098798440631596,-118.11107243190546,45.37454,48,116.76006,38,0.54629,0.352437440906078,-0.0329563579703034,0.9473424690578636
4810.0,4.088184932404678,-121.08204921845233,46.73973,15,115.93379,14,5e-05,0.3337669547245164,-0.0402387444540197,0.9522677250699518
4811.0,4.07818545323556,-128.25807031321236,46.84324,15,115.441,20,1.23905,0.2596842490676336,-0.0570852545923933,0.9569432629107374
4812.0,4.0720035743565255,-120.4266521530675,46.86026,19,110.5043,29,0.12756,0.2854542827245553,-0.0384664902484326,0.9598510195856257
4813.0,4.073388849833342,-127.06613472484592,46.91964,2,118.86897,26,0.77799,0.2906295150814875,-0.0590088936601077,0.9591982795535767
4814.0,4.071013771081935,-126.2148854010255,45.6023,45,111.85432,9,1.05972,0.2674975156262619,-0.0558117915886553,0.9603178218281586
4815.0,4.076414215361191,-131.03438088302872,44.30788,10,110.63723,8,1.21125,0.2442103318630208,-0.0670031784714362,0.9577750441291909
4816.0,4.068935895239093,-145.70991593012815,43.47944,45,111.81166,18,1.31251,0.2027340469100528,-0.1050867203730184,0.9612988796544857
4817.0,4.04312033273388,-148.8931187195165,42.66731,10,106.71767,30,0.10683,0.1794067157138096,-0.1142123929145986,0.9736139712588889
4818.0,4.036039067791946,-145.52078431387434,43.97234,2,112.17955,4,0.07199,0.1984346515075147,-0.1051744428768852,0.9770333963554947
4819.0,4.0445817543386315,-146.45383918886102,44.69896,2,116.74962,28,0.19568,0.1097624097200938,-0.1069524128355562,0.9729105099277283
4820.0,4.017800399803634,-159.16229051141391,44.29891,7,115.01452,30,0.33467,0.0406805038840707,-0.1421060385570285,0.9859239494501898
4821.0,3.999091870386096,-146.90559726447276,43.13723,2,115.12417,36,0.25315,0.0073767656570486,-0.113157442950294,0.9951702148010468
4822.0,3.985939638542787,-144.87212927472808,44.44894,7,114.89235,1,0.79129,0.0097001635967887,-0.1037466510180661,1.001748489787798
4823.0,3.9643072245764457,-157.6273020948721,45.41049,11,116.52403,13,3.80642,-0.0556918944081955,-0.1390421436780673,1.0127109918439385
4824.0,3.95984286603004,-136.5994806947066,45.71105,12,114.53914,29,3.83873,0.0002155078476894,-0.083480557212947,1.0149957560073108
4825.0,4.017309562852636,-147.01693447772027,41.72129,11,113.53652,23,0.46229,-0.0125795815601161,-0.1097186556565223,0.9861648855597792
4826.0,4.027684345117412,-143.88529455906445,39.88563,11,116.6197,1,0.18828,0.0201237646240837,-0.1028231192390888,0.9810909681814679
4827.0,4.004465056779934,-155.59347021390158,43.17345,11,118.23722,28,5.21984,-0.0130660411387657,-0.1355274341698448,0.9925013701363182
4828.0,3.996399080142067,-142.5564666556038,41.16581,12,112.40542,38,4.42915,0.0513453366882952,-0.0985728407174143,0.9965117662411311
4829.0,4.0345637564653805,-130.2871169641232,38.5528,11,114.04862,33,2.8984,0.1116099955330476,-0.0630136254641625,0.9777480669198033
4830.0,4.0272948489832965,-122.90438814908693,37.09383,11,117.1332,30,0.72055,0.1675109079480559,-0.0456280984564214,0.9812807479877069
4831.0,4.035746412179661,-119.68414121918978,37.61991,11,113.68661,29,0.59846,0.2054312823995758,-0.0374088069606338,0.977175102322627
4832.0,4.011981836957172,-127.07492169744958,39.02335,11,120.21136,33,1.49348,0.1765733943870197,-0.0560823951161988,0.9887857871274476
4833.0,3.9909412405265,-115.6104657968442,38.13941,11,110.5282,9,0.49643,0.1966205686645357,-0.0264516536290343,0.9992392032053002
4834.0,3.9964327089988902,-100.63247248651042,36.79593,11,102.73152,27,0.15917,0.2232579307677112,0.0144774525510602,0.9964949955794162
4835.0,3.965841524747866,-99.59678819351711,38.07027,11,105.92581,39,1.98814,0.293129802939448,0.0187221019432908,1.0119275505127567
4836.0,3.9484696271901583,-99.34070152573577,37.17801,11,119.67735,22,0.53963,0.2864861003414619,0.0220442498820005,1.0208513991850638
4837.0,3.9446652599606065,-95.88399565985058,37.98615,11,113.27875,39,0.52568,0.306963656732343,0.0296955256836924,1.0228214352389746
4838.0,3.938673407353928,-88.85230591489551,38.04383,11,120.1795,8,0.98723,0.2793825164776073,0.045050219468349,1.025935812251084
4839.0,3.951240035131882,-84.89601748140538,38.31043,12,117.01882,18,1.09379,0.303861926219731,0.0528950800169504,1.0194203632001424
4840.0,3.919984800314925,-71.46756648654406,39.91968,12,118.44381,8,1.91202,0.3412469201433827,0.0856676901254232,1.0357414705872914
4841.0,3.916997855305044,-76.898833314707,39.13976,11,121.96886,21,0.24441,0.2308802866795321,0.0713392369104779,1.0373217024373398
4842.0,3.930259274286606,-73.41530718742065,40.83342,12,120.04433,22,0.3834,0.2006107127634155,0.0768839032017079,1.0303332833466718
4843.0,3.9019637463237298,-73.58091516744486,40.66387,1,119.68079,23,1.52716,0.1939873298322552,0.076156950506473,1.0453306191735492
4844.0,3.884525053232573,-88.28062119774675,40.49862,1,119.01151,31,1.43374,0.1071284012107157,0.034634029005125,1.0547372351807633
4845.0,3.903037397456663,-79.53922900793236,40.38708,11,119.52798,44,0.19439,0.144933751593465,0.0576394061826576,1.0447555972484046
4846.0,3.896710497870248,-79.7780158884856,42.39807,11,118.85098,29,1.38517,0.1169034587274431,0.0552905949904503,1.0481509893256442
4847.0,3.892046662972339,-78.66054883744617,41.71336,12,114.59382,40,1.01958,0.1434137464366857,0.056929203921942,1.0506644905601918
4848.0,3.899398085081691,-84.6941018725474,41.66672,11,120.42514,40,3.51167,0.1357863744736825,0.0413149790071382,1.0467066503011022
4849.0,3.896125804137915,-90.0797435525647,39.73753,11,114.94818,27,0.79837,0.1074213211601311,0.0274036849714258,1.0484656061167716
4850.0,3.873960137339903,-83.23961214278509,36.89281,11,112.88346,34,0.00661,0.1187955083325876,0.0444264108635637,1.0604979577753322
4851.0,3.865668404708289,-82.458650476967,37.76724,11,118.26563,36,1.80546,0.1205833447784391,0.0472052258340126,1.0650523040574027
4852.0,3.8766312677089374,-71.30009728816,39.99614,1,120.04462,34,0.56478,0.1234507067085167,0.073825946706869,1.0590370231736932
4853.0,3.8952745516777583,-86.55474197184891,39.69544,1,115.05142,24,1.70228,0.148864275918117,0.0373798129982944,1.0489239083169464
4854.0,3.9151396746423743,-77.94169576803534,39.46195,47,117.3911,19,1.0279,0.1434228532822661,0.0563789500881622,1.0383065912052638
4855.0,3.9085570100568474,-83.78236245306427,40.98225,47,116.60486,34,1.3138,0.1433780840205313,0.0420147161172597,1.0418069006562467
4856.0,3.8951078068613656,-79.44769258618221,42.87828,1,117.66917,30,0.68449,0.1603609251008315,0.0529885220706096,1.0490137165465818
4857.0,3.9275310220460895,-64.21139228856407,37.69642,1,122.49977,34,1.12155,0.2224079656064757,0.0940866303892985,1.0317652187809923
4858.0,3.9328631066322153,-70.98632561147014,36.62011,47,113.42027,36,0.33958,0.1991779776555622,0.0769347297943546,1.0289694285920339
4859.0,3.946057033356655,-84.0186996417453,37.21011,14,108.60707,21,5.06286,0.1524591718759972,0.0419429640376092,1.0221000647113345
4860.0,3.9549649275817806,-101.56636036513648,33.5838,14,106.0942,18,0.73094,0.0886972431161566,-0.0022228367143034,1.0175010323760476
4861.0,3.954842005284054,-102.18111327191264,32.96183,47,99.87529,27,1.09076,0.0656055318151943,-0.0040464991597027,1.0175642842118513
4862.0,3.939248148156559,-90.99443783445392,34.98174,14,116.92276,40,1.14261,0.0289794536302114,0.0186850698943987,1.0256364636774942
4863.0,3.928434671202854,-86.55516214713398,36.2838,14,110.84799,18,1.95361,0.0187180486130952,0.0304166561646348,1.031290604022537
4864.0,3.9088236134232095,-80.66211180639056,34.72567,47,122.40396,10,0.62574,0.0888234273245988,0.0476266565513894,1.0416647915296826
4865.0,3.895571912512796,-90.32954827632268,33.50472,47,108.19209,31,3.42945,0.0189356809424512,0.0205892638498896,1.0487637793336821
4866.0,3.879146680776132,-81.25339759656241,36.46483,47,99.2913,31,0.41096,0.0930798998334396,0.0493446241925592,1.0576640140639137
4867.0,3.839079956313439,-75.52061042596651,40.11963,47,122.98459,31,0.1856,0.0839965481127475,0.0634881036020222,1.079855929054801
4868.0,3.857158728624483,-71.91733442873391,37.78162,47,110.10152,42,0.08277,0.1284460017519368,0.0765786917241806,1.069756931709044
4869.0,3.844392463880274,-73.9779753147493,37.54584,47,113.20423,41,1.98366,0.1211570107126208,0.0707914872254396,1.0768735181333455
4870.0,3.8273216972670903,-68.67191356509403,37.29766,4,113.20401,25,0.35322,0.161900477722599,0.0869475731915855,1.086501166062165
4871.0,3.799765948764582,-74.75097907929641,40.79396,4,115.34292,43,0.55325,0.1827862548048029,0.0735562697166232,1.1023168309062996
4872.0,3.806772937959127,-69.97411305695574,40.88565,4,114.83477,7,0.19382,0.1979499320493389,0.0851660027657148,1.0982625761992744
4873.0,3.813278689535969,-52.44838008493284,39.92587,4,110.70709,16,0.06801,0.2734680804847897,0.1297340186085181,1.0945183292748926
4874.0,3.819599485783425,-60.5577306644739,38.79888,4,108.03695,42,1.27685,0.2956495074228922,0.1146439933529856,1.0908988382149194
4875.0,3.8349611438741062,-54.70982861484884,37.24915,14,94.77967,44,2.38611,0.3349250304857837,0.1301658269615793,1.0821767413558097
4876.0,3.817226174261541,-47.856506434215994,36.23551,14,101.55235,35,1.22082,0.3679743473310792,0.1502837930140918,1.0922557646928504
4877.0,3.830084988496903,-34.88200539614088,36.03798,14,119.69185,30,0.2435,0.3858994760562355,0.1800588705347291,1.0849339757199918
4878.0,3.8264915004274553,-33.50750570698575,37.21507,14,101.175,12,2.18177,0.3892181399245732,0.1842235388387102,1.0869726724979678
4879.0,3.8128580070924847,-16.33443679092234,37.84088,14,107.7655,9,0.3865,0.4449472329038743,0.2330142524698359,1.094759864650909
4880.0,3.772975951963872,-14.778263688588694,39.27354,14,120.59338,36,0.20773,0.4513262805762568,0.2379405894585443,1.1180263966908728
4881.0,3.758925994701982,-7.216505396500651,37.00993,18,121.7879,22,0.33503,0.4279769092780402,0.2591465943139673,1.1263998415976686
4882.0,3.746494888125961,-1.6957239025341693,36.43049,18,114.7889,42,0.9512,0.445277719646776,0.2698486921974897,1.13388717432584
4883.0,3.7561126180443742,178.41974916204828,34.24605,18,116.2784,30,0.09547,0.4300395142952083,0.2769627769358603,1.1280878494663744
4884.0,3.7725519599292143,175.02560774622742,33.21537,18,119.72866,30,1.13453,0.4196438875651554,0.2816832114476498,1.1182777177752774
4885.0,3.7566385721589826,-0.7824946538445658,36.32885,18,114.52238,37,0.75292,0.4306689647784801,0.2670553326236928,1.1277719921379954
4886.0,3.770583609111167,164.89092205942882,35.66282,18,105.99503,23,1.44225,0.4958808696657033,0.3132055851284533,1.119445567436409
4887.0,3.754403000369406,164.82122173705,35.19918,2,108.05084,27,0.31891,0.4741181716476639,0.3133081099915357,1.1291154631950262
4888.0,3.7695628474591905,169.0629631619534,36.80769,18,111.74406,7,0.78599,0.452696573148545,0.3003494261827036,1.1200519198795669
4889.0,3.780882881516141,155.85571401051936,34.23859,2,115.4804,32,0.70147,0.5068091326230199,0.3342752963985247,1.1133550474002947
4890.0,3.7481645549764497,140.54196309003615,34.90479,18,108.58733,7,1.15952,0.5066769893677644,0.3754415800000513,1.1328771908411257
4891.0,3.747953042936029,136.14820517597894,36.14224,18,119.90425,12,0.53448,0.5199023856387542,0.3857245307490797,1.1330050600671886
4892.0,3.754128722842908,142.7306939132678,33.59339,18,100.09668,34,1.17661,0.4667547274355646,0.3605571019109325,1.1292804561040548
4893.0,3.723552940342059,135.57750186857075,35.37321,15,98.96485,28,2.53555,0.4546717349450775,0.3776771442883851,1.1479026695123566
4894.0,3.690255415773282,137.80601355098756,35.09082,18,106.52591,23,0.18711,0.4196700244957003,0.3665266480758828,1.16871139672054
4895.0,3.658734544136794,124.1574996996697,36.79368,46,106.66558,28,0.99347,0.449518228632745,0.4098568121052653,1.18893559664911
4896.0,3.638586620981658,117.57013718233222,36.97131,46,104.46515,35,1.09711,0.4731570209801216,0.4290159793800783,1.2021390227713875
4897.0,3.6126314067251304,115.91133175016677,37.15072,1,104.35233,29,0.96897,0.4308296629367794,0.4288120194047501,1.2194747861504325
4898.0,3.584608711093896,120.24301118604774,38.11129,6,116.71336,13,1.47404,0.437869883183841,0.4189241762770654,1.2386158122472208
4899.0,3.568742471713126,110.5706925710114,37.22069,1,112.24843,5,1.37686,0.4720097822131576,0.4461278746939174,1.2496537959886442
4900.0,3.5652434688598875,105.40370648903342,37.31753,1,107.10049,35,2.28464,0.4835926460855488,0.4585635185945433,1.2521078712219926
4901.0,3.565469713660661,97.68706734964653,37.91419,1,117.62004,34,0.59459,0.5002413966664054,0.4815720400678663,1.2519489727144493
4902.0,3.5630854371297755,92.4196697796476,36.29244,1,114.64579,40,0.9372,0.4978452535397473,0.4965092229824921,1.2536250432583413
4903.0,3.5729082587877015,94.27013034789508,36.10493,1,107.44137,40,0.53683,0.420433733235153,0.4839649349915542,1.2467414587883485
4904.0,3.55005184391888,90.03466518454493,34.98537,19,112.26956,34,0.48867,0.4003839459409471,0.4889605857935905,1.2628470114767163
4905.0,3.490728911314066,76.16262373958881,39.68318,19,116.07395,25,2.16391,0.42805724582318,0.5330596656887658,1.3061344539930042
4906.0,3.47809983042896,78.57189068880797,38.18039,19,119.58885,22,3.75853,0.4415652567026023,0.5242822094397619,1.315636898365883
4907.0,3.4793962237025267,79.18688497797896,36.68668,1,111.03065,8,0.08338,0.433340529445906,0.5228262023343544,1.3146566908970732
4908.0,3.483914634975231,91.05033381075626,36.3474,19,113.61311,35,3.03762,0.3853795590367603,0.4854012157203236,1.3112488533160616
4909.0,3.495851303365062,91.00115004458765,35.64407,19,116.48377,25,3.19445,0.4370944102438159,0.4908197254829473,1.3023095596132679
4910.0,3.467877700467472,85.78967715815125,34.10092,1,111.62444,36,0.21168,0.4341486780826514,0.5023373831890449,1.3234044343047104
4911.0,3.4542147507610528,92.13369533646718,36.55394,1,113.54211,43,0.07482,0.431825036403429,0.4876294752741301,1.3338944413946885
4912.0,3.459864067092948,87.28637104078962,35.49715,1,109.42213,17,0.06178,0.4089061107878368,0.4996761129060432,1.3295419932088628
4913.0,3.4525123063356866,102.25918979353403,37.39945,1,110.31154,2,1.52213,0.3361279833777904,0.4534445075759023,1.3352102606262948
4914.0,3.4238893190200876,97.322670575687,37.36485,1,108.37498,35,1.31288,0.3738223919409582,0.4681610253324201,1.3576277214322456
4915.0,3.4050606018811704,106.23846435472262,38.83251,1,101.48966,5,1.49063,0.3924839581348441,0.446287708566131,1.3726835848003793
4916.0,3.403604569133383,107.7244685240781,40.22298,1,111.24325,41,1.08536,0.3573045678547265,0.4359992937743896,1.3738582804611768
4917.0,3.394566260516056,110.84110321837858,40.3421,1,103.35205,36,1.33695,0.3234114829019612,0.4252437456731872,1.3811840389173533
4918.0,3.4073417188259825,99.83161654975196,39.2727,1,106.8233,36,0.08328,0.3254358754882406,0.456380364034367,1.370846255936939
4919.0,3.430673244913476,93.77711940641944,38.51855,1,109.14457,18,0.4509,0.3667497896469359,0.4801802280523979,1.3522637948367044
4920.0,3.452701332765405,98.38384353424416,38.635,1,115.90303,39,0.89995,0.4004327042502272,0.4718403324460614,1.3350640660410609
4921.0,3.4468064770186855,96.78775653177568,38.56817,1,117.92758,18,0.29912,0.343754346981855,0.4717048396493667,1.3396345227379605
4922.0,3.4695357632638344,84.06832626991752,35.65107,1,120.41242,17,1.55846,0.3653114902741369,0.5103116698951512,1.3221398482098112
4923.0,3.4535632821357134,88.46611992093489,36.18223,1,117.62646,30,2.55456,0.3577115878616041,0.4986302371454635,1.3343977316307747
4924.0,3.4368898205199656,81.5650928446411,37.23012,1,106.53592,30,2.1231,0.3425522926725428,0.515277911361975,1.3473763251463162
4925.0,3.454098414425391,65.95537369392073,36.15435,20,114.59893,5,0.80212,0.4238281389085358,0.5674382978098751,1.3339842958146513
4926.0,3.4262252458855307,56.7582972249464,36.02137,20,117.89812,48,0.48483,0.4480253703482345,0.5952307282559637,1.3557771495803688
4927.0,3.4041284840641426,54.67065998914515,36.69962,1,113.37069,18,2.16061,0.4579184450918129,0.6023006050898597,1.3734354236390929
4928.0,3.413863452496136,57.15946405112189,35.63437,1,110.23575,30,0.79329,0.4663137307236989,0.5974315453857587,1.3656136186714687
4929.0,3.428137913399541,51.95665220111755,35.35622,1,115.74823,28,0.34409,0.4675024184749772,0.6126238236197646,1.3542647089639666
4930.0,3.4388955699651245,45.7146199764469,37.11437,20,113.77911,16,0.17767,0.4394162884306892,0.6357947167019097,1.3458050583602759
4931.0,3.426911773588278,29.936215267276452,40.94447,22,121.65266,48,2.17541,0.5015710431881258,0.6864253031454712,1.355233986872936
4932.0,3.3992019894958228,26.132382693393552,39.67151,20,118.57358,6,0.73979,0.5236888534192248,0.6929851545109198,1.3774193736069278
4933.0,3.401055816610812,27.94531306996265,38.487,22,113.35034,25,0.54103,0.5379593258745569,0.6970765672752128,1.3759181918571233
4934.0,3.3991035705981365,11.049402339598116,37.82529,1,116.11361,36,0.33576,0.6010000490447247,0.7445525035073968,1.3774991393782101
4935.0,3.396672299898411,16.59874189510191,35.9011,20,111.56035,37,0.30628,0.583002482988319,0.7299015826564942,1.3794718182832109
4936.0,3.3656957947370167,20.977835333253296,37.20372,20,114.77677,12,0.79361,0.5186363880927165,0.7214376811409737,1.404980871356376
4937.0,3.366660934305497,9.74420650697138,36.6873,20,114.97511,21,0.49103,0.5671330717636353,0.7528753095884363,1.4041754393322303
4938.0,3.361106791443253,2.7311705952180176,35.57838,20,115.22723,14,1.43429,0.5916649244217146,0.7781369214617353,1.4088200015520214
4939.0,3.3898540902476846,9.912200476497487,32.95667,1,112.74675,9,0.69162,0.581017438176436,0.757490085639209,1.385026621973898
4940.0,3.379790699863505,5.2998082136006275,34.03249,1,111.39234,44,1.27737,0.5985678097600443,0.7732194895636368,1.3932867867309802
4941.0,3.3713029317324774,1.7640587343156966,32.36904,1,118.19475,27,0.94988,0.6496208680839473,0.7804403841582369,1.4003112411753822
4942.0,3.3736267841584433,1.637709788218487,32.31321,1,115.17058,33,0.91367,0.6413938725495009,0.781543171944026,1.3983827552355639
4943.0,3.344503854901985,6.34466982788328,35.5447,22,119.447,17,0.44674,0.6074774693810987,0.770099468571504,1.422842175428511
4944.0,3.3384936578555067,8.129287417101395,36.51992,22,119.76376,33,0.05959,0.6887807740404033,0.7705880038339075,1.4279697930229887
4945.0,3.3112504616219476,-176.19812240700304,38.72382,1,120.15234,30,0.85843,0.7273072247438463,0.8045940646398249,1.451563596060751
4946.0,3.32080308858117,-171.29206362414925,37.34352,1,118.64619,33,0.8965,0.7282226341619422,0.8173671068387901,1.4432244676388364
4947.0,3.3285510865702572,0.3887888641731223,35.54565,1,107.2047,29,1.45032,0.6974642891780454,0.7905449878572212,1.436513387966366
4948.0,3.337526655304427,-179.77533441095238,37.05055,1,112.36177,12,1.72437,0.7405641910294214,0.799731851569805,1.4287973822029916
4949.0,3.319061656102586,6.735613115732619,37.02322,22,101.12202,12,0.58842,0.7222501158174688,0.7829079008029516,1.4447393158404107
4950.0,3.32795840060785,12.15034453134679,38.4938,22,94.83564,12,1.99339,0.6631493700896902,0.7665411145564696,1.4370250993711677
4951.0,3.3505057690054434,4.2067846890270175,36.06162,22,108.32477,16,0.27637,0.6715612938836608,0.7872782784141857,1.4177491367878063
4952.0,3.3693389666899116,7.388969023038442,34.22421,1,95.90539,35,0.34025,0.6613488856425211,0.7800583929650734,1.4019441809770152
4953.0,3.36763331501481,12.28069029361484,33.9367,22,107.33587,16,0.90548,0.6044274892691188,0.7659189344309268,1.403364664608197
4954.0,3.331573136805668,6.99775456647599,39.08865,22,112.80129,29,0.15355,0.5598574382959612,0.7837647830878594,1.4339084644070645
4955.0,3.3162927056251466,-175.01737585437385,38.74533,22,119.29333,16,1.9879,0.6338234309575176,0.8126966346149325,1.4471529035738406
4956.0,3.3006488731054135,8.285797023953648,39.45978,22,115.25145,7,0.49819,0.5830547181945966,0.7739539192483379,1.460903331889546
4957.0,3.2888734957688115,2.5450576644877856,38.46487,22,100.32663,32,0.13753,0.6192318538485987,0.7983967844676888,1.4713832022670712
4958.0,3.303844677847245,-177.5650364842956,38.39034,22,101.70573,38,1.66145,0.6677173044705647,0.813114672181088,1.4580784389500954
4959.0,3.2970156577960257,4.347191379798218,37.98298,22,111.28409,33,0.87363,0.6460485530200382,0.7954062314442815,1.4641248518395278
4960.0,3.2480244277880415,-175.22480742021585,39.39159,22,113.97978,14,0.96535,0.7096675103152148,0.8244789569428554,1.50862589512649
4961.0,3.237745029827155,0.6648671568442666,38.10234,22,113.57362,47,0.81415,0.7341855284131198,0.811911334599271,1.5182204637696177
4962.0,3.239741666097493,2.432169602612632,37.69481,22,116.35388,36,2.58945,0.7065773361102933,0.8094855579086325,1.5163496973574768
4963.0,3.2423006126343137,-178.1475979150392,37.50759,22,118.42606,16,2.76687,0.6869713367335231,0.8185546793109743,1.5139571205752502
4964.0,3.2396574290005975,-168.52577499687584,38.42552,22,117.80989,48,3.56644,0.659853349696749,0.8372355543997015,1.5164285541871447
4965.0,3.2402428698439496,-172.02971134041923,37.43662,22,104.57242,7,1.10047,0.7067905957560969,0.8369062117586844,1.5158806329070524
4966.0,3.261047434919799,-171.8025090260997,36.5208,22,108.4253,34,0.5023,0.6741920029708511,0.8386658007399211,1.4966005466453152
4967.0,3.258790681594269,-167.78577949998453,37.61793,22,110.32723,20,0.03241,0.6962332371793839,0.8539963801339288,1.4986740935876022
4968.0,3.2261780804928235,-165.93750702072657,38.44837,22,115.11742,33,0.36006,0.7237006744331342,0.8613569602818926,1.5291266568896795
4969.0,3.24987217511304,-165.5949847005724,37.76684,22,117.40232,32,0.12637,0.6753669306233021,0.8630299900964636,1.5069108941267095
4970.0,3.251507689225914,-150.5127273169474,39.62846,22,116.62098,32,1.12804,0.7115666661060602,0.9020646183012366,1.5053953177066963
4971.0,3.298259219168493,-147.4478233908995,38.2476,22,114.02613,10,1.01856,0.7037841747246815,0.9165695395122768,1.4630210053863877
4972.0,3.31184183672789,-147.3237013013453,37.03127,22,120.26443,12,1.52274,0.7272787338476435,0.9173698616964848,1.4510452488832761
4973.0,3.32539110397271,-154.47392397397164,35.96257,22,116.37798,39,0.22904,0.7536762700556573,0.9022675364420512,1.4392448044810155
4974.0,3.331905099667162,-149.78778991896397,36.42133,24,106.66374,30,1.09193,0.7898539592395243,0.918683143473747,1.433622753601863
4975.0,3.3297765880774937,-139.60328296277055,37.43385,22,114.21253,35,3.76114,0.84194941655079,0.949414615703714,1.4354561846886735
4976.0,3.3417521064850098,-137.52552057876943,37.77822,22,120.19669,39,0.1327,0.8201869032244149,0.95964925236184,1.4251864042026865
4977.0,3.328961131656091,-144.05812116238556,36.73056,1,110.32302,10,2.15546,0.7877775644586333,0.9428970104809008,1.436159524430602
4978.0,3.3202940173572344,-142.37536772039323,37.16941,1,118.51248,47,0.05842,0.7977017475278803,0.9510078176847546,1.443667055171832
4979.0,3.3011837264923263,-151.4585248821572,38.10124,1,106.57123,34,1.68327,0.8103802394953832,0.9310151672073892,1.4604299830174101
4980.0,3.292307592949018,-148.49368787394073,37.06096,1,113.12456,13,0.05574,0.8568772972560583,0.9416360752200068,1.468315300790062
4981.0,3.289668464660772,-165.34273387988452,38.53801,22,97.44878,39,2.82532,0.8206060523868729,0.9019626830072344,1.4706721503459412
4982.0,3.265477408060395,-163.7782275875229,36.55896,1,106.50908,38,0.93652,0.8121632131284364,0.9022320932950126,1.4925427000840288
4983.0,3.272965623199706,-164.43332793673596,36.10815,22,106.51823,38,0.25233,0.794795205493043,0.9079048277711076,1.4857209385394439
4984.0,3.2642008603735406,-156.44556787027707,36.62383,22,90.68713,32,0.70076,0.8242114085349683,0.932981341969954,1.4937103209326918
4985.0,3.2834907534153337,-155.05597476375544,37.95146,1,108.70238,7,0.22911,0.828021191682014,0.9336136938298152,1.4762113373872936
4986.0,3.2716639088850745,-157.4418576416141,38.0448,1,104.32371,20,0.94829,0.8376865508862327,0.9332999326731704,1.48690343711473
4987.0,3.2142095197101006,-158.21736165402058,38.43204,25,116.31347,13,0.31133,0.8674263843855157,0.937494139092476,1.5405356949294686
4988.0,3.2068508819422763,-145.90236862000685,40.30583,22,116.58347,10,2.82501,0.9436884946416018,0.973696968173737,1.5476138229669794
4989.0,3.2185594042456693,-149.20430079421658,37.97751,25,110.42091,34,0.2157,0.9861599056645904,0.9674250014304469,1.536374439380332
4990.0,3.2263977613470036,-149.69815520077498,37.81657,1,93.37949,39,2.14992,1.0186851919996105,0.9715224955995893,1.5289184318419147
4991.0,3.242550770141241,-142.2487157838645,37.98007,25,110.36262,14,1.07007,1.041253824468833,0.9976661512782458,1.513723530937579
4992.0,3.2325924337481458,-140.33194206326104,38.76781,48,100.92054,21,0.0366,1.0267082380524408,1.0017587539756958,1.5230642611447525
4993.0,3.210145340724055,-137.350343368281,40.11453,25,99.25498,44,4.86482,0.9835570261644284,1.009749024498966,1.5444389301330872
4994.0,3.21966617331601,-134.21085183985412,39.56187,25,119.21512,23,4.06059,0.9996034608119756,1.0169246976460824,1.5353183550797507
4995.0,3.2326313645895097,-141.20631091646365,37.24573,25,117.79727,10,0.50371,0.999341047764922,1.008568976746358,1.523027576593124
4996.0,3.202820281646294,-121.1776009176699,40.34479,25,119.85979,20,6.29147,1.0318581204776476,1.059159111874231,1.5515114739012033
4997.0,3.209738468662791,-131.6681318502276,38.61028,43,121.64815,29,1.62116,1.0449106249036009,1.036095616586072,1.5448305065091579
4998.0,3.2071939586942912,-135.14482823124774,36.08607,43,110.1792,39,0.50252,1.049276617639118,1.029114134665708,1.547282741072681
4999.0,3.1636423997266188,-145.35602624927014,35.71842,43,109.63122,41,0.18864,1.0105851915896666,1.0025117103189911,1.590176594358591
