F,K,theta,n_runs,mean_curv_over_27_streak_mean,mean_curv_over_27_streak_max,max_curv_over_119_streak_mean,max_curv_over_119_streak_max,turning_number_over_3.7_streak_mean,turning_number_over_3.7_streak_max,winding_number_over_3.4_streak_mean,winding_number_over_3.4_streak_max,density_over_2_streak_mean,density_over_2_streak_max,Rg_under_6_streak_mean,Rg_under_6_streak_max,winding_number_under_-3.4_streak_mean,winding_number_under_-3.4_streak_max,turning_number_under_-3.7_streak_mean,turning_number_under_-3.7_streak_max,Rg_mean,Rg_max,Rg_min,turning_number_mean,turning_number_max,turning_number_min,winding_number_mean,winding_number_max,winding_number_min,density_mean,density_max,density_min,direction_mean,mean_curv_mean,max_curv_max,min_curv_min,mean_neighbor_count,max_neighbor_count,max_neighbor_monomer,mean_neighbor_distance,min_neighbor_distance,mean_curv_times_over_27,max_curv_times_over_119,turning_number_times_over_3.7,winding_number_times_over_3.4,density_times_over_2,Rg_times_under_6,winding_number_times_under_-3.4,turning_number_times_under_-3.7,Rg_under_2_unique_streaks,winding_number_under_2_unique_streaks,turning_number_under_2_unique_streaks,mean_curv_over_27_unique_streaks,max_curv_over_119_unique_streaks,turning_number_over_3.7_unique_streaks,winding_number_over_3.4_unique_streaks,density_over_2_unique_streaks,mean_Rg_when_Rg_lessthan_6,min_Rg_when_Rg_lessthan_6,mean_degrees_when_Rg_lessthan_6,min_degrees_when_Rg_lessthan_6,mean_mean_curv_when_Rg_lessthan_6,min_mean_curv_when_Rg_lessthan_6,mean_max_curv_when_Rg_lessthan_6,min_max_curv_when_Rg_lessthan_6,mean_min_curv_when_Rg_lessthan_6,min_min_curv_when_Rg_lessthan_6,mean_max_curv_monomer_when_Rg_lessthan_6,min_max_curv_monomer_when_Rg_lessthan_6,mean_min_curv_monomer_when_Rg_lessthan_6,min_min_curv_monomer_when_Rg_lessthan_6,mean_turning_number_when_Rg_lessthan_6,min_turning_number_when_Rg_lessthan_6,mean_winding_number_when_Rg_lessthan_6,min_winding_number_when_Rg_lessthan_6,mean_density_when_Rg_lessthan_6,min_density_when_Rg_lessthan_6,mean_neighbor_count_when_Rg_lessthan_6,min_neighbor_count_when_Rg_lessthan_6,mean_max_neighbor_monomer_when_Rg_lessthan_6,min_max_neighbor_monomer_when_Rg_lessthan_6,mean_tail_direction_when_Rg_lessthan_6,min_tail_direction_when_Rg_lessthan_6,mean_head_and_tail_angle_diff_when_Rg_lessthan_6,min_head_and_tail_angle_diff_when_Rg_lessthan_6
5.0,5.0,0.0,5,0.049,8.4,0.00116,1.2,0.0,0.0,0.0,0.0,0.0,0.0,28.739440000000002,417.4,0.0,0.0,0.0,0.0,9.529810699095258,14.474007411760283,4.854137039151773,0.019368074178581635,0.994262257048981,-1.1610252877917966,-0.02540124833772628,0.6297176812855719,-1.0385411735502315,0.23245979969935596,0.8492699408385758,0.07597008450210338,-16.98723530671689,21.5101498724,122.51367599999999,0.000212,0.50492,2.6,33.0,1.0076187578280724,0.9391499095946555,101.6,5.4,0.0,0.0,0.0,434.4,0.0,0.0,5.0,0.0,0.0,52.2,5.0,0.0,0.0,0.0,5.028856695461764,4.275626876605758,-10.546573101309207,-130.80513791096556,24.252139315476814,19.868522499999997,82.52940423573139,53.9000575,0.779692115515616,0.014507500000000001,16.982508239759326,4.0,25.573705988200913,1.0,-0.4828947852018472,-1.0873072699936621,-0.3655737717612834,-1.0118974701300005,0.6917282542455836,0.4424799988337808,0.5388152695170757,0.0,3.129783703689464,2.0,-34.086952373266,-165.4612883606704,23.54037927195679,-200.54333064587087
5.0,5.0,0.5,5,0.1654,17.6,0.00236,1.2,0.0,0.0,0.0,0.0,0.0,0.0,45.43404,383.8,0.0,0.0,0.0,0.0,9.32192510050153,14.490797487005077,4.86354625329758,0.15207855271424317,1.548325887513629,-1.007966982327342,0.13606555273549012,1.2861993206095188,-0.5883519790714814,0.2680394876355752,0.8717412149203904,0.07579414533721848,5.4316984192031565,21.442437092400002,121.23174999999999,7.999999999999999e-05,0.5226,2.6,39.0,1.05343812771673,0.9397463755788305,165.2,11.2,0.0,0.0,0.0,580.0,0.0,0.0,2.8,0.0,0.0,75.2,10.6,0.0,0.0,0.0,5.1248781125041845,4.403324303973228,41.20295756323067,-69.87801989584202,23.510709297862544,18.225515,84.7925868740038,55.814679999999996,0.7032840499647315,0.0037224999999999997,16.634301051156235,3.0,26.42019835115845,1.75,0.4747666859422631,-0.20239900590780335,0.4074320361908999,-0.12514312229142727,0.6834493172487055,0.4423891259707645,0.5377603792226671,0.0,2.892892557092406,2.0,7.6982102594663,-115.4963033636844,33.50474730376436,-168.3143500239208
5.0,5.0,1.0,5,0.057679999999999995,10.0,0.0016800000000000003,1.6,0.0,0.0,0.0,0.0,0.0,0.0,30.90452,350.8,0.0,0.0,0.0,0.0,9.772279791249243,14.469282935693098,5.391156378974218,0.07262643832464323,1.2089631074923597,-1.129682609249337,0.039136973371911264,0.9062885860609493,-0.8300104040075376,0.23189547477805245,0.8162668717843493,0.0760201855259385,-16.291894306685293,20.9912618124,121.80036600000001,0.00015000000000000001,0.50544,2.2,38.4,1.0095001505311176,0.9457669279137171,93.4,7.6,0.0,0.0,0.0,351.4,0.0,0.0,0.6,0.0,0.0,45.0,7.0,0.0,0.0,0.0,4.155435823353999,3.2414122790831206,-25.35918380116596,-179.83064733700166,24.91703491584591,19.59243,92.88970282828743,57.7465,0.7811588496968815,0.000825,17.81465619253946,1.0,25.797998325110598,1.0,-0.142744737039539,-1.4982583795403814,-0.07890976027375801,-1.1155146041880202,1.0234994594188647,0.44313725524377195,0.608057674452475,0.0,3.9450381401445505,2.0,-5.999414606462636,-178.74925872475546,-19.359769194703322,-309.97170211380865
5.0,5.0,2.0,5,0.02812,6.8,0.00132,1.4,0.0,0.0,0.0,0.0,0.0,0.0,31.79596,383.0,0.0,0.0,0.0,0.0,9.4761048799215,14.474239958915328,5.198389945173254,-0.12098205428260886,0.9046647713877698,-1.0368230724372092,-0.08834926576802442,0.6017352793250437,-0.7870029368351548,0.21933407298259705,0.6338995635045578,0.0759677559622296,-3.663505824416574,21.2160591436,121.897152,0.00027600000000000004,0.5029199999999999,2.4,38.0,1.0074224860998728,0.9463211244293428,61.6,6.0,0.0,0.0,0.0,385.4,0.0,0.0,1.4,0.0,0.0,33.8,5.6,0.0,0.0,0.0,5.12444403429301,4.552352539613365,-2.197173899207004,-134.13813599248266,23.161030359198296,17.4113,83.78434832284323,48.03413333333333,0.6717620247666733,0.0015999999999999999,16.638014253786462,1.3333333333333333,25.454673126912414,1.0,-0.24747595511526332,-0.7687457555392844,-0.23158355967364894,-0.7467342122055042,0.6221095184994234,0.4426446597621101,0.5439630034627301,0.0,3.4983986072343245,2.0,-19.285280423790052,-179.7831015972903,17.08810652458305,-280.96451986690266
5.0,5.0,5.0,5,0.15996,13.4,0.0028799999999999997,1.8,0.0,0.0,0.0,0.0,0.0,0.0,50.31732000000001,527.4,0.0,0.0,0.0,0.0,9.149667381468147,14.481206725828898,4.590824416695158,0.13844576868288883,1.3826036860842272,-0.8118014032668072,0.09833713479704671,1.2175600617490594,-0.623452078315481,0.2787700427459624,0.9105526900036038,0.07589461802132347,15.398460494924496,21.7081709204,122.718796,3.0000000000000004e-05,0.50484,2.4,46.8,1.0129889670575332,0.9362934501196186,231.2,12.6,0.0,0.0,0.0,650.2,0.0,0.0,2.6,0.0,0.0,95.0,11.0,0.0,0.0,0.0,4.9996846839226095,4.216089958972658,5.083780949284138,-144.8598025890814,24.676258361967005,19.149285,85.45765219674598,54.6617575,0.7801516780692754,0.0033225000000000004,22.550538317311023,2.0,24.721036743696864,1.0,0.6207100096547921,-0.08129093352366994,0.41495636767761623,-0.28976693690430344,0.7129665667306505,0.4427119367677158,0.5372203306185026,0.0,3.188479955042496,2.0,-36.18264764366582,-179.42527863448126,41.26642859294995,-294.89328035959727
5.0,5.0,10.0,5,0.16116000000000003,15.8,0.0054,1.6,0.0,0.0,0.0,0.0,0.0,0.0,115.70931999999998,622.6,0.0,0.0,0.0,0.0,9.238899168603742,14.476778205270369,5.200406683007435,0.2341641840401696,1.4887624378214235,-0.7858164733816027,0.1549011641776856,1.1221141785542301,-0.5788124799617248,0.2652685197509207,0.7618168892513996,0.07594122428566999,-5.2924593465185374,21.332629843600003,123.39318800000001,0.00011399999999999999,0.5200400000000001,2.8,37.2,1.0343876146612991,0.9350916967548129,231.8,25.4,0.0,0.0,0.0,708.8,0.0,0.0,2.6,0.0,0.0,95.4,23.8,0.0,0.0,0.0,5.057204006626786,4.138964609864712,0.23921228469913794,-179.9069605245563,24.82597450057176,18.783816666666663,90.07521955640804,53.320856666666664,0.7534145879512341,0.0013233333333333335,18.85630045582232,2.0,24.657564945275087,1.0,0.7239937223410199,-0.10117135686809053,0.5866549338021143,-0.10427411751693333,0.6849059575171713,0.44221450579931604,0.5714869931221402,0.0,4.357095530683906,2.0,25.871851684262513,-179.81651232887975,-25.632639399563374,-340.82970428808716
5.0,5.0,15.0,5,1.6683999999999997,63.4,0.008000000000000002,2.0,0.0,0.0,0.0,0.0,0.0,0.0,46.255720000000004,381.4,0.0,0.0,0.0,0.0,9.94344762279557,14.475221484886788,5.040194685815058,0.21479586222501434,1.2436146661713008,-0.7256686253977962,0.13371313069424706,1.006704211195586,-0.4367798371026,0.21945415078814062,0.7438062974529864,0.07595756932789341,-18.055500320325955,20.647869794400002,124.301602,2.4e-05,0.5134000000000001,2.8,41.8,1.0212114618720647,0.9416190310556731,187.2,38.2,0.0,0.0,0.0,427.6,0.0,0.0,1.8,0.0,0.0,54.2,36.6,0.0,0.0,0.0,5.295213270883611,4.6965926152793225,-16.488304442745235,-165.91634267590752,24.284635915538,19.8072075,94.20792508886936,63.0790025,0.6695054147578166,0.0018975,21.233574253881528,9.75,24.224872374984564,1.0,0.49242001001555763,0.03130710662334462,0.3559524936546974,-0.02970758521576838,0.6007163977918312,0.44368738783352457,0.5735687320528066,0.0,3.2921086610806705,2.0,-0.6138399875522111,-93.06443519478455,-15.87446445519302,-220.0731438812246
5.0,5.0,30.0,5,1.23104,45.6,0.0262,3.2,0.0,0.0,0.0,0.0,0.0,0.0,372.83916,1162.0,0.0,0.0,0.0,0.0,8.309426600401563,14.486276478804143,4.593691238743069,-0.03501539938502015,1.513338833547494,-1.0576563918219306,-0.1752670819101892,1.3259666708569156,-0.8952254679698142,0.48502941445148745,0.9655940394322832,0.07584147890865141,5.925308074662292,22.0038379456,124.72757200000001,0.00020600000000000002,0.60988,3.2,46.8,1.124376737870145,0.9184290749089519,486.0,117.8,0.0,0.0,0.0,1314.4,0.0,0.0,2.0,0.0,0.0,126.6,106.0,0.0,0.0,0.0,4.744317847165769,4.2043924743576415,-17.527904135186873,-155.28843965079736,24.831351513704533,18.3613625,99.51272425217991,64.13044500000001,0.769037318017591,0.0017875,17.31328460568349,1.0,27.11064525966648,1.0,-0.04700888299082165,-0.698949811400586,-0.2232932801828236,-0.8735503546666437,0.8720576953130543,0.44323193096398245,0.6830779049818609,0.0,3.4063023617673545,2.0,46.943239952986765,-179.28737425264126,-64.47114408817366,-302.6934718569072
5.0,5.0,45.0,5,10.66564,207.8,0.04436,3.0,0.0,0.0,0.0,0.0,0.0,0.0,124.24488,915.2,0.0,0.0,0.0,0.0,8.680098181698792,14.483491418115126,3.6703611277888486,0.48391024838008817,1.5663376890994454,-0.5098974035903485,0.30553680070079386,1.4106726866006654,-0.47017546222592355,0.36118476960175244,1.42684938591623,0.07587078055615426,8.613464057113056,20.990009537600002,125.95443800000001,0.00011199999999999998,0.58504,3.6,50.0,1.152664502439609,0.9150742172341142,454.6,194.6,0.0,0.0,0.0,917.2,0.0,0.0,2.0,0.0,0.0,86.2,169.8,0.0,0.0,0.0,4.393140698301495,3.6703611277888486,-3.6940229221521284,-149.29158593384562,25.93765722244234,19.785843999999997,105.45970228034625,73.965408,0.7689871757473188,0.0026880000000000003,19.189194546789878,5.2,25.11850331156615,1.0,0.6187329864045992,-0.1219881098990312,0.4545274179467886,-0.3706819360383878,0.9847821569116434,0.44355786557347104,0.6858427048495737,0.0,5.708786534217168,2.0,12.88375826843706,-124.1925718762233,-16.577781190589196,-231.78618441051987
5.0,5.0,60.0,4,0.47534999999999994,27.75,0.05324999999999999,4.0,0.0,0.0,0.0,0.0,0.0,0.0,265.45805,1062.25,0.0,0.0,0.0,0.0,8.550808837567846,14.472061958661033,5.373606084437928,0.5602494597968607,1.4214579654778823,-0.27719083043887716,0.24590485488400085,0.8666236516545429,-0.2165927489198863,0.33003139493151334,0.641392007179315,0.0759907840206568,2.848643268970752,19.961985355,125.31736500000001,0.00011499999999999999,0.56175,3.5,50.0,1.0656208475301545,0.9219583559888849,314.75,220.25,0.0,0.0,0.0,1304.75,0.0,0.0,3.25,0.0,0.0,101.5,185.25,0.0,0.0,0.0,4.9741981314322565,4.1920011568437445,-4.80323437372046,-179.95620379398537,24.867996779083153,17.433705,106.73932075002219,70.13992999999999,0.6615905779845175,0.000115,25.570394572210432,1.0,24.476290310862844,1.0,0.966202906843338,0.38371018610221536,0.2122608202965926,-0.0979571285477428,0.6630266937026942,0.4422753579529314,0.5829860914910276,0.0,4.059341222624939,2.0,-14.816627638567912,-179.91310170378551,10.013393264847455,-356.28482987103683
5.0,10.0,0.0,5,0.0,0.0,0.0,0.0,0.0,0.0,0.0,0.0,0.0,0.0,36.85616,271.4,0.0,0.0,0.0,0.0,11.541122846352781,14.465961002911595,8.084995410519173,0.008980482551375814,0.762633561415303,-0.7691580125831213,0.035354585619131594,0.6225165138994952,-0.47333368992851355,0.14878247733673122,0.325610214884939,0.07605496635229066,-10.452119241175833,14.825837938000001,99.930728,7.400000000000001e-05,0.50324,1.8,18.0,0.9999594111080932,0.9578382126686386,0.0,0.0,0.0,0.0,0.0,271.6,0.0,0.0,0.4,0.0,0.0,0.0,0.0,0.0,0.0,0.0,5.232734531208911,4.7331473528826455,8.820326201230452,-179.80270925620923,17.97526428571429,13.27057,61.79259727540501,33.99111,0.5850297128129602,8e-05,17.385125184094257,1.0,25.137702503681886,1.0,0.8577927722943501,-0.2550117318826204,0.697588466616852,-0.2972474125923001,0.5858747248168115,0.4422482552069148,0.5773195876288659,0.0,3.740058910162003,2.0,13.030731590966758,-179.83844133186847,-4.210405389736303,-357.688436887594
5.0,10.0,0.5,5,0.0013599999999999999,0.4,0.0019199999999999998,0.8,0.0,0.0,0.0,0.0,0.00064,1.0,433.25699999999995,1185.0,0.0,0.0,0.0,0.0,9.728604524167206,14.48435685573494,6.217423686136068,0.6123305260698955,1.6671995831901718,-0.6784697700707293,0.6038596554045192,1.520487689482258,-0.48165827516786547,0.46671192559602626,0.9209783407738188,0.07586160030965532,-12.306705778768901,16.559962076799998,101.298666,0.00011,0.6368000000000001,2.0,14.4,1.0998806458358508,0.9446095071392738,6.0,7.8,0.0,0.0,1.2,1185.0,0.0,0.0,0.4,0.0,0.0,5.2,6.6,0.0,0.0,0.4,3.7465766082284224,2.845520222090964,14.422013556301614,-179.74970544024472,21.78246901330612,13.951905,74.87712740748177,36.878135,0.9568501604207099,0.00021,8.394834816748087,1.0,31.870428740324343,1.0,2.515620464243807,1.067991386980315,2.3105876618747136,1.085969337457618,1.3516529790071938,0.4424501994247645,0.9193435053202168,0.0,3.9411976622275757,2.0,0.39390507676451225,-179.97319971339903,14.028108479537103,-340.1917239733852
5.0,10.0,1.0,5,0.0,0.0,0.0,0.0,0.0,0.0,0.0,0.0,0.0,0.0,0.0,0.0,0.0,0.0,0.0,0.0,11.981540883569814,14.469972598863317,8.593077804280723,-0.07714805749584965,0.6232793454744199,-0.7384489965211991,-0.03752008619496456,0.4157794014423886,-0.4817215198226279,0.11781418520628444,0.2382653737934139,0.07601289235644756,-18.98303790063476,14.435945845200001,94.49187,7.799999999999999e-05,0.49664,1.2,11.6,0.9936877152664646,0.9691641349481659,0.0,0.0,0.0,0.0,0.0,0.0,0.0,0.0,0.0,0.0,0.0,0.0,0.0,0.0,0.0,0.0,,,,,,,,,,,,,,,,,,,,,,,,,,,,
5.0,10.0,2.0,5,0.00044,0.4,0.0008399999999999999,0.4,0.0,0.0,0.0,0.0,4e-05,0.2,20.10012,200.4,0.0,0.0,0.0,0.0,11.398085021277831,14.480374398887326,6.894309967093223,0.18818487251298893,1.3032873510591167,-0.7011330087254779,0.16112677193349953,1.040997244081914,-0.4480481646567789,0.18580396963869367,0.6103285916617684,0.07590336166558304,-26.073994411940372,15.1297070448,102.558464,5.599999999999999e-05,0.5264800000000001,1.6,5.6,1.0240337978428562,0.9562503903025016,2.0,3.8,0.0,0.0,0.2,200.4,0.0,0.0,0.2,0.0,0.0,1.8,3.4,0.0,0.0,0.2,3.2297948025905536,2.8171591612267832,-5.357357679850356,-179.94232357543774,24.845739970059885,18.97881,93.49802859281438,44.40209,1.2289638722554892,0.0006,1.8353293413173652,1.0,35.94111776447106,1.0,3.1261290083354596,1.9027483446602207,2.9770865331300636,1.899051846759812,1.6795245659418878,0.444644289465778,1.1716566866267466,0.0,4.1706586826347305,2.0,-20.66947755333661,-179.19460981974365,15.312119873486244,-190.00955911613536
5.0,10.0,5.0,5,0.0,0.0,0.0,0.0,0.0,0.0,0.0,0.0,0.0,0.0,0.0,0.0,0.0,0.0,0.0,0.0,11.416040722107974,14.485585714059445,7.49486751827394,0.1103202688939761,0.8493597522109795,-0.5763728629383248,0.0455758047133216,0.5832904780616905,-0.44391241072841464,0.13340483750595303,0.3079721219944455,0.07584888925362077,-1.8614841364015482,15.1115955184,107.02786799999998,7.2e-05,0.50092,1.4,20.2,0.9936195102495997,0.9671241056595555,0.0,0.0,0.0,0.0,0.0,0.0,0.0,0.0,0.0,0.0,0.0,0.0,0.0,0.0,0.0,0.0,,,,,,,,,,,,,,,,,,,,,,,,,,,,
5.0,10.0,10.0,5,0.0,0.0,4e-05,0.2,0.0,0.0,0.0,0.0,0.0,0.0,0.91164,42.6,0.0,0.0,0.0,0.0,11.388160105901097,14.499503682189268,6.358874859545299,0.10336547285576843,0.9603039739058625,-0.6019430730954745,0.05055411571607006,0.7612409761270678,-0.4484651878231368,0.14066055654026993,0.5036356283673997,0.07570318422203762,-10.505738721929765,15.0373118176,112.527004,9.2e-05,0.50368,1.6,28.6,1.0014797043354584,0.9574259570369759,0.0,0.2,0.0,0.0,0.0,42.6,0.0,0.0,0.2,0.0,0.0,0.0,0.2,0.0,0.0,0.0,4.622752749393938,3.59693847175678,-58.55655727440544,-173.65729384765322,21.4414220657277,17.80998,80.76525136150235,52.26103,0.6086452582159624,0.00062,7.568075117370892,1.0,28.145539906103288,1.0,1.5836325421841997,1.3100031094725857,1.5251199734142762,1.2928189724444954,0.8029207372824786,0.4476963429715575,0.7511737089201878,0.0,6.178403755868545,2.0,68.73425650345575,-178.8569525908856,-127.29081377786122,-343.89201877741175
5.0,10.0,15.0,5,0.0,0.0,0.0008,1.0,0.0,0.0,0.0,0.0,0.0,0.0,0.0,0.0,0.0,0.0,0.0,0.0,11.647287864959129,14.495803998084853,7.677538539085091,0.10256020839700837,0.7673268820053132,-0.47067956623634977,0.04132413439919832,0.5447818942334054,-0.3514765962290361,0.13241915839828317,0.3043521855520561,0.07574206081786432,12.668416935879454,14.8543094612,120.884262,8.400000000000001e-05,0.49772,1.4,18.4,0.9935493208922248,0.9602952830765302,0.0,3.8,0.0,0.0,0.0,0.0,0.0,0.0,0.0,0.0,0.0,0.0,3.6,0.0,0.0,0.0,,,,,,,,,,,,,,,,,,,,,,,,,,,,
5.0,10.0,30.0,5,0.07827999999999999,6.2,0.00736,2.2,0.0,0.0,0.0,0.0,0.0,0.0,10.85528,220.8,0.0,0.0,0.0,0.0,10.384382855854861,14.47852221735015,5.678962196258645,0.2517545199070755,1.1404043860659765,-0.4727704236964236,0.11293082866934072,0.7730548206980767,-0.2659838786061718,0.1944373186270049,0.5605819092253054,0.07592307271081992,14.476722292105986,15.893371733200002,123.53917799999999,5.6000000000000006e-05,0.5069999999999999,2.4,47.2,1.0155802774016425,0.943662597145126,76.6,33.6,0.0,0.0,0.0,232.4,0.0,0.0,2.6,0.0,0.0,21.4,31.0,0.0,0.0,0.0,5.325531435496186,4.8611585188846185,41.87674429915926,-67.00808294007822,23.051233585592044,18.46179,99.8865108320487,63.076546666666665,0.6235180724974047,0.0015933333333333335,25.079467988625485,6.0,24.800803160789386,1.0,0.5457194508346669,0.1640368539887911,0.3104747183666619,-0.09128374687736325,0.5864995843841038,0.44224922825120955,0.5140126229574767,0.0,3.6231650740894614,2.0,-35.26624758399175,-174.0598230588245,77.142991883151,-153.39556007214148
5.0,10.0,45.0,5,0.01708,4.0,0.017079999999999998,2.6,0.0,0.0,0.0,0.0,0.0,0.0,129.71876000000003,869.8,0.0,0.0,0.0,0.0,9.582842275826895,14.478487666870299,5.371800552183499,0.3898146315125538,1.0585073682268764,-0.3160659062821867,0.13741796428393435,0.799551743030493,-0.2692422466198064,0.2555045776739013,0.6028061356743283,0.07592334101795184,9.548802112129351,16.4824754912,125.418846,0.00010200000000000001,0.51804,2.6,50.0,1.059087123803733,0.9296147658527175,22.8,77.4,0.0,0.0,0.0,970.4,0.0,0.0,3.8,0.0,0.0,11.0,70.4,0.0,0.0,0.0,5.492882574112348,4.956882613461097,2.343959975480299,-138.07798596521872,21.709290810922166,15.8342125,100.22712834403468,63.8381125,0.5452565057948743,0.0011875,28.561882098376213,6.5,23.963472745131558,1.0,0.7541929787506089,0.2621862494113799,0.3116311053282105,-0.09595341503620032,0.5373555163845203,0.4423689696987129,0.5835590758237581,0.0,4.542089235132905,2.0,-25.60888964946963,-179.0534301320934,27.95284962494994,-275.870257702974
5.0,10.0,60.0,5,0.0,0.0,0.027000000000000003,2.8,0.0,0.0,0.0,0.0,0.0,0.0,78.17932,605.0,0.0,0.0,0.0,0.0,9.17974761315094,14.480618001733973,5.318775152942414,0.48718331044209967,1.237710886177328,-0.28616639989007875,0.12403670277946263,0.5621201680365007,-0.2274786079839429,0.2688409464320563,0.583517200788123,0.07590080380332771,-14.441218949985052,15.715546977599999,124.705258,5.8e-05,0.5151999999999999,2.2,50.0,0.997218680949568,0.9315496037317785,0.0,119.4,0.0,0.0,0.0,837.4,0.0,0.0,5.4,0.0,0.0,0.0,105.2,0.0,0.0,0.0,5.536343663421825,5.026469340932382,-20.17494358117802,-152.96533921013003,18.898577501114804,14.171695,102.17125402130166,63.819122500000006,0.47081597761894417,0.0009275,30.0137830175048,6.25,24.068968888507378,1.0,0.9391066022713257,0.539539286845344,0.06799796260770606,-0.1441166638570076,0.5241271766343496,0.44228608289120885,0.5037144007598717,0.0,2.622602316389647,2.0,0.6352297333477752,-149.4404074745099,-20.810173314525812,-217.05331330364973
5.0,50.0,0.0,5,0.0,0.0,0.0,0.0,0.0,0.0,0.0,0.0,0.0,0.0,0.0,0.0,0.0,0.0,0.0,0.0,13.827985419292778,14.464921412433535,12.684586483544617,0.03401549035122226,0.3992750467910411,-0.3194994613946756,0.01753733180933474,0.2678960877708206,-0.21746358625974546,0.08354403439542409,0.09926522535425246,0.07606585203355258,-39.862446775699915,6.4602852768000005,37.694269999999996,0.0,0.50668,1.0,2.0,0.9936808624616287,0.968689173546364,0.0,0.0,0.0,0.0,0.0,0.0,0.0,0.0,0.0,0.0,0.0,0.0,0.0,0.0,0.0,0.0,,,,,,,,,,,,,,,,,,,,,,,,,,,,
5.0,50.0,0.5,5,0.0,0.0,0.0,0.0,0.0,0.0,0.0,0.0,0.0,0.0,0.0,0.0,0.0,0.0,0.0,0.0,13.707511682262188,14.492410755964709,12.237660324043873,-0.0027589306556765614,0.34829816301562655,-0.3596329227211652,-0.0021042216252046215,0.22976420634463426,-0.23764009890489962,0.08522545996262981,0.10792729973986306,0.07577729829978883,-43.29175969544947,6.497533378,39.839718,4e-05,0.5003599999999999,1.0,2.0,0.9936670462209787,0.9704325743157126,0.0,0.0,0.0,0.0,0.0,0.0,0.0,0.0,0.0,0.0,0.0,0.0,0.0,0.0,0.0,0.0,,,,,,,,,,,,,,,,,,,,,,,,,,,,
5.0,50.0,1.0,5,0.0,0.0,0.0,0.0,0.0,0.0,0.0,0.0,0.0,0.0,0.0,0.0,0.0,0.0,0.0,0.0,13.769306805553725,14.487479975844826,12.72868692081953,0.07569829619270411,0.44902009001943616,-0.29136392966576186,0.03746826241782762,0.2637180622596076,-0.17986222550771497,0.08417937555522446,0.09845602713199905,0.07582902548530375,-8.818509676789779,6.4619931163999995,39.91941,1.6000000000000003e-05,0.49876000000000004,1.0,2.0,0.9936278825411818,0.9702745667258587,0.0,0.0,0.0,0.0,0.0,0.0,0.0,0.0,0.0,0.0,0.0,0.0,0.0,0.0,0.0,0.0,,,,,,,,,,,,,,,,,,,,,,,,,,,,
5.0,50.0,2.0,5,0.0,0.0,0.0,0.0,0.0,0.0,0.0,0.0,0.0,0.0,0.0,0.0,0.0,0.0,0.0,0.0,13.822091375332898,14.475870869561977,12.724808362307064,-0.007369845779798739,0.34980485513687165,-0.3821845739446116,-0.00401548501885664,0.21090422756403102,-0.2357644993897156,0.08357878647141534,0.09882110123603591,0.07595057175957823,-55.5675027521663,6.447818667600001,39.322316,8.000000000000001e-06,0.50212,1.0,2.0,0.9936748935539492,0.9720149840263643,0.0,0.0,0.0,0.0,0.0,0.0,0.0,0.0,0.0,0.0,0.0,0.0,0.0,0.0,0.0,0.0,,,,,,,,,,,,,,,,,,,,,,,,,,,,
5.0,50.0,5.0,5,0.0,0.0,0.0,0.0,0.0,0.0,0.0,0.0,0.0,0.0,0.0,0.0,0.0,0.0,0.0,0.0,13.753243207417139,14.487224231393663,12.07165599804981,0.043468023701201064,0.42505485298441875,-0.3661694968500825,0.020820161114164883,0.26136278692315085,-0.224961547186318,0.0845791246981573,0.10955012113262619,0.07583164138430284,-58.82292190639233,6.5508702512,39.311969999999995,0.0,0.49964000000000003,1.0,2.0,0.9936739042890788,0.9710740279939397,0.0,0.0,0.0,0.0,0.0,0.0,0.0,0.0,0.0,0.0,0.0,0.0,0.0,0.0,0.0,0.0,,,,,,,,,,,,,,,,,,,,,,,,,,,,
5.0,50.0,10.0,5,0.0,0.0,0.0,0.0,0.0,0.0,0.0,0.0,0.0,0.0,0.0,0.0,0.0,0.0,0.0,0.0,13.606694156402236,14.471878950087675,11.478162034843738,0.03831803107276947,0.44659954246522726,-0.35325351612266315,0.01409429143088104,0.29098337682180986,-0.22563477381546573,0.08718289288295242,0.12325919220149557,0.07599289802802474,-32.268894558862314,6.612756968799999,41.224934000000005,5e-05,0.49832,1.0,2.0,0.9936216792585764,0.9708999807284094,0.0,0.0,0.0,0.0,0.0,0.0,0.0,0.0,0.0,0.0,0.0,0.0,0.0,0.0,0.0,0.0,,,,,,,,,,,,,,,,,,,,,,,,,,,,
5.0,50.0,15.0,5,0.0,0.0,0.0,0.0,0.0,0.0,0.0,0.0,0.0,0.0,0.0,0.0,0.0,0.0,0.0,0.0,13.238245541321223,14.473498010188242,10.05663365014308,0.08219093416797733,0.5625246459962175,-0.28943657881455775,0.03283464071680806,0.2917184863966206,-0.17204220377813204,0.0941526227420816,0.1675085263551391,0.07597580758949037,-55.31532045597571,7.031838580800001,53.794316,2.8000000000000003e-05,0.49596,1.0,2.0,0.9936684330387088,0.9715765910850994,0.0,0.0,0.0,0.0,0.0,0.0,0.0,0.0,0.0,0.0,0.0,0.0,0.0,0.0,0.0,0.0,,,,,,,,,,,,,,,,,,,,,,,,,,,,
5.0,50.0,30.0,4,0.0,0.0,0.0,0.0,0.0,0.0,0.0,0.0,0.0,0.0,0.0,0.0,0.0,0.0,0.0,0.0,13.058815473876242,14.484336563934137,8.791983741401072,0.030183458693949724,0.627068075047184,-0.3247341229964432,0.0010691801296535504,0.2802879351374529,-0.21147953715019713,0.10136770480736196,0.24337772947158803,0.07586188522629533,-18.503853849448078,7.2408274345,69.8463975,1.5e-05,0.49315000000000003,1.0,2.0,0.9937061702635248,0.9691158955181531,0.0,0.0,0.0,0.0,0.0,0.0,0.0,0.0,0.0,0.0,0.0,0.0,0.0,0.0,0.0,0.0,,,,,,,,,,,,,,,,,,,,,,,,,,,,
5.0,50.0,45.0,5,0.0,0.0,0.0,0.0,0.0,0.0,0.0,0.0,0.0,0.0,0.0,0.0,0.0,0.0,0.0,0.0,12.487639990454612,14.479870387978782,7.757448709498706,0.11618862977771209,0.6621823910920777,-0.29040557861523314,0.02693650536858026,0.3269754853362594,-0.17485472793414955,0.11754944745606706,0.28296001491798817,0.07590870598102444,-49.889188079346354,7.8540543544000005,82.89747,0.0,0.49636,1.2,10.0,0.9936254552937978,0.9700326183532267,0.0,0.0,0.0,0.0,0.0,0.0,0.0,0.0,0.0,0.0,0.0,0.0,0.0,0.0,0.0,0.0,,,,,,,,,,,,,,,,,,,,,,,,,,,,
5.0,50.0,60.0,5,0.0,0.0,0.0,0.0,0.0,0.0,0.0,0.0,0.0,0.0,0.0,0.0,0.0,0.0,0.0,0.0,12.18621941831938,14.479416110497368,7.378971510066239,0.16419238021762989,0.6370231856649153,-0.2821502522461797,0.059020447455101,0.3790948684199053,-0.170451458450992,0.12592078762546186,0.3026982867155173,0.07591344605022517,19.130253111451573,7.954606854000001,91.787972,2.8000000000000003e-05,0.505,2.0,30.6,1.0031406963373966,0.9489804955272932,0.0,0.0,0.0,0.0,0.0,0.0,0.0,0.0,0.0,0.0,0.0,0.0,0.0,0.0,0.0,0.0,,,,,,,,,,,,,,,,,,,,,,,,,,,,
5.0,75.0,0.0,5,0.0,0.0,0.0,0.0,0.0,0.0,0.0,0.0,0.0,0.0,0.0,0.0,0.0,0.0,0.0,0.0,14.051366441416036,14.48101421389689,13.32649834659897,-0.00965045459364086,0.2545994691570982,-0.2902370761578524,-0.00504292798769188,0.15944257138299672,-0.18810759873820365,0.08073159284252955,0.09011926519217768,0.07589687412289028,-37.79663472945033,5.2750678784,30.948824000000002,1.2e-05,0.49736,1.0,2.0,0.9936010067717993,0.9699455313673842,0.0,0.0,0.0,0.0,0.0,0.0,0.0,0.0,0.0,0.0,0.0,0.0,0.0,0.0,0.0,0.0,,,,,,,,,,,,,,,,,,,,,,,,,,,,
5.0,75.0,0.5,4,0.0,0.0,0.0,0.0,0.0,0.0,0.0,0.0,0.0,0.0,0.0,0.0,0.0,0.0,0.0,0.0,13.955773456829139,14.493393337689177,12.484435067936609,0.023942349972215622,0.34930843639597303,-0.2781571591650792,0.011716412430334174,0.23515325639707063,-0.17492620174654436,0.08226518176893582,0.10573727129344043,0.07576718560567175,-49.23901713972305,5.267876566,30.630605,2.5e-06,0.4985,1.0,2.0,0.9937144504616895,0.9698632456711199,0.0,0.0,0.0,0.0,0.0,0.0,0.0,0.0,0.0,0.0,0.0,0.0,0.0,0.0,0.0,0.0,,,,,,,,,,,,,,,,,,,,,,,,,,,,
5.0,75.0,1.0,5,0.0,0.0,0.0,0.0,0.0,0.0,0.0,0.0,0.0,0.0,0.0,0.0,0.0,0.0,0.0,0.0,13.947184058423394,14.490878385543237,12.7486027252893,0.03110767166531918,0.3373855991727597,-0.29158283322748463,0.01442647078128598,0.21676919532992717,-0.2094792508008417,0.08203461811718939,0.09819141696888112,0.07579357710206165,-54.67814446563235,5.320912692,30.437784,0.0,0.49795999999999996,1.0,2.0,0.993694914587192,0.9695527891618625,0.0,0.0,0.0,0.0,0.0,0.0,0.0,0.0,0.0,0.0,0.0,0.0,0.0,0.0,0.0,0.0,,,,,,,,,,,,,,,,,,,,,,,,,,,,
5.0,75.0,2.0,5,0.0,0.0,0.0,0.0,0.0,0.0,0.0,0.0,0.0,0.0,0.0,0.0,0.0,0.0,0.0,0.0,13.968212226501763,14.480324548477677,13.084115750488104,0.02532755108631087,0.33875186566498533,-0.27974140353311183,0.01327394541854586,0.19965262040382387,-0.18052724879912857,0.08181221583820564,0.09385977943358143,0.07590393255302462,-57.12335360018331,5.261528286800001,31.114085999999997,1.6000000000000003e-05,0.49883999999999995,1.0,2.0,0.9935740163979924,0.9685707602186927,0.0,0.0,0.0,0.0,0.0,0.0,0.0,0.0,0.0,0.0,0.0,0.0,0.0,0.0,0.0,0.0,,,,,,,,,,,,,,,,,,,,,,,,,,,,
5.0,75.0,5.0,5,0.0,0.0,0.0,0.0,0.0,0.0,0.0,0.0,0.0,0.0,0.0,0.0,0.0,0.0,0.0,0.0,14.027090317513665,14.497614380206846,13.094643122922275,-0.0131946661061772,0.28466991342468134,-0.2833232218425876,-0.00721155749210982,0.18896099966526467,-0.18374849583779965,0.08100373572965688,0.09292222365679952,0.07572296705563217,-69.1491694968764,5.264896376,30.657384,0.0,0.4998,1.0,2.0,0.9936741826558231,0.9722765370247857,0.0,0.0,0.0,0.0,0.0,0.0,0.0,0.0,0.0,0.0,0.0,0.0,0.0,0.0,0.0,0.0,,,,,,,,,,,,,,,,,,,,,,,,,,,,
5.0,75.0,10.0,5,0.0,0.0,0.0,0.0,0.0,0.0,0.0,0.0,0.0,0.0,0.0,0.0,0.0,0.0,0.0,0.0,13.826557810390648,14.48173107516935,12.28348671464063,0.027373505460794124,0.35809506110733713,-0.27575706935539407,0.008313863176400219,0.2285461568507455,-0.18759109196268078,0.0837823730251214,0.10752868805786475,0.07588913746105916,-62.989019164854085,5.4069560772,33.240972,0.0,0.49932,1.0,2.0,0.9936263517343538,0.9716237101021395,0.0,0.0,0.0,0.0,0.0,0.0,0.0,0.0,0.0,0.0,0.0,0.0,0.0,0.0,0.0,0.0,,,,,,,,,,,,,,,,,,,,,,,,,,,,
5.0,75.0,15.0,5,0.0,0.0,0.0,0.0,0.0,0.0,0.0,0.0,0.0,0.0,0.0,0.0,0.0,0.0,0.0,0.0,13.708333573655617,14.481290877037157,11.481390801816755,0.06068872226735304,0.44699121016067817,-0.2594528306318441,0.02576379445565638,0.2500758517263337,-0.17456826821650934,0.08574475906870563,0.12562818843795798,0.07589408837560932,-30.43818295248124,5.561528539999999,37.530622,1.8e-05,0.49924,1.0,2.0,0.9936386600863406,0.9688544227083739,0.0,0.0,0.0,0.0,0.0,0.0,0.0,0.0,0.0,0.0,0.0,0.0,0.0,0.0,0.0,0.0,,,,,,,,,,,,,,,,,,,,,,,,,,,,
5.0,75.0,30.0,5,0.0,0.0,0.0,0.0,0.0,0.0,0.0,0.0,0.0,0.0,0.0,0.0,0.0,0.0,0.0,0.0,13.406225865489949,14.49622722298741,9.345156930936337,0.05142511362491138,0.6075309644283234,-0.25924984777829957,0.015836425924221558,0.30159266697566844,-0.17897148904763557,0.09292279819028165,0.19736306766514405,0.07573743898947116,-29.174061413662024,5.9492293864,57.94974199999999,8.000000000000001e-06,0.5019600000000001,1.2,11.2,0.9936309562941126,0.9596198158149564,0.0,0.0,0.0,0.0,0.0,0.0,0.0,0.0,0.0,0.0,0.0,0.0,0.0,0.0,0.0,0.0,,,,,,,,,,,,,,,,,,,,,,,,,,,,
5.0,75.0,45.0,5,0.0,0.0,0.0,0.0,0.0,0.0,0.0,0.0,0.0,0.0,0.0,0.0,0.0,0.0,0.0,0.0,12.57943446043799,14.486965586461457,7.294825323431644,0.10837259018824028,0.6224393497662353,-0.2678767970707151,0.02564350556440916,0.34761579101497014,-0.15955392295212226,0.11404971483871892,0.2997880400571638,0.0758344075045876,-0.37233522029615723,6.5894198008,68.324622,6.000000000000001e-06,0.5016799999999999,1.4,20.8,0.9936284321359914,0.9710600765650952,0.0,0.0,0.0,0.0,0.0,0.0,0.0,0.0,0.0,0.0,0.0,0.0,0.0,0.0,0.0,0.0,,,,,,,,,,,,,,,,,,,,,,,,,,,,
5.0,75.0,60.0,5,0.0,0.0,0.0,0.0,0.0,0.0,0.0,0.0,0.0,0.0,0.0,0.0,0.0,0.0,0.0,0.0,12.342730574169911,14.475226308740588,7.009201751073141,0.14803933547017495,0.6276452463544372,-0.2530093516306572,0.04072531960860399,0.39346611366224765,-0.15811038045864972,0.1232020560772253,0.32575169507615065,0.07595769363022253,45.79767691669322,6.789517216,73.86144999999999,3.6e-05,0.50788,1.6,30.6,0.9935362061045035,0.9457778416764512,0.0,0.0,0.0,0.0,0.0,0.0,0.0,0.0,0.0,0.0,0.0,0.0,0.0,0.0,0.0,0.0,,,,,,,,,,,,,,,,,,,,,,,,,,,,
5.0,100.0,0.0,5,0.0,0.0,0.0,0.0,0.0,0.0,0.0,0.0,0.0,0.0,0.0,0.0,0.0,0.0,0.0,0.0,14.113969653718371,14.498152551147282,13.281375482520128,0.008705670479471381,0.2797502403006331,-0.23223031605885538,0.0060611052616276005,0.1784432395710926,-0.16591332347848506,0.07998311463176375,0.09045399406329017,0.07571774426111573,-76.54138376774347,4.568949062,27.324424,6.000000000000001e-06,0.50108,1.0,2.0,0.9936603015696572,0.9721923367643532,0.0,0.0,0.0,0.0,0.0,0.0,0.0,0.0,0.0,0.0,0.0,0.0,0.0,0.0,0.0,0.0,,,,,,,,,,,,,,,,,,,,,,,,,,,,
5.0,100.0,0.5,5,0.0,0.0,0.0,0.0,0.0,0.0,0.0,0.0,0.0,0.0,0.0,0.0,0.0,0.0,0.0,0.0,14.141461092367456,14.482245102701356,13.644244248447063,-0.01654613088603434,0.23734687664971404,-0.24941394023485564,-0.007667473991432179,0.16255262025167552,-0.14416061471652536,0.07961641246868888,0.08553464408377531,0.07588398108954778,-77.95804314166834,4.553668398000001,25.7752,4.000000000000001e-06,0.49128,1.0,2.0,0.9937657801334441,0.9724761594396695,0.0,0.0,0.0,0.0,0.0,0.0,0.0,0.0,0.0,0.0,0.0,0.0,0.0,0.0,0.0,0.0,,,,,,,,,,,,,,,,,,,,,,,,,,,,
5.0,100.0,1.0,5,0.0,0.0,0.0,0.0,0.0,0.0,0.0,0.0,0.0,0.0,0.0,0.0,0.0,0.0,0.0,0.0,14.120513303892466,14.49689295329858,13.60154864818034,0.006516561087676278,0.23982203109348274,-0.2599349392529609,0.0028840006252702595,0.15651180914305524,-0.15883654310442533,0.07986720208485956,0.08607539333297133,0.07573049744486973,-44.0010283717611,4.5688172356,26.980726000000004,2.0000000000000003e-06,0.49788,1.0,2.0,0.9936373542646789,0.972416897919493,0.0,0.0,0.0,0.0,0.0,0.0,0.0,0.0,0.0,0.0,0.0,0.0,0.0,0.0,0.0,0.0,,,,,,,,,,,,,,,,,,,,,,,,,,,,
5.0,100.0,2.0,5,0.0,0.0,0.0,0.0,0.0,0.0,0.0,0.0,0.0,0.0,0.0,0.0,0.0,0.0,0.0,0.0,14.066045747075275,14.495648572578872,13.119359607720062,0.0005957675322098399,0.24789135832859674,-0.27113780249608765,-0.0008539176610291209,0.16756224237023543,-0.17329508498593496,0.08056318524694298,0.09278320812702359,0.07574356177899105,-58.68301848286279,4.5977509024,27.091496,2.0000000000000003e-06,0.5006,1.0,2.0,0.9936655370350145,0.9704705199347299,0.0,0.0,0.0,0.0,0.0,0.0,0.0,0.0,0.0,0.0,0.0,0.0,0.0,0.0,0.0,0.0,,,,,,,,,,,,,,,,,,,,,,,,,,,,
5.0,100.0,5.0,5,0.0,0.0,0.0,0.0,0.0,0.0,0.0,0.0,0.0,0.0,0.0,0.0,0.0,0.0,0.0,0.0,14.0645364871906,14.488973619501076,13.232767463784466,0.0025825531061398795,0.29429175281519193,-0.289681492257618,4.647771431616002e-05,0.18044960754484257,-0.19198509492190857,0.08060035257423324,0.09129926716752233,0.07581350660912216,-88.77017566059806,4.6000326404,27.755457999999997,4.000000000000001e-06,0.49971999999999994,1.0,2.0,0.9936427881488935,0.9698643987078313,0.0,0.0,0.0,0.0,0.0,0.0,0.0,0.0,0.0,0.0,0.0,0.0,0.0,0.0,0.0,0.0,,,,,,,,,,,,,,,,,,,,,,,,,,,,
5.0,100.0,10.0,5,0.0,0.0,0.0,0.0,0.0,0.0,0.0,0.0,0.0,0.0,0.0,0.0,0.0,0.0,0.0,0.0,14.048379103768152,14.468966631208986,13.147680940549012,-0.0064233613199191604,0.2684945767360563,-0.24486277691753333,-0.00571369504568056,0.17583669094810533,-0.16633065400206065,0.08075623134908552,0.09234120418615942,0.07602310741750924,-70.56831135480763,4.6220793896000005,27.010824000000003,1.2e-05,0.4968,1.0,2.0,0.9936686332038169,0.9696004965304592,0.0,0.0,0.0,0.0,0.0,0.0,0.0,0.0,0.0,0.0,0.0,0.0,0.0,0.0,0.0,0.0,,,,,,,,,,,,,,,,,,,,,,,,,,,,
5.0,100.0,15.0,5,0.0,0.0,0.0,0.0,0.0,0.0,0.0,0.0,0.0,0.0,0.0,0.0,0.0,0.0,0.0,0.0,14.081070010772834,14.480003594416484,13.183575870844885,0.00044229533849556095,0.2991019956318224,-0.25318655573526383,-0.0025588093953547394,0.17949304659186474,-0.16747469808238752,0.08037146340610528,0.09177976803765338,0.07590721946872747,-82.72094861793498,4.623555005200001,30.611156,6e-06,0.49407999999999996,1.0,2.0,0.9936288887704489,0.9715356797798632,0.0,0.0,0.0,0.0,0.0,0.0,0.0,0.0,0.0,0.0,0.0,0.0,0.0,0.0,0.0,0.0,,,,,,,,,,,,,,,,,,,,,,,,,,,,
5.0,100.0,30.0,5,0.0,0.0,0.0,0.0,0.0,0.0,0.0,0.0,0.0,0.0,0.0,0.0,0.0,0.0,0.0,0.0,13.636649792908994,14.49114527454588,11.080269995761615,0.03029869959017124,0.42498632309961887,-0.25061650240683814,0.004554882396700538,0.22151967353185,-0.1456018074080689,0.08838875377980453,0.1525021870245869,0.07579087503410811,-69.1798860059795,5.0477510924,40.169653999999994,8.000000000000001e-06,0.50104,1.0,2.0,0.9935696658504583,0.9699908668250863,0.0,0.0,0.0,0.0,0.0,0.0,0.0,0.0,0.0,0.0,0.0,0.0,0.0,0.0,0.0,0.0,,,,,,,,,,,,,,,,,,,,,,,,,,,,
5.0,100.0,45.0,4,0.0,0.0,0.0,0.0,0.0,0.0,0.0,0.0,0.0,0.0,0.0,0.0,0.0,0.0,0.0,0.0,13.446300982318652,14.485235423397913,10.297566231767117,0.043330924449599025,0.42915509173603256,-0.2576020946707045,0.01008598410816875,0.23419495219326775,-0.1458575084631256,0.09346189521057857,0.1831816006287028,0.07585251655708942,-41.60810544431573,5.2770236535,48.57977999999999,5e-05,0.49635000000000007,1.25,13.5,0.9936790523203946,0.9540659786163328,0.0,0.0,0.0,0.0,0.0,0.0,0.0,0.0,0.0,0.0,0.0,0.0,0.0,0.0,0.0,0.0,,,,,,,,,,,,,,,,,,,,,,,,,,,,
5.0,100.0,60.0,5,0.0,0.0,0.0,0.0,0.0,0.0,0.0,0.0,0.0,0.0,0.0,0.0,0.0,0.0,0.0,0.0,12.302228599040406,14.482625950585842,7.0798179721612655,0.15064309752089286,0.6650301863404088,-0.23752909620161167,0.0380514608247921,0.3795778687014677,-0.1496024353497241,0.12621728472778732,0.3187411322192101,0.07587981456285309,-9.683243041251513,6.115162783600001,64.690436,1.8e-05,0.50148,1.6,30.6,0.9935206474732088,0.9547245402727456,0.0,0.0,0.0,0.0,0.0,0.0,0.0,0.0,0.0,0.0,0.0,0.0,0.0,0.0,0.0,0.0,,,,,,,,,,,,,,,,,,,,,,,,,,,,
5.0,200.0,0.0,5,0.0,0.0,0.0,0.0,0.0,0.0,0.0,0.0,0.0,0.0,0.0,0.0,0.0,0.0,0.0,0.0,14.251527408200527,14.491122824404064,13.840809161574729,0.010584505215203481,0.22067865057144367,-0.1960059881260579,0.00544942550029364,0.14354071079401592,-0.12780878754514982,0.07837829615735958,0.08310345036008522,0.0757907899549605,-94.80087730722728,3.2438559487999994,19.543560000000003,0.0,0.49628000000000005,1.0,2.0,0.9936265358595101,0.9702108131771983,0.0,0.0,0.0,0.0,0.0,0.0,0.0,0.0,0.0,0.0,0.0,0.0,0.0,0.0,0.0,0.0,,,,,,,,,,,,,,,,,,,,,,,,,,,,
5.0,200.0,0.5,5,0.0,0.0,0.0,0.0,0.0,0.0,0.0,0.0,0.0,0.0,0.0,0.0,0.0,0.0,0.0,0.0,14.288843063982224,14.497298260506696,13.93977522149493,0.0026803194732737206,0.19082851440962142,-0.1792748892894084,0.00149421438771298,0.12096789491585154,-0.11817478788590197,0.0779648894735424,0.08194663719908547,0.07572639241279798,-97.4195961971923,3.22540288,19.298686,2.8000000000000003e-05,0.5039199999999999,1.0,2.0,0.9936798355029183,0.9716839680045648,0.0,0.0,0.0,0.0,0.0,0.0,0.0,0.0,0.0,0.0,0.0,0.0,0.0,0.0,0.0,0.0,,,,,,,,,,,,,,,,,,,,,,,,,,,,
5.0,200.0,1.0,5,0.0,0.0,0.0,0.0,0.0,0.0,0.0,0.0,0.0,0.0,0.0,0.0,0.0,0.0,0.0,0.0,14.255837367393502,14.491134425067447,13.837912753857193,-0.000986696067106462,0.21019839833101234,-0.22085194690690674,0.0003852160353886397,0.13714283766251328,-0.13637181227897996,0.07833652340544758,0.08316140941802724,0.07579074095147839,-74.84017782044091,3.235215656,19.285254000000002,0.0,0.50136,1.0,2.0,0.9936754592984396,0.9709095394100393,0.0,0.0,0.0,0.0,0.0,0.0,0.0,0.0,0.0,0.0,0.0,0.0,0.0,0.0,0.0,0.0,,,,,,,,,,,,,,,,,,,,,,,,,,,,
5.0,200.0,2.0,5,0.0,0.0,0.0,0.0,0.0,0.0,0.0,0.0,0.0,0.0,0.0,0.0,0.0,0.0,0.0,0.0,14.227360151895223,14.497531354798014,13.64643999603849,0.00965647271580068,0.2273740807957349,-0.20897779753238646,0.00555805582448992,0.1419200942693311,-0.11859603574255331,0.07866252803806259,0.08553989730028784,0.07572381349841975,-65.9752652073152,3.2600695196000005,18.710356,8.000000000000001e-06,0.4992,1.0,2.0,0.9935564593968369,0.9725470340872336,0.0,0.0,0.0,0.0,0.0,0.0,0.0,0.0,0.0,0.0,0.0,0.0,0.0,0.0,0.0,0.0,,,,,,,,,,,,,,,,,,,,,,,,,,,,
5.0,200.0,5.0,5,0.0,0.0,0.0,0.0,0.0,0.0,0.0,0.0,0.0,0.0,0.0,0.0,0.0,0.0,0.0,0.0,14.227963383139544,14.487947093136166,13.6378218188301,0.01952620863578266,0.2359443171568501,-0.17453712160943974,0.009833386797462,0.14413204410631336,-0.11128078887841175,0.07865302874767388,0.08566028010784206,0.07582423086433708,-103.34354995396527,3.2559270804000002,19.875908000000003,0.0,0.49932,1.0,2.0,0.9936252432554451,0.9698491585927285,0.0,0.0,0.0,0.0,0.0,0.0,0.0,0.0,0.0,0.0,0.0,0.0,0.0,0.0,0.0,0.0,,,,,,,,,,,,,,,,,,,,,,,,,,,,
5.0,200.0,10.0,5,0.0,0.0,0.0,0.0,0.0,0.0,0.0,0.0,0.0,0.0,0.0,0.0,0.0,0.0,0.0,0.0,14.214145721259243,14.475147735858219,13.604099143387367,0.023600784384907182,0.24929083144378672,-0.19444140361555529,0.01102084487202064,0.14982356930396043,-0.12060517829029763,0.07881551246105531,0.08601716209960318,0.07595820468250092,-100.04720088457634,3.2928204272,19.153438,0.0,0.49776,1.0,2.0,0.9936551991175484,0.9713220529018208,0.0,0.0,0.0,0.0,0.0,0.0,0.0,0.0,0.0,0.0,0.0,0.0,0.0,0.0,0.0,0.0,,,,,,,,,,,,,,,,,,,,,,,,,,,,
5.0,200.0,15.0,5,0.0,0.0,0.0,0.0,0.0,0.0,0.0,0.0,0.0,0.0,0.0,0.0,0.0,0.0,0.0,0.0,14.255178129168673,14.48422606169315,13.808088229925767,-0.0014658856385433995,0.2074090955294366,-0.1720859451969575,-0.0016064767922921402,0.1188115878102202,-0.1174072049715649,0.07835041960949674,0.0835643897465042,0.07586298477554686,-75.89428003525865,3.2611487503999994,19.596624,0.0,0.5061199999999999,1.0,2.0,0.9936723085761681,0.9714115269093572,0.0,0.0,0.0,0.0,0.0,0.0,0.0,0.0,0.0,0.0,0.0,0.0,0.0,0.0,0.0,0.0,,,,,,,,,,,,,,,,,,,,,,,,,,,,
5.0,200.0,30.0,5,0.0,0.0,0.0,0.0,0.0,0.0,0.0,0.0,0.0,0.0,0.0,0.0,0.0,0.0,0.0,0.0,14.112401733877553,14.487986627984878,12.696870863041365,0.01741817667727262,0.2904624250527629,-0.1895482163552613,0.00264587847838052,0.1631298500451743,-0.11182783961197348,0.0802452636091019,0.10039519154720282,0.07582354398449069,-61.620731109675226,3.3949504392,25.060737999999997,0.0,0.4978399999999999,1.0,2.0,0.9937003086206957,0.9702018269664267,0.0,0.0,0.0,0.0,0.0,0.0,0.0,0.0,0.0,0.0,0.0,0.0,0.0,0.0,0.0,0.0,,,,,,,,,,,,,,,,,,,,,,,,,,,,
5.0,200.0,45.0,5,0.0,0.0,0.0,0.0,0.0,0.0,0.0,0.0,0.0,0.0,0.0,0.0,0.0,0.0,0.0,0.0,13.907834275676569,14.479700717475193,11.777162583040667,0.02877017080883042,0.33031633947085054,-0.1969411948056706,0.005619916848500281,0.14434314550613964,-0.11851897645427982,0.0832864458248541,0.11738237599238774,0.07591061921260829,-70.448438383795,3.6417962424000003,33.614666,0.0,0.49707999999999997,1.0,2.0,0.9936570469288432,0.9722541325336946,0.0,0.0,0.0,0.0,0.0,0.0,0.0,0.0,0.0,0.0,0.0,0.0,0.0,0.0,0.0,0.0,,,,,,,,,,,,,,,,,,,,,,,,,,,,
5.0,200.0,60.0,5,0.0,0.0,0.0,0.0,0.0,0.0,0.0,0.0,0.0,0.0,0.0,0.0,0.0,0.0,0.0,0.0,13.845832769718465,14.495807589943132,10.71062723978176,0.0267169168131083,0.407617533260846,-0.1917164627178371,0.00153329424476092,0.13419760424745622,-0.11888990589419457,0.08582141039011908,0.15887347621300588,0.07574180767238378,-98.9059818386413,3.6936059460000004,36.221314,0.0,0.50236,1.0,2.0,0.9936463302451743,0.97192678332434,0.0,0.0,0.0,0.0,0.0,0.0,0.0,0.0,0.0,0.0,0.0,0.0,0.0,0.0,0.0,0.0,,,,,,,,,,,,,,,,,,,,,,,,,,,,
5.0,300.0,0.0,5,0.0,0.0,0.0,0.0,0.0,0.0,0.0,0.0,0.0,0.0,0.0,0.0,0.0,0.0,0.0,0.0,14.331488292277857,14.500454878080282,14.088813421075233,-0.0015878158743502409,0.15145145617161343,-0.16707103367705872,-0.00036915885798984304,0.09742935286961085,-0.10309340507720174,0.0774936804548888,0.08018716789852554,0.07569350995154303,-92.38518150478828,2.6408467900000003,15.753810000000001,0.0,0.49463999999999997,1.0,2.0,0.9935965188369872,0.9717283074585424,0.0,0.0,0.0,0.0,0.0,0.0,0.0,0.0,0.0,0.0,0.0,0.0,0.0,0.0,0.0,0.0,,,,,,,,,,,,,,,,,,,,,,,,,,,,
5.0,300.0,0.5,5,0.0,0.0,0.0,0.0,0.0,0.0,0.0,0.0,0.0,0.0,0.0,0.0,0.0,0.0,0.0,0.0,14.310137948457818,14.488981589711148,14.05705429580947,-0.00750637935723982,0.1754683599409233,-0.16117304729864634,-0.00428991138867974,0.10310496397044386,-0.10270976203891306,0.07772774132083896,0.08054914208948452,0.0758133346175945,-84.15607823698392,2.6506121844,16.006182,0.0,0.5043599999999999,1.0,2.0,0.993691151856822,0.970121577553941,0.0,0.0,0.0,0.0,0.0,0.0,0.0,0.0,0.0,0.0,0.0,0.0,0.0,0.0,0.0,0.0,,,,,,,,,,,,,,,,,,,,,,,,,,,,
5.0,300.0,1.0,5,0.0,0.0,0.0,0.0,0.0,0.0,0.0,0.0,0.0,0.0,0.0,0.0,0.0,0.0,0.0,0.0,14.299715761295198,14.481300757474003,13.916543201695038,-0.007514784598734581,0.1828575485755773,-0.1843506339242027,-0.0030301327831644192,0.11036405231569679,-0.11384169455284876,0.07784707878789299,0.08219826751253063,0.07589367851036362,-75.5316731936326,2.6611766736000004,15.768052,0.0,0.49972000000000005,1.0,2.0,0.9936165885142471,0.9703606900153392,0.0,0.0,0.0,0.0,0.0,0.0,0.0,0.0,0.0,0.0,0.0,0.0,0.0,0.0,0.0,0.0,,,,,,,,,,,,,,,,,,,,,,,,,,,,
5.0,300.0,2.0,5,0.0,0.0,0.0,0.0,0.0,0.0,0.0,0.0,0.0,0.0,0.0,0.0,0.0,0.0,0.0,0.0,14.319450222900224,14.487209539412344,14.034219634826874,0.01128557097320234,0.1760419660397987,-0.1661049249714524,0.006444172153135999,0.10907239225770116,-0.11011086791080973,0.07762624275990464,0.08081719135599634,0.07583174754068775,-89.7066828851505,2.6466991807999998,15.867058,0.0,0.50056,1.0,2.0,0.9936610322477369,0.9695084481867886,0.0,0.0,0.0,0.0,0.0,0.0,0.0,0.0,0.0,0.0,0.0,0.0,0.0,0.0,0.0,0.0,,,,,,,,,,,,,,,,,,,,,,,,,,,,
5.0,300.0,5.0,5,0.0,0.0,0.0,0.0,0.0,0.0,0.0,0.0,0.0,0.0,0.0,0.0,0.0,0.0,0.0,0.0,14.316057826220682,14.492355276182753,14.069061370367582,-0.01733211979404628,0.1473888010450904,-0.17629934209876502,-0.009091261628904659,0.10775753344428032,-0.11177601632750434,0.07766142082727603,0.08040826284728417,0.07577804154905128,-69.38931746499124,2.6549970287999995,16.168614,0.0,0.49876000000000004,1.0,2.0,0.9936529288441482,0.9717502130304947,0.0,0.0,0.0,0.0,0.0,0.0,0.0,0.0,0.0,0.0,0.0,0.0,0.0,0.0,0.0,0.0,,,,,,,,,,,,,,,,,,,,,,,,,,,,
5.0,300.0,10.0,5,0.0,0.0,0.0,0.0,0.0,0.0,0.0,0.0,0.0,0.0,0.0,0.0,0.0,0.0,0.0,0.0,14.315766540697547,14.499744864389578,14.02057470536181,0.004606925483703039,0.18141681396594184,-0.15659498625028315,0.00032321669714288035,0.10838724196166276,-0.10145210005998143,0.07766842301407886,0.08098083920189086,0.075700678739865,-86.7153047710699,2.6434289228,15.27973,4.000000000000001e-06,0.49832,1.0,2.0,0.9936303069761856,0.9712064747291013,0.0,0.0,0.0,0.0,0.0,0.0,0.0,0.0,0.0,0.0,0.0,0.0,0.0,0.0,0.0,0.0,,,,,,,,,,,,,,,,,,,,,,,,,,,,
5.0,300.0,15.0,5,0.0,0.0,0.0,0.0,0.0,0.0,0.0,0.0,0.0,0.0,0.0,0.0,0.0,0.0,0.0,0.0,14.323170519651992,14.494084556424866,14.067386880903365,-0.013164221089207997,0.1723541026345911,-0.16298883617314608,-0.00779342404355954,0.0973046408222113,-0.10431584018237305,0.07758439628258239,0.08043652051174528,0.07575985736590976,-77.66543636143197,2.6469082312,15.350183999999999,0.0,0.49616,1.0,2.0,0.9936193049806648,0.970626902765223,0.0,0.0,0.0,0.0,0.0,0.0,0.0,0.0,0.0,0.0,0.0,0.0,0.0,0.0,0.0,0.0,,,,,,,,,,,,,,,,,,,,,,,,,,,,
5.0,300.0,30.0,5,0.0,0.0,0.0,0.0,0.0,0.0,0.0,0.0,0.0,0.0,0.0,0.0,0.0,0.0,0.0,0.0,14.289291313069572,14.497593709750713,13.821463412623492,-0.0038717901674737596,0.18413282183341156,-0.15951536357523793,-0.0038803512642325197,0.10789672029718353,-0.10037191455326508,0.07799414732872152,0.08356401849680066,0.07572340225636735,-78.63904537555322,2.6792134096,17.313656,0.0,0.50008,1.0,2.0,0.9936762518915574,0.9684367129703055,0.0,0.0,0.0,0.0,0.0,0.0,0.0,0.0,0.0,0.0,0.0,0.0,0.0,0.0,0.0,0.0,,,,,,,,,,,,,,,,,,,,,,,,,,,,
5.0,300.0,45.0,5,0.0,0.0,0.0,0.0,0.0,0.0,0.0,0.0,0.0,0.0,0.0,0.0,0.0,0.0,0.0,0.0,14.124607984690325,14.484347849979107,12.605143540878686,0.014485307757442523,0.27217303176915303,-0.16738795307324608,0.0012183682682976999,0.11625074848056167,-0.09669571783467842,0.08017057062645419,0.10170105368152278,0.07586206652599012,-101.5560135835299,2.8783455352000002,24.412532,0.0,0.499,1.0,2.0,0.9936344895533779,0.9711423902932859,0.0,0.0,0.0,0.0,0.0,0.0,0.0,0.0,0.0,0.0,0.0,0.0,0.0,0.0,0.0,0.0,,,,,,,,,,,,,,,,,,,,,,,,,,,,
5.0,300.0,60.0,5,0.0,0.0,0.0,0.0,0.0,0.0,0.0,0.0,0.0,0.0,0.0,0.0,0.0,0.0,0.0,0.0,13.63123987981975,14.49552851945202,10.048641828819399,0.057252937265331025,0.4822186783036635,-0.18240451677175215,0.005882941910106421,0.14875633177100842,-0.10806278760954806,0.09132756252251661,0.19141238716102021,0.07574482558404592,-53.04641094940335,3.3223006995999995,34.778684,0.0,0.49779999999999996,1.0,2.0,0.9936083854157116,0.972247923557771,0.0,0.0,0.0,0.0,0.0,0.0,0.0,0.0,0.0,0.0,0.0,0.0,0.0,0.0,0.0,0.0,,,,,,,,,,,,,,,,,,,,,,,,,,,,
10.0,5.0,0.0,5,0.28568000000000005,22.6,0.01652,2.4,0.0,0.0,0.0,0.0,23.91484,218.6,65.14904,494.4,0.0,0.0,0.0,0.0,8.896186049683863,14.48170095330462,4.356314254372096,0.17625866049423528,1.6637576712253275,-1.3022312402419516,0.16514430637839833,1.3879326167077328,-1.1378076995453843,0.3448535823788208,1.036666405809053,0.07588943714947621,-1.6966494316022527,21.761022453600003,123.065498,8.400000000000001e-05,0.6174,3.2,40.2,1.1737413938599874,0.9377527202523419,310.2,59.4,0.0,0.0,218.6,780.0,0.0,0.0,2.8,0.0,0.0,106.2,42.2,0.0,0.0,0.2,5.024534997111319,4.356314254372096,14.56259013070831,-130.89103736631577,23.76474940002817,17.581738,82.7068124522206,48.10674,0.7904956047897558,0.002622,17.075760723825248,1.0,26.067034539784025,1.0,0.5184277582216595,-0.6685619667970477,0.3953610395467321,-0.6537411396024495,0.7485492025725538,0.4425855979705764,0.7204256570274766,0.0,3.1714860887890937,2.0,12.37873591179972,-130.3121741935763,2.1838542189085834,-237.83830792121435
10.0,5.0,0.5,5,1.97948,49.0,0.03432,5.0,0.0,0.0,0.0,0.0,7.030279999999999,151.0,95.90452,682.8,0.0,0.0,0.0,0.0,8.353430986865515,14.47620592543839,3.7817680923584236,-0.1971572205685635,1.7421623176634369,-2.296742124131285,-0.17358317373960874,1.4781922159545964,-1.8292019792001224,0.4502446543059767,1.4361586999835,0.07594732105535767,-3.6106223148961263,22.287750446399997,124.37349200000001,0.000212,0.6844000000000001,3.6,46.0,1.400287252665906,0.9200749495514284,434.6,92.6,0.0,0.0,225.4,1106.4,0.0,0.0,2.2,0.0,0.0,130.0,60.2,0.0,0.0,3.0,4.4824943533038955,3.7817680923584236,-33.44964428608838,-178.65508090870577,24.691437836549834,18.978222,90.1689225082221,52.275583999999995,0.8432594865593181,0.000716,15.876768543121921,1.0,27.304796208660747,1.0,-0.39312517892837123,-1.8845668169035126,-0.34391592930546666,-1.5018418418824024,1.0380872469308309,0.4428964777255218,1.037449509227295,0.0,4.736812201373558,2.0,-26.229314067339097,-179.06551056655383,-7.2203302187492895,-261.9460771708647
10.0,5.0,1.0,5,6.16424,112.6,0.0804,6.0,0.0,0.0,0.0,0.0,204.28232,867.8,484.36296000000004,1482.8,0.0,0.0,0.0,0.0,7.927265984392574,14.474771522022186,4.034088420274363,0.8054401858349758,2.2566572448777995,-1.1230249198799704,0.7689299791606554,2.0278006531982347,-0.914646600933882,0.6739366137425679,1.5094582452240757,0.07596219292355162,3.797871735259507,22.9556088272,124.74200800000001,0.000142,1.001,3.6,38.2,1.5757623197176627,0.9179085944454629,942.0,253.4,0.0,0.0,1010.8,1616.0,0.0,0.0,1.6,0.0,0.0,272.4,168.8,0.0,0.0,1.6,3.6854605235898044,3.056847521484676,16.980000808250995,-179.66815862536475,26.227482607531808,20.65832,101.48824726507802,64.65799750000001,0.9411459028461671,0.00063,9.488572763442829,1.0,29.60612140840555,2.25,1.5867850983428353,-0.13718558736883413,1.4547529230233878,-0.15490418098137426,1.4208268215394495,0.4430535639271406,1.563812136073874,0.0,5.464323008382203,2.0,-0.9639642352500317,-179.8447554967099,17.943965043501027,-341.804813033405
10.0,5.0,2.0,5,3.6291200000000003,91.0,0.10632000000000001,7.2,0.0,0.0,0.0,0.0,92.90383999999999,438.4,784.10096,2079.8,4e-05,0.2,0.0,0.0,7.144956621344231,14.489170772833655,2.9890657694426594,-1.1536066890625614,1.2176679228234404,-2.411961436103476,-1.0931637338703555,0.9861721898926581,-2.024249196396926,0.8801381282298021,1.8149629515734165,0.0758111680466846,3.3634158992888907,23.717483264800002,125.12371,0.00012000000000000002,1.238,4.0,39.6,1.7113962268656266,0.9038280823120907,1237.6,322.8,0.0,0.0,1605.0,2202.6,0.2,0.0,1.6,0.2,0.0,407.6,222.4,0.0,0.0,9.0,3.7271221504054894,2.9890657694426594,-12.476991779836641,-175.9648180151099,26.625480535298767,20.688002000000004,103.41712704958267,62.072758,0.9078737333917919,0.0005,11.500719309455647,1.8,29.208675203453062,2.0,-1.169652307955356,-1.976925644828496,-1.1128516890539475,-1.7558200877819914,1.3753825571736826,0.44487363107884415,1.4433944694956173,0.0,5.978261886754221,2.0,0.35024222014298656,-179.76320156433997,-12.827233999979626,-311.10091097173927
10.0,5.0,5.0,5,6.18624,154.0,0.09172,6.8,0.0,0.0,0.0,0.0,343.37384000000003,1019.6,534.9424000000001,1762.8,0.0,0.0,0.0,0.0,6.959959211989846,14.471507835277961,2.9063120283380144,0.7169015595896298,2.5255181128513273,-1.3767289124243063,0.6614464117729406,2.3541719199902182,-1.2200141188071327,0.7985114274617069,1.9247013921246616,0.07599668750867178,-3.4166568595346334,23.7474236972,125.03334,0.00016199999999999998,1.11388,4.8,49.4,1.6758542659588536,0.8973964782392434,1324.0,300.4,0.0,0.0,1237.0,2273.8,0.0,0.0,5.8,0.0,0.0,333.4,209.4,0.0,0.0,5.0,3.863299640793648,2.9063120283380144,-6.562505057426444,-179.82141208397715,26.715198458621746,19.505498,103.12674811999516,55.496856,0.9177115431028187,0.00052,11.660853145629373,1.0,29.252040497708357,1.2,0.9016260878158292,-1.094088403677222,0.8036316057910289,-1.0236265074651054,1.3437264819452404,0.4425569694282365,1.530577062289269,0.0,5.461683337139798,2.0,3.36927175138048,-179.84246163983457,-9.931776808806923,-330.54935267690905
10.0,5.0,10.0,5,5.95544,130.2,0.02572,5.2,0.0,0.0,0.0,0.0,0.0,0.0,54.61304,526.8,0.0,0.0,0.0,0.0,8.552576681563023,14.47578152988903,3.5657403613920806,0.2429286578646483,1.8878455808070889,-1.268940543254632,0.17526633934072072,1.5365022127892982,-0.8383659805521015,0.34687211429408465,1.3852014906597168,0.07595165332765745,9.8668162527599,22.383985883999998,124.968658,0.000172,0.56384,3.8,49.2,1.2486648918340895,0.9183252771224588,877.4,95.6,0.0,0.0,0.0,1064.2,0.0,0.0,4.0,0.0,0.0,155.6,77.4,0.0,0.0,0.0,4.668230572420832,3.5657403613920806,8.347373892953435,-179.1041310723941,26.003361686956318,17.820058,97.38778740126943,54.299628,0.7622889974802651,0.001414,21.122654956761032,1.0,25.16661761015913,1.0,0.4544676788853561,-0.6799869423712634,0.35001456725443175,-0.660018774526445,0.8205526151457905,0.4425449283619912,0.71837201004821,0.0,6.075039906210508,2.0,-16.22371121821778,-172.2682568830179,24.57108511117122,-304.55927827619917
10.0,5.0,15.0,5,19.130599999999998,226.4,0.05519999999999999,5.6,0.0,0.0,0.0,0.0,0.0,0.0,57.009640000000005,473.4,0.0,0.0,0.0,0.0,9.220596823291432,14.479247161123391,4.4930148132260035,0.22947543032040568,1.5897295737024582,-0.8693559785280588,0.15335823986880479,1.2708788742843753,-0.5199717659044509,0.3097564558843683,1.0362289340045892,0.07591542021423041,-1.413408610104605,21.071665178,125.013676,6.000000000000001e-05,0.5518,3.2,39.4,1.2610257067057193,0.9185848223742502,888.2,165.8,0.0,0.0,0.0,813.4,0.0,0.0,3.2,0.0,0.0,108.0,117.6,0.0,0.0,0.0,4.763042167695135,4.022850641975975,10.631489229752876,-154.5302652349872,27.70908549313969,19.95167,106.60138799660665,72.334015,0.7567547955937104,0.00228,19.112904709353273,3.75,26.076596513123484,1.0,0.8293819896881711,-0.15239292670185967,0.6766697413051105,-0.22320201054252736,0.8492362415247511,0.4424882196765386,0.7945915550312423,0.0,6.641942045849324,2.0,13.878800080198891,-179.41370872894882,-3.2473108504460173,-313.58315174472807
10.0,5.0,30.0,5,32.406279999999995,414.2,0.16216,14.8,0.0,0.0,0.0,0.0,0.00011999999999999999,0.2,90.66116000000001,719.8,0.0,0.0,0.0,0.0,8.285913841600182,14.484156719019012,2.98621035412432,0.5269732190040545,2.0826687268761837,-0.695958286164979,0.37314762356720105,1.8810079727906472,-0.3543644068045719,0.4392424932054281,1.7917279408361382,0.07586371264237804,-2.318957973596255,22.297863327600002,125.97433600000002,7.2e-05,0.696,4.8,50.0,1.8345690831828112,0.8913790249686585,1276.2,400.8,0.0,0.0,0.6,1542.8,0.0,0.0,4.6,0.0,0.0,125.6,271.8,0.0,0.0,0.6,4.266554219923422,2.98621035412432,-6.331847791874013,-179.67682713838406,29.25083985646372,18.549169999999997,110.33482940536797,74.689896,0.8133877324117946,0.00081,17.273530638383193,1.0,26.18958812483361,1.0,0.9606482570308673,-0.09195811569395736,0.7482314716991597,-0.18864128107528216,1.0202620088639824,0.44234272305093747,0.9764237566521846,0.0,9.822596469022901,2.0,-5.911966982907445,-179.7212204714553,-0.41988080896656754,-327.460714111472
10.0,5.0,45.0,5,43.015640000000005,392.6,0.42324,12.4,0.0,0.0,0.0,0.0,4.98016,83.8,176.38876,1015.6,0.0,0.0,0.0,0.0,7.168761223194973,14.47740139677964,3.6077306999456766,0.7855481751443965,1.8368531386361382,-0.2299344808784301,0.46785811303515584,1.4856980745037616,-0.22151341850691017,0.5343485941087154,1.542959681203639,0.07593457170147837,2.375482284781712,23.197835344799994,126.22941799999998,2.6000000000000002e-05,0.7826,4.0,50.0,2.065372331969826,0.9045736747301116,1500.4,708.8,0.0,0.0,187.2,1576.2,0.0,0.0,3.8,0.0,0.0,118.8,404.6,0.0,0.0,6.6,4.107919685020873,2.963965515553929,-15.268058738403676,-179.7635997870928,28.926845092373775,18.064282499999997,112.1386244749692,72.129215,0.7440186433351309,0.0002825,19.06609970556731,1.25,25.67000191233209,1.0,1.122716396114992,0.19743815430361267,0.8050943224906437,-0.16681740816904994,1.114813889561048,0.4424269798219819,1.0700644307498266,0.0,10.207350362502606,2.0,-12.174600972438327,-179.777417485673,-3.093457765965346,-319.6770389318858
10.0,5.0,60.0,5,41.01472,490.0,0.19228,8.4,0.0,0.0,0.0,0.0,0.0,0.0,456.86148000000003,1920.8,0.0,0.0,0.0,0.0,6.8948658952778334,14.47944582432508,3.4460505142162754,0.8219701630720941,2.044578452630903,-0.17181014159379557,0.29270488152547347,1.3346486969266842,-0.20816272519392923,0.5209947566427718,1.459383242073414,0.07591319582804949,-4.439426001721536,22.629146814000002,126.326622,8.999999999999999e-05,0.6863199999999999,4.4,50.0,1.6084506191006747,0.904005626267906,1284.0,651.6,0.0,0.0,0.0,2257.0,0.0,0.0,4.8,0.0,0.0,146.4,475.6,0.0,0.0,0.0,4.644389954802044,3.4460505142162754,7.056792164524322,-179.47043179017732,28.15200768551121,17.429262,113.04815092338322,77.694196,0.71129367300293,0.000332,25.120739039831616,1.2,24.54385670160887,1.0,1.2115634334876288,0.503394543853994,0.39672963320054505,-0.16528378931538773,0.8071838096049977,0.4425586538551488,0.8002053152428064,0.0,6.8038941904709676,2.0,5.952204753080426,-175.00051435029448,1.1045874114438905,-303.65579247785354
10.0,10.0,0.0,4,0.0,0.0,0.0,0.0,0.0,0.0,0.0,0.0,0.0,0.0,2.48505,92.0,0.0,0.0,0.0,0.0,11.490564406782251,14.492344188113112,6.513840436142249,-0.0087556582872174,0.7088567205438248,-1.014999190351304,-0.015389711325378773,0.5620167072474276,-0.8136990617516562,0.13771435804450702,0.41815256845921644,0.07577819645584992,-2.975641275698837,14.758452369,100.75736500000001,9.250000000000001e-05,0.4983,2.0,36.5,0.9982412038860795,0.9519738526948104,0.0,0.0,0.0,0.0,0.0,94.0,0.0,0.0,0.75,0.0,0.0,0.0,0.0,0.0,0.0,0.0,5.605411322562192,5.425088288190505,-29.880012632389104,-158.7404227968978,17.99227738178042,14.129850000000001,62.544211518620486,40.683385,0.5574364507559291,0.001175,17.66852630053615,1.5,27.46297638023475,1.0,-0.25396599993845165,-0.7058401418457527,-0.07200183718945624,-0.5834775646974327,0.5148389383632199,0.4436537942889588,0.4739651258271748,0.0,3.385113268608414,2.0,-39.25879420130547,-151.30281579230285,9.37878156891636,-203.5430606370291
10.0,10.0,0.5,5,0.0,0.0,0.0,0.0,0.0,0.0,0.0,0.0,0.0,0.0,0.0,0.0,0.0,0.0,0.0,0.0,11.450940890045118,14.488329902671765,7.486053372368022,0.052726801700131366,0.8230851584621893,-0.8497837453685205,0.02120364040258318,0.5605661632679768,-0.575261362146791,0.12895719907695627,0.2868463459148155,0.07581997566785567,4.075605181265422,14.605758458,88.65245999999999,3.7999999999999995e-05,0.49244000000000004,1.2,11.0,0.9937082255428642,0.969945585091379,0.0,0.0,0.0,0.0,0.0,0.0,0.0,0.0,0.0,0.0,0.0,0.0,0.0,0.0,0.0,0.0,,,,,,,,,,,,,,,,,,,,,,,,,,,,
10.0,10.0,1.0,5,0.08164,3.8,0.018800000000000004,1.2,0.0,0.0,0.0,0.0,33.27084,173.8,338.00827999999996,899.2,0.0,0.0,0.0,0.0,9.946064243063168,14.480133973986216,5.505695520082252,-0.5364818369986218,0.7728438226319936,-1.445738084130945,-0.4936685504024173,0.6627104084634929,-1.1370004384620411,0.42710812763228245,0.8824091521734987,0.07590608752119754,-1.1949674444594713,16.6119199852,109.055374,0.000138,0.77748,2.6,26.0,1.2599669702321212,0.9423882498003356,203.0,70.0,0.0,0.0,663.6,899.2,0.0,0.0,0.6,0.0,0.0,114.6,52.8,0.0,0.0,3.8,4.433759604904716,3.9396166458723116,66.25225994250805,-178.06606312462296,21.18055804145315,14.869846666666666,78.22799302896526,42.38501333333333,0.8387818360784828,0.0038866666666666667,14.404401090544054,1.6666666666666667,28.095460149985644,1.0,-0.9482056601302947,-1.3521348559257458,-0.9447898396278855,-1.2806385917007563,1.0620333599629583,0.44416503369094595,1.050641478916668,0.0,3.988191445864049,2.0,0.3169453210583815,-179.05723025796965,65.93531462144965,-308.78909202643064
10.0,10.0,2.0,5,0.0,0.0,8e-05,0.2,0.0,0.0,0.0,0.0,0.0,0.0,9.45312,137.4,0.0,0.0,0.0,0.0,11.332813932973997,14.474338087108071,6.813291428635196,0.043141257962347954,1.049356506653006,-0.8054720800773898,0.03682088564002362,0.762649170715559,-0.5104393465266295,0.1448387033789433,0.4258590192955471,0.07596663187818262,0.35962206818160214,14.759542086,100.67245,5.6000000000000006e-05,0.5029600000000001,1.8,17.4,1.0113511534562192,0.9611913645007787,0.0,0.4,0.0,0.0,0.0,137.4,0.0,0.0,0.2,0.0,0.0,0.0,0.4,0.0,0.0,0.0,4.83947231496339,4.11001025533319,36.728847455044296,-179.633678329248,20.004242911208152,16.35054,76.50567506550219,45.47234,0.5064414264919942,6e-05,13.737991266375548,1.0,25.97525473071325,1.0,1.355538182898346,0.9612140582844992,1.1738321739698605,0.8584182543093226,0.6930122450049782,0.4425217349129852,0.6491994177583698,0.0,6.142649199417758,2.0,24.28591207574135,-178.69468025549403,12.442935379302943,-353.8150681952634
10.0,10.0,5.0,5,0.0,0.0,0.00012000000000000002,0.4,0.0,0.0,0.0,0.0,0.0,0.0,4.037640000000001,154.0,0.0,0.0,0.0,0.0,11.464291639218374,14.474381213719946,5.365052345855136,0.037196849278602985,1.0637388995119248,-0.8259459537998074,0.03158382297229568,0.9317543420749971,-0.4310909366997807,0.14654271732707208,0.6829408689317814,0.07596629939178742,-11.829596447483773,14.703251358,114.77650799999999,2.2e-05,0.50216,2.2,38.2,1.0024830565728486,0.9475723497195221,0.0,0.6,0.0,0.0,0.0,154.4,0.0,0.0,0.8,0.0,0.0,0.0,0.6,0.0,0.0,0.0,4.859694415806462,4.14963927562909,22.645854228801312,-152.24986940716406,20.258359066860596,16.103013333333333,69.6755340969232,47.69793333333333,0.6292044797073757,0.0015566666666666665,19.882627459570102,1.3333333333333333,25.377398016020624,1.0,0.5552382514975198,0.059679822368394565,0.3370596418258098,-0.20918588024814103,0.7016053049242017,0.44412881940407606,0.552671419076121,0.0,3.895742982311825,2.0,-17.10536374419388,-170.9805708062286,39.75121797299519,-188.9462023514828
10.0,10.0,10.0,5,0.00116,0.8,0.00124,1.4,0.0,0.0,0.0,0.0,0.0,0.0,5.108120000000001,156.4,0.0,0.0,0.0,0.0,10.961635007657614,14.489867994317299,4.872935761421183,0.14278452298889002,1.109130446929227,-0.6204032046925896,0.06868555685823852,0.8972269493507268,-0.3844699471215368,0.16556342341809352,0.7840610637979402,0.0758038721941573,-12.94004701515033,15.648274074399998,122.074992,0.00011999999999999999,0.50732,2.8,46.2,1.0129086780911292,0.950623820875591,4.0,5.8,0.0,0.0,0.0,182.2,0.0,0.0,1.2,0.0,0.0,2.8,5.4,0.0,0.0,0.0,5.200101505401033,4.5402463989092805,-25.953738141660672,-94.3254582099437,20.675070571279427,17.189989999999998,84.87567762460006,56.99939,0.60236681611672,0.001995,25.59996174136694,10.75,25.725897715278382,1.0,0.44613564386009624,0.1551106999158188,0.21411078425842514,-0.08430120072260743,0.6246997291436607,0.44407513257868203,0.558385049711422,0.0,3.7596179711092566,2.0,-7.853065191532389,-138.06156853220966,-18.100672950128267,-219.4693879593077
10.0,10.0,15.0,5,1.3060800000000001,46.6,0.009999999999999998,2.6,0.0,0.0,0.0,0.0,0.00484,2.0,38.09448,440.8,0.0,0.0,0.0,0.0,10.285905271141484,14.470757011732928,4.468193794819717,0.28173059919889903,1.9116617620496688,-0.6691138759124003,0.19117339128493813,1.6047233787321702,-0.3694323460394581,0.2460734653454531,1.14368421037085,0.07600424591122652,-3.5433628995659134,16.6381135592,123.074774,5.400000000000001e-05,0.56808,3.4,39.4,1.3388571702493468,0.9303603273786498,158.0,39.4,0.0,0.0,5.8,511.4,0.0,0.0,1.6,0.0,0.0,27.6,31.4,0.0,0.0,1.4,4.6703031147882195,3.8534197206416003,12.122560928802645,-179.55635512063,23.111718317131334,16.883235,91.97216716740255,60.05430750000001,0.7189634292898621,0.005112500000000001,17.341561490328218,6.25,25.76611379857149,1.5,1.1446934500097217,0.27139907650805783,0.9295672360999223,-0.04081554495420607,0.8804535823586707,0.4432077044841444,1.0103331708289387,0.0,7.670965939308002,2.0,-4.892745819566253,-155.1899300616626,17.015306748368896,-279.08584975457603
10.0,10.0,30.0,5,0.93812,45.4,0.03236,3.2,0.0,0.0,0.0,0.0,0.0,0.0,17.7064,262.6,0.0,0.0,0.0,0.0,9.483125173990556,14.475425122206289,4.997294585556508,0.3868141186520567,1.5039048875096428,-0.5961799644226399,0.19598669702050892,1.1291518876602222,-0.3157328951647701,0.25081913812356194,0.8360854020605648,0.07595535381731769,-2.3361948263172505,16.3528289424,125.02156199999999,0.00013,0.5669600000000001,3.0,50.0,1.3528044432058013,0.9193082143764162,74.0,139.0,0.0,0.0,0.0,374.2,0.0,0.0,3.8,0.0,0.0,12.6,119.6,0.0,0.0,0.0,5.007014193117317,4.211649048955969,20.289472785218383,-147.67220983520278,22.804712228021856,17.28835333333333,104.78034992333507,68.7358,0.572669422386696,0.0023799999999999997,19.36543943156352,6.666666666666667,25.29085239062778,1.0,0.8638118224401014,0.02433451953277956,0.637159335825349,-0.18166372884641765,0.759763648372206,0.44237012701305173,0.8568744028402296,0.0,8.37401874530485,2.0,5.150475702644491,-159.88375791191928,15.138997082573889,-299.9324382485748
10.0,10.0,45.0,5,0.23476,25.2,0.05619999999999999,4.0,0.0,0.0,0.0,0.0,0.0,0.0,37.70888,477.4,0.0,0.0,0.0,0.0,9.046638042708913,14.485006026734098,4.348564445367032,0.4731881509961086,1.4535051936473065,-0.39782760673314693,0.2126304141731416,0.9349788127173424,-0.24288021645526178,0.2669977303043258,0.9614289209651108,0.07585484433971962,11.228601549295018,16.3283201244,125.713976,0.00010200000000000001,0.59268,3.6,50.0,1.251559268996378,0.9120516937768943,84.0,236.0,0.0,0.0,0.0,555.4,0.0,0.0,2.4,0.0,0.0,17.2,200.0,0.0,0.0,0.0,5.107888307576437,4.348564445367032,-9.804425940332322,-177.11835159466423,21.81304959091957,16.979962,107.25145502563115,74.543974,0.5100368175830376,0.003182,24.43843988096343,6.2,24.878692115958337,1.0,0.7487007479239837,0.363063872554604,0.3061903904050967,-0.12414018392260587,0.6686620006189835,0.44308806073317025,0.7234872701015276,0.0,5.879981371256353,2.0,2.9147693199360787,-123.24820978896305,-12.71919526026839,-299.37997822549266
10.0,10.0,60.0,5,0.04816,9.4,0.11504,7.0,0.0,0.0,0.0,0.0,0.0,0.0,241.32608,1090.4,0.0,0.0,0.0,0.0,7.317001403356389,14.484333815284325,4.393995859841346,0.7566185914367527,1.6912943650027579,-0.19394281376679706,0.23916821061440946,0.9835379491920649,-0.2212804598179165,0.4216508026222575,0.9819428465202786,0.07586193431599667,2.37842815664452,18.0923726344,125.95724600000001,7.6e-05,0.68176,4.0,50.0,1.7381154204564537,0.8999806925302722,51.0,437.2,0.0,0.0,0.0,2218.8,0.0,0.0,9.4,0.0,0.0,17.0,349.8,0.0,0.0,0.0,5.036258595876107,3.850055269045818,5.185772932607582,-179.89353425487738,21.463711467522998,14.833892500000001,109.41536799718082,69.734445,0.5337219843351598,0.000225,26.549933804807775,2.25,24.22717358449419,1.0,1.052665282421806,0.3589717799679483,0.22276074464062923,-0.1778487762220542,0.6614323166091565,0.44212792905042814,0.7385768098501146,0.0,7.019569940955412,2.0,13.94225687657046,-179.71271451380156,-8.756483943962879,-349.540304220149
10.0,50.0,0.0,5,0.0,0.0,0.0,0.0,0.0,0.0,0.0,0.0,0.0,0.0,0.0,0.0,0.0,0.0,0.0,0.0,13.770924690346655,14.484746874756592,12.201888610438768,0.025943258822570626,0.3922418897349055,-0.37745497327690625,0.012904745499899862,0.23842519776207646,-0.2516567746761815,0.08423122730772444,0.10770427992086389,0.07585792387745566,-35.986674988032306,6.4993284972,38.908962,0.0,0.4983599999999999,1.0,2.0,0.9935875450524282,0.9681172292924014,0.0,0.0,0.0,0.0,0.0,0.0,0.0,0.0,0.0,0.0,0.0,0.0,0.0,0.0,0.0,0.0,,,,,,,,,,,,,,,,,,,,,,,,,,,,
10.0,50.0,0.5,3,0.0,0.0,0.0,0.0,0.0,0.0,0.0,0.0,0.0,0.0,0.0,0.0,0.0,0.0,0.0,0.0,13.71630195470469,14.495688941404886,12.268439220329578,-0.061329879643802036,0.29159949003483104,-0.4952313259900754,-0.03292988568254843,0.18604641981765457,-0.2842857435074657,0.08488178583822087,0.10634801440483353,0.07574301628782737,-5.538976169903467,6.496939125333333,37.80648,0.0,0.4952666666666667,1.0,2.0,0.9936232425578342,0.9706830704242947,0.0,0.0,0.0,0.0,0.0,0.0,0.0,0.0,0.0,0.0,0.0,0.0,0.0,0.0,0.0,0.0,,,,,,,,,,,,,,,,,,,,,,,,,,,,
10.0,50.0,1.0,5,0.0,0.0,0.0,0.0,0.0,0.0,0.0,0.0,0.0,0.0,0.0,0.0,0.0,0.0,0.0,0.0,13.830983934668808,14.484228327339839,12.513666625532888,-0.03316890028039604,0.32470933929909707,-0.40608754255435675,-0.01677997391443502,0.20669514864524915,-0.25457029877654386,0.08343003231423085,0.102740698233175,0.07586347848842671,-5.165995428623112,6.4308379991999995,39.92946,1.2e-05,0.49795999999999996,1.0,2.0,0.9936238756450677,0.9684144521890884,0.0,0.0,0.0,0.0,0.0,0.0,0.0,0.0,0.0,0.0,0.0,0.0,0.0,0.0,0.0,0.0,,,,,,,,,,,,,,,,,,,,,,,,,,,,
10.0,50.0,2.0,5,0.0,0.0,0.0,0.0,0.0,0.0,0.0,0.0,0.0,0.0,0.0,0.0,0.0,0.0,0.0,0.0,13.695452311536666,14.475207171222559,11.876296325576927,-0.01176499085865498,0.38662016890939765,-0.4188574167930253,-0.006536222397541121,0.24095168236924178,-0.262055225153239,0.08529129184269117,0.11442976473703988,0.07595754633241994,0.5704388234108144,6.4960146252,39.045883999999994,0.0,0.49332000000000004,1.0,2.0,0.9936930175362212,0.9706239267447264,0.0,0.0,0.0,0.0,0.0,0.0,0.0,0.0,0.0,0.0,0.0,0.0,0.0,0.0,0.0,0.0,,,,,,,,,,,,,,,,,,,,,,,,,,,,
10.0,50.0,5.0,5,0.0,0.0,0.0,0.0,0.0,0.0,0.0,0.0,0.0,0.0,0.0,0.0,0.0,0.0,0.0,0.0,13.791802911943615,14.458919014318647,12.488876080724971,-0.029234082869728718,0.35769786236245865,-0.376525703772794,-0.016920077257951683,0.22217171769473168,-0.25428337208560314,0.08390764896028172,0.1025158442737899,0.07612894987730348,-18.486545372611516,6.46296924,39.205549999999995,2.4e-05,0.49904000000000004,1.0,2.0,0.993597276230943,0.9671347013856012,0.0,0.0,0.0,0.0,0.0,0.0,0.0,0.0,0.0,0.0,0.0,0.0,0.0,0.0,0.0,0.0,,,,,,,,,,,,,,,,,,,,,,,,,,,,
10.0,50.0,10.0,5,0.0,0.0,0.0,0.0,0.0,0.0,0.0,0.0,0.0,0.0,0.0,0.0,0.0,0.0,0.0,0.0,13.60385015028956,14.47993609920222,10.211264086417348,0.012243590361473818,0.5556776168146553,-0.40731123845160144,0.0016181482359286404,0.31669657023057574,-0.26436999124125343,0.0876317118395506,0.16811671196884154,0.07590819865507308,-3.11827740636827,6.6337495284,49.287004,6.000000000000001e-06,0.49368,1.0,2.0,0.9936611775059523,0.9698072859453113,0.0,0.0,0.0,0.0,0.0,0.0,0.0,0.0,0.0,0.0,0.0,0.0,0.0,0.0,0.0,0.0,,,,,,,,,,,,,,,,,,,,,,,,,,,,
10.0,50.0,15.0,5,0.0,0.0,0.0,0.0,0.0,0.0,0.0,0.0,0.0,0.0,0.0,0.0,0.0,0.0,0.0,0.0,13.162499800400852,14.4865575914671,9.461896952276723,0.08988636449228067,0.6378809269306991,-0.3242053765318376,0.035735056803108164,0.3045248367251056,-0.20441817402130522,0.0947144068453284,0.18088270513764068,0.07583873875885686,3.4295547033234035,7.3232460824,63.892421999999996,1.8e-05,0.49876000000000004,1.0,2.0,0.9936391656553368,0.9703538607030454,0.0,0.0,0.0,0.0,0.0,0.0,0.0,0.0,0.0,0.0,0.0,0.0,0.0,0.0,0.0,0.0,,,,,,,,,,,,,,,,,,,,,,,,,,,,
10.0,50.0,30.0,5,0.0,0.0,0.0,0.0,0.0,0.0,0.0,0.0,0.0,0.0,0.0,0.0,0.0,0.0,0.0,0.0,12.672603282161209,14.48335020584309,7.5426927054753365,0.0757614547608964,0.6284898483616341,-0.36116034699495386,0.02332840964036616,0.30706542362963657,-0.20357495391446717,0.10769707681092977,0.280701620029509,0.07587247025814262,7.136497211019792,7.8699536892,97.09602199999999,0.0,0.49596,1.0,2.0,0.9937410540194748,0.9721401000362334,0.0,0.0,0.0,0.0,0.0,0.0,0.0,0.0,0.0,0.0,0.0,0.0,0.0,0.0,0.0,0.0,,,,,,,,,,,,,,,,,,,,,,,,,,,,
10.0,50.0,45.0,5,0.0,0.0,4e-05,0.2,0.0,0.0,0.0,0.0,0.0,0.0,0.0,0.0,0.0,0.0,0.0,0.0,12.352384429870364,14.487537276641337,6.921239623833992,0.10166892715263402,0.7440413615221152,-0.2959480220436858,0.02251371863617852,0.36403805794524835,-0.17883443990299663,0.12118379186172142,0.33424868149518383,0.0758284941912746,-12.582965268476624,7.9367826756,114.022752,2.0000000000000003e-06,0.49388000000000004,1.4,20.8,0.9936505055900943,0.9623059282113193,0.0,0.2,0.0,0.0,0.0,0.0,0.0,0.0,0.0,0.0,0.0,0.0,0.2,0.0,0.0,0.0,,,,,,,,,,,,,,,,,,,,,,,,,,,,
10.0,50.0,60.0,4,0.0,0.0,0.00155,1.5,0.0,0.0,0.0,0.0,0.0,0.0,31.9404,392.5,0.0,0.0,0.0,0.0,10.435835654876879,14.478768796309085,5.595973011414394,0.3470694284496759,1.117045597972452,-0.2999584708326217,0.06809991688182371,0.6305639454520142,-0.1746389727140754,0.20747025453356127,0.5374297053785528,0.0759203145685166,-16.13677805657717,9.292334290500001,121.6583775,4.25e-05,0.5578000000000001,3.25,49.75,1.4936461994230648,0.9218281920421697,0.0,7.0,0.0,0.0,0.0,520.0,0.0,0.0,4.5,0.0,0.0,0.0,6.25,0.0,0.0,0.0,5.569230669943825,5.146484379934878,-7.1702907058617065,-98.80914246631853,13.579604724483694,11.357976666666666,84.29355092031011,55.14036666666667,0.26487151800731024,0.00026333333333333336,26.16593146193712,12.666666666666666,23.570794236812855,1.0,0.9327838419052948,0.6957423696243779,0.2494916303132891,-0.12538869866476224,0.5184408315127487,0.4428658173195305,0.9362987775265376,0.0,10.060297261357706,2.0,-42.07194037256879,-130.65766856804598,34.90164966670708,-95.40289909993858
10.0,75.0,0.0,5,0.0,0.0,0.0,0.0,0.0,0.0,0.0,0.0,0.0,0.0,0.0,0.0,0.0,0.0,0.0,0.0,14.0061700346773,14.482399670995454,13.168820749561718,0.0042054663320641806,0.35419697680787876,-0.3312907342742276,0.0024492809842882202,0.1936174715101811,-0.20043393673400306,0.08123414518231722,0.09192581558005648,0.07588231279646371,-56.520566203125384,5.285998922,31.145309999999995,0.0,0.50332,1.0,2.0,0.9935650582035521,0.9722665124362722,0.0,0.0,0.0,0.0,0.0,0.0,0.0,0.0,0.0,0.0,0.0,0.0,0.0,0.0,0.0,0.0,,,,,,,,,,,,,,,,,,,,,,,,,,,,
10.0,75.0,0.5,5,0.0,0.0,0.0,0.0,0.0,0.0,0.0,0.0,0.0,0.0,0.0,0.0,0.0,0.0,0.0,0.0,14.030663656698504,14.49180556301865,13.208050279482435,0.00316688624104738,0.3016332371793737,-0.28430312454447515,0.0019251536686949798,0.1767486679147019,-0.18972261923438266,0.08092860300945151,0.09133052804902787,0.075783718671547,-47.51688483840398,5.262207941199999,31.81506,0.0,0.49795999999999996,1.0,2.0,0.993621235869313,0.9701177645626384,0.0,0.0,0.0,0.0,0.0,0.0,0.0,0.0,0.0,0.0,0.0,0.0,0.0,0.0,0.0,0.0,,,,,,,,,,,,,,,,,,,,,,,,,,,,
10.0,75.0,1.0,5,0.0,0.0,0.0,0.0,0.0,0.0,0.0,0.0,0.0,0.0,0.0,0.0,0.0,0.0,0.0,0.0,13.971265960825438,14.484548624722231,12.831549066927233,-0.0105313755160112,0.3272011431784021,-0.3480584287290157,-0.005898369730284419,0.18867263141098492,-0.23097183215717704,0.08168698436926528,0.09692505441637309,0.0758596474985051,-54.87647670575029,5.291867481599999,31.273810000000005,4.000000000000001e-06,0.49192,1.0,2.0,0.993610836184731,0.9716027062265729,0.0,0.0,0.0,0.0,0.0,0.0,0.0,0.0,0.0,0.0,0.0,0.0,0.0,0.0,0.0,0.0,,,,,,,,,,,,,,,,,,,,,,,,,,,,
10.0,75.0,2.0,5,0.0,0.0,0.0,0.0,0.0,0.0,0.0,0.0,0.0,0.0,0.0,0.0,0.0,0.0,0.0,0.0,13.954654607803898,14.494010002002687,12.625434144280577,0.02213014868727996,0.36519360007069873,-0.3155528598397664,0.0096749027590828,0.21634890259620604,-0.2258262563821853,0.08190569805232786,0.10047976692725773,0.07576074792692208,-2.8149691084132753,5.3073082456,31.284276,0.0,0.49988,1.0,2.0,0.9936695724445755,0.969265022686628,0.0,0.0,0.0,0.0,0.0,0.0,0.0,0.0,0.0,0.0,0.0,0.0,0.0,0.0,0.0,0.0,,,,,,,,,,,,,,,,,,,,,,,,,,,,
10.0,75.0,5.0,5,0.0,0.0,0.0,0.0,0.0,0.0,0.0,0.0,0.0,0.0,0.0,0.0,0.0,0.0,0.0,0.0,13.908601942599427,14.484819630245383,12.632132236059824,0.01691706725285318,0.38621276604453486,-0.32907780683188126,0.00787690926843004,0.22165780423272946,-0.20116187158232507,0.08251918657059436,0.10031352655395998,0.07585693392612429,7.730119017865656,5.3372815904,31.165758,1.8e-05,0.49588,1.0,2.0,0.9936139710339331,0.9702589823927699,0.0,0.0,0.0,0.0,0.0,0.0,0.0,0.0,0.0,0.0,0.0,0.0,0.0,0.0,0.0,0.0,,,,,,,,,,,,,,,,,,,,,,,,,,,,
10.0,75.0,10.0,5,0.0,0.0,0.0,0.0,0.0,0.0,0.0,0.0,0.0,0.0,0.0,0.0,0.0,0.0,0.0,0.0,13.853168394472823,14.499781932845565,12.023222330985611,0.01430617526910028,0.3792933779704154,-0.31239904582270683,0.0034407439716045386,0.2266885737758737,-0.18984130869227406,0.08355969174307772,0.11411996254989147,0.07570031777225497,-14.844224705476098,5.4336698668,34.73933,0.0,0.49392,1.0,2.0,0.9936167287307717,0.9719928325040641,0.0,0.0,0.0,0.0,0.0,0.0,0.0,0.0,0.0,0.0,0.0,0.0,0.0,0.0,0.0,0.0,,,,,,,,,,,,,,,,,,,,,,,,,,,,
10.0,75.0,15.0,5,0.0,0.0,0.0,0.0,0.0,0.0,0.0,0.0,0.0,0.0,0.0,0.0,0.0,0.0,0.0,0.0,13.782198976816863,14.482774648639582,10.82913580691812,0.03875139193982621,0.5326431754688847,-0.2775203550199321,0.01605440577699212,0.2734989489068405,-0.1641947163560314,0.08501142734406482,0.14144660495880326,0.07587828799679719,-40.77709702203093,5.5541813668,44.033984,0.0,0.49592,1.0,2.0,0.993679931517238,0.9709995871654605,0.0,0.0,0.0,0.0,0.0,0.0,0.0,0.0,0.0,0.0,0.0,0.0,0.0,0.0,0.0,0.0,,,,,,,,,,,,,,,,,,,,,,,,,,,,
10.0,75.0,30.0,5,0.0,0.0,0.0,0.0,0.0,0.0,0.0,0.0,0.0,0.0,0.0,0.0,0.0,0.0,0.0,0.0,13.25665943625647,14.480281566177549,8.228875127856167,0.0480918266975028,0.5597258702733351,-0.2932831862963602,0.011797193838487883,0.2968668464581318,-0.17620817592868127,0.09555202279999352,0.23934572974087934,0.07590478502244913,-9.781905245426069,6.221122494000001,77.617194,0.0,0.49988,1.0,11.6,0.9936973881092444,0.9693501521309976,0.0,0.0,0.0,0.0,0.0,0.0,0.0,0.0,0.0,0.0,0.0,0.0,0.0,0.0,0.0,0.0,,,,,,,,,,,,,,,,,,,,,,,,,,,,
10.0,75.0,45.0,5,0.0,0.0,0.0,0.0,0.0,0.0,0.0,0.0,0.0,0.0,0.00112,1.4,0.0,0.0,0.0,0.0,12.904063986595764,14.48652096384229,7.690170507257474,0.06566523757268854,0.6252328271023353,-0.3159560851528704,0.012253502862779781,0.3205979207036015,-0.16848384594898766,0.10831965089081244,0.30269559722451583,0.07583920401843758,-11.797439932880772,6.3218709544000005,92.98114,0.0,0.49779999999999996,1.6,21.2,0.9998945792990233,0.9535559081394513,0.0,0.0,0.0,0.0,0.0,1.4,0.0,0.0,0.2,0.0,0.0,0.0,0.0,0.0,0.0,0.0,5.909634313341662,5.8537511221045255,-103.49454889736452,-109.6738575465772,16.454107142857143,15.26228,69.71073,63.11063,0.3110071428571428,0.0369,30.0,12.0,17.142857142857142,1.0,0.5753943406995273,0.4743596666013346,0.3481346133790966,0.3309908187755668,0.4558174015289385,0.4434281119634816,0.4285714285714285,0.0,2.0,2.0,103.64741375446526,69.38519537768582,-207.1419626518298,-222.65409597905835
10.0,75.0,60.0,5,0.0,0.0,0.0,0.0,0.0,0.0,0.0,0.0,0.0,0.0,0.0,0.0,0.0,0.0,0.0,0.0,12.119726631409048,14.48661299411676,6.761325463606438,0.1675918640678763,0.7587612494277061,-0.2595195599778408,0.0496425557869619,0.46669929037144386,-0.156240959459708,0.13242139740625009,0.34875210651397054,0.07583841188890293,6.297283081328907,7.009968599199999,104.9099,1e-05,0.5105999999999999,2.2,40.4,1.000879643156772,0.9308648412096545,0.0,0.0,0.0,0.0,0.0,0.0,0.0,0.0,0.0,0.0,0.0,0.0,0.0,0.0,0.0,0.0,,,,,,,,,,,,,,,,,,,,,,,,,,,,
10.0,100.0,0.0,5,0.0,0.0,0.0,0.0,0.0,0.0,0.0,0.0,0.0,0.0,0.0,0.0,0.0,0.0,0.0,0.0,14.102241844404,14.483452413490244,13.343556029609521,0.0011876861759217594,0.2638314803290089,-0.2998484613781389,8.108145755712018e-05,0.16891004882411811,-0.18032826505099714,0.08009161673972795,0.08941916021559287,0.07587105581306311,-66.50075996659099,4.5767609616,27.947972,0.0,0.49704,1.0,2.0,0.993706798647709,0.971621881652613,0.0,0.0,0.0,0.0,0.0,0.0,0.0,0.0,0.0,0.0,0.0,0.0,0.0,0.0,0.0,0.0,,,,,,,,,,,,,,,,,,,,,,,,,,,,
10.0,100.0,0.5,5,0.0,0.0,0.0,0.0,0.0,0.0,0.0,0.0,0.0,0.0,0.0,0.0,0.0,0.0,0.0,0.0,14.065694070398578,14.499670015432951,12.90826606334475,0.001915903166319019,0.3215741328305424,-0.31633841626317005,0.0017650888558657196,0.20455865823295652,-0.20033374273748855,0.08056343988930645,0.09580147380619308,0.07570145474445338,-11.213089898547839,4.5993254416,27.496033999999998,0.0,0.49555999999999994,1.0,2.0,0.9936760188942191,0.9711463086282756,0.0,0.0,0.0,0.0,0.0,0.0,0.0,0.0,0.0,0.0,0.0,0.0,0.0,0.0,0.0,0.0,,,,,,,,,,,,,,,,,,,,,,,,,,,,
10.0,100.0,1.0,5,0.0,0.0,0.0,0.0,0.0,0.0,0.0,0.0,0.0,0.0,0.0,0.0,0.0,0.0,0.0,0.0,14.094727861966017,14.48396172034197,13.062239574051418,0.002673902327154659,0.3163102634937688,-0.29999184400136475,-0.0002095722261051796,0.19688908291161947,-0.18875985863124023,0.0802199784207699,0.09361719093234507,0.07586577802964366,-44.1065591763224,4.5647890812,27.417698,0.0,0.49348000000000003,1.0,2.0,0.9936696624755065,0.9705892829077272,0.0,0.0,0.0,0.0,0.0,0.0,0.0,0.0,0.0,0.0,0.0,0.0,0.0,0.0,0.0,0.0,,,,,,,,,,,,,,,,,,,,,,,,,,,,
10.0,100.0,2.0,5,0.0,0.0,0.0,0.0,0.0,0.0,0.0,0.0,0.0,0.0,0.0,0.0,0.0,0.0,0.0,0.0,14.132541172897765,14.484006615745788,13.482056899688464,0.0020993556755842385,0.26692518875052895,-0.23445328516371156,0.00023497700835541994,0.16981380623465656,-0.15782962209783666,0.07972740022384943,0.08761349922465482,0.07586523985354099,-34.402045806987246,4.5649207992,27.956668,0.0,0.4968800000000001,1.0,2.0,0.9935757236777494,0.9689091331337897,0.0,0.0,0.0,0.0,0.0,0.0,0.0,0.0,0.0,0.0,0.0,0.0,0.0,0.0,0.0,0.0,,,,,,,,,,,,,,,,,,,,,,,,,,,,
10.0,100.0,5.0,5,0.0,0.0,0.0,0.0,0.0,0.0,0.0,0.0,0.0,0.0,0.0,0.0,0.0,0.0,0.0,0.0,14.12383255699435,14.480638360248326,13.14547237012803,-0.012552833420139378,0.2869169698579971,-0.26870545296418336,-0.0074022032958348406,0.17071154654691212,-0.1787098991288617,0.07987330155984707,0.09278545643975258,0.07590064553154893,-26.26636088995781,4.5598516056000005,28.065124000000004,0.0,0.49720000000000003,1.0,2.0,0.993636424422682,0.9696185105362336,0.0,0.0,0.0,0.0,0.0,0.0,0.0,0.0,0.0,0.0,0.0,0.0,0.0,0.0,0.0,0.0,,,,,,,,,,,,,,,,,,,,,,,,,,,,
10.0,100.0,10.0,5,0.0,0.0,0.0,0.0,0.0,0.0,0.0,0.0,0.0,0.0,0.0,0.0,0.0,0.0,0.0,0.0,14.04009712027939,14.489328235555877,12.852424129535313,0.011399298545607358,0.29911633666066295,-0.26233667777981295,0.00271420290841038,0.17514807694568582,-0.1689561048749583,0.08091527708437492,0.09752379115794592,0.0758097074719606,-50.615511237846235,4.656607673600001,29.620108000000005,0.0,0.49964,1.0,2.0,0.9936135302733685,0.9699551747937974,0.0,0.0,0.0,0.0,0.0,0.0,0.0,0.0,0.0,0.0,0.0,0.0,0.0,0.0,0.0,0.0,,,,,,,,,,,,,,,,,,,,,,,,,,,,
10.0,100.0,15.0,5,0.0,0.0,0.0,0.0,0.0,0.0,0.0,0.0,0.0,0.0,0.0,0.0,0.0,0.0,0.0,0.0,13.836408058628018,14.486611516428837,11.603504713595687,0.049025191346378935,0.4486662739995929,-0.2435477705117667,0.019833460429671178,0.22391025230455522,-0.1637770739997671,0.0837828331020271,0.12087160777538708,0.07583816390075147,-0.7294873566008448,4.9205053192,37.660678000000004,8.000000000000001e-06,0.49476000000000003,1.0,2.0,0.9936349554510636,0.971105913984322,0.0,0.0,0.0,0.0,0.0,0.0,0.0,0.0,0.0,0.0,0.0,0.0,0.0,0.0,0.0,0.0,,,,,,,,,,,,,,,,,,,,,,,,,,,,
10.0,100.0,30.0,5,0.0,0.0,0.0,0.0,0.0,0.0,0.0,0.0,0.0,0.0,0.0,0.0,0.0,0.0,0.0,0.0,13.664986589158739,14.479202201969969,10.104843181345197,0.035596201552784736,0.5320236716154602,-0.23838160095980773,0.00922293873800904,0.22868457290840832,-0.15797853964395867,0.0874544489837988,0.17249114907567548,0.0759157411078996,-44.151737026803474,5.244712101600001,58.87487,0.0,0.5008800000000001,1.0,2.0,0.9936102043517032,0.9692833240125841,0.0,0.0,0.0,0.0,0.0,0.0,0.0,0.0,0.0,0.0,0.0,0.0,0.0,0.0,0.0,0.0,,,,,,,,,,,,,,,,,,,,,,,,,,,,
10.0,100.0,45.0,5,0.0,0.0,0.0,0.0,0.0,0.0,0.0,0.0,0.0,0.0,1.17612,48.4,0.0,0.0,0.0,0.0,13.246194112090901,14.481020067234997,7.539098767256114,0.0353670583905792,0.5470202433011373,-0.3199293594380452,0.0042623337581042,0.32711710465830235,-0.16590123875494722,0.10183934839566373,0.3355572615348379,0.07589663012169941,-33.80570469656967,5.4841464592,74.12299,0.0,0.508,1.6,11.6,1.1074439427106793,0.955828349614041,0.0,0.0,0.0,0.0,0.0,48.4,0.0,0.0,0.2,0.0,0.0,0.0,0.0,0.0,0.0,0.0,5.382375080424363,4.997806933839986,49.85869993130772,-177.73097679211472,12.87338396694215,10.59533,52.69811946280993,42.99805,0.3131698760330578,0.00259,22.305785123966945,15.0,21.537190082644628,1.0,0.5819871357752985,0.3414888194068622,0.4548050919548814,-0.0392053501707362,0.5538130219417722,0.4421139179494165,1.318181818181818,0.0,21.611570247933884,2.0,-3.931716313551804,-83.92395756565374,53.79041624485953,-260.1893364248916
10.0,100.0,60.0,5,0.0,0.0,0.0,0.0,0.0,0.0,0.0,0.0,0.0,0.0,0.0,0.0,0.0,0.0,0.0,0.0,12.278980939230713,14.483004826090829,6.848404513260554,0.15244204255891108,0.7628449885941073,-0.2730845554360145,0.04030266699600386,0.5091083363688913,-0.14985759002883012,0.1271344475982479,0.3396912365647725,0.07587590895104135,18.25962320540234,6.2754005371999995,82.63224399999999,6e-06,0.51488,2.6,49.8,1.0011772118152955,0.92954475878401,0.0,0.0,0.0,0.0,0.0,0.0,0.0,0.0,0.0,0.0,0.0,0.0,0.0,0.0,0.0,0.0,,,,,,,,,,,,,,,,,,,,,,,,,,,,
10.0,200.0,0.0,5,0.0,0.0,0.0,0.0,0.0,0.0,0.0,0.0,0.0,0.0,0.0,0.0,0.0,0.0,0.0,0.0,14.273877192106516,14.492155972958804,13.857595956906437,-0.005788367266946581,0.18922521433291317,-0.1880977386761751,-0.0028380018980718597,0.11690544884690293,-0.12109702945961028,0.07812928539423433,0.08289757640179288,0.07578001084328641,-44.7190967752809,3.2349527756,19.103305999999996,0.0,0.5067200000000001,1.0,2.0,0.9935795287664805,0.9708340804552769,0.0,0.0,0.0,0.0,0.0,0.0,0.0,0.0,0.0,0.0,0.0,0.0,0.0,0.0,0.0,0.0,,,,,,,,,,,,,,,,,,,,,,,,,,,,
10.0,200.0,0.5,5,0.0,0.0,0.0,0.0,0.0,0.0,0.0,0.0,0.0,0.0,0.0,0.0,0.0,0.0,0.0,0.0,14.259541242599406,14.486182665031544,13.751196801903621,-0.00530163535329042,0.20177028172183853,-0.20842364540514335,-0.00218167908860812,0.12973874474803945,-0.13463841257617334,0.07829164606004016,0.08419869897243054,0.075842799214375,-92.12491892708913,3.2368266296000003,19.298982000000002,0.0,0.49528,1.0,2.0,0.9936107124089617,0.972141234460055,0.0,0.0,0.0,0.0,0.0,0.0,0.0,0.0,0.0,0.0,0.0,0.0,0.0,0.0,0.0,0.0,,,,,,,,,,,,,,,,,,,,,,,,,,,,
10.0,200.0,1.0,5,0.0,0.0,0.0,0.0,0.0,0.0,0.0,0.0,0.0,0.0,0.0,0.0,0.0,0.0,0.0,0.0,14.269201182201957,14.49565634171286,13.78480795713134,-0.01104447035933164,0.1818620595725029,-0.2063586457689511,-0.00504404241863868,0.1189989639881456,-0.13403857862824037,0.07818613746571466,0.08384024960241376,0.07574340301459197,-24.072060300474494,3.2380650103999997,19.720922,0.0,0.5001599999999999,1.0,2.0,0.9936157702128176,0.9705098262295604,0.0,0.0,0.0,0.0,0.0,0.0,0.0,0.0,0.0,0.0,0.0,0.0,0.0,0.0,0.0,0.0,,,,,,,,,,,,,,,,,,,,,,,,,,,,
10.0,200.0,2.0,5,0.0,0.0,0.0,0.0,0.0,0.0,0.0,0.0,0.0,0.0,0.0,0.0,0.0,0.0,0.0,0.0,14.237214810201635,14.488940841833685,13.674256141220368,0.0164607893323283,0.23006452197955768,-0.21772769072085674,0.007954415918691721,0.14244399291830484,-0.13562300784270453,0.07854327079245371,0.08517641326849501,0.07581403732713628,-58.87438050995794,3.2596552020000003,19.117939999999997,0.0,0.49664,1.0,2.0,0.9936939902849649,0.9688071490862227,0.0,0.0,0.0,0.0,0.0,0.0,0.0,0.0,0.0,0.0,0.0,0.0,0.0,0.0,0.0,0.0,,,,,,,,,,,,,,,,,,,,,,,,,,,,
10.0,200.0,5.0,5,0.0,0.0,0.0,0.0,0.0,0.0,0.0,0.0,0.0,0.0,0.0,0.0,0.0,0.0,0.0,0.0,14.284313946040175,14.490930118662225,13.895427174271262,-0.00266142512785158,0.19445124886171924,-0.21168355172896475,-0.0022511546159436377,0.11329345543010176,-0.13087278000348007,0.07801330183117666,0.08243568436076673,0.07579289770449345,-93.56544812442306,3.2246647852000003,18.208092,0.0,0.50008,1.0,2.0,0.9936438347522127,0.972617327028942,0.0,0.0,0.0,0.0,0.0,0.0,0.0,0.0,0.0,0.0,0.0,0.0,0.0,0.0,0.0,0.0,,,,,,,,,,,,,,,,,,,,,,,,,,,,
10.0,200.0,10.0,5,0.0,0.0,0.0,0.0,0.0,0.0,0.0,0.0,0.0,0.0,0.0,0.0,0.0,0.0,0.0,0.0,14.228786447646451,14.496740201353552,13.648827981158968,0.02365099483129336,0.24851862959951232,-0.20053890483704367,0.0103103113722452,0.1417479259805409,-0.12350659590366005,0.07864316275765788,0.08552135659858932,0.0757321593185295,-59.62704492131608,3.2764630308,19.470750000000002,0.0,0.4946400000000001,1.0,2.0,0.9936649032567464,0.9683763302892288,0.0,0.0,0.0,0.0,0.0,0.0,0.0,0.0,0.0,0.0,0.0,0.0,0.0,0.0,0.0,0.0,,,,,,,,,,,,,,,,,,,,,,,,,,,,
10.0,200.0,15.0,5,0.0,0.0,0.0,0.0,0.0,0.0,0.0,0.0,0.0,0.0,0.0,0.0,0.0,0.0,0.0,0.0,14.241223359435264,14.489658796681855,13.580903371955475,0.014093488732276222,0.24328305302103653,-0.17733792855257496,0.0062247654046371,0.14147491848178145,-0.11495381883495762,0.07850885691495751,0.08632501659021571,0.07580626503265628,-77.23117674634354,3.2882539875999997,20.899118,0.0,0.49856,1.0,2.0,0.993576056735973,0.9680577926171999,0.0,0.0,0.0,0.0,0.0,0.0,0.0,0.0,0.0,0.0,0.0,0.0,0.0,0.0,0.0,0.0,,,,,,,,,,,,,,,,,,,,,,,,,,,,
10.0,200.0,30.0,5,0.0,0.0,0.0,0.0,0.0,0.0,0.0,0.0,0.0,0.0,0.0,0.0,0.0,0.0,0.0,0.0,14.177076942214796,14.493182375067878,12.812770952951169,0.0084058384094571,0.268432505543356,-0.1927028080628777,0.0005663021239298997,0.1260736485668198,-0.11960052394144201,0.07932863479584643,0.09747419098446942,0.07576920948336312,-86.53191318686578,3.4155534059999995,28.218056,0.0,0.4992,1.0,2.0,0.9936219060563539,0.9712001579106149,0.0,0.0,0.0,0.0,0.0,0.0,0.0,0.0,0.0,0.0,0.0,0.0,0.0,0.0,0.0,0.0,,,,,,,,,,,,,,,,,,,,,,,,,,,,
10.0,200.0,45.0,5,0.0,0.0,0.0,0.0,0.0,0.0,0.0,0.0,0.0,0.0,0.0,0.0,0.0,0.0,0.0,0.0,13.593925185381153,14.496279443189184,8.731578473450252,0.03654787610149886,0.5235090148176018,-0.23090259945457065,0.003028322703125019,0.2195880201532995,-0.12857367670472747,0.09199699327987695,0.22875717739977172,0.07573694693398528,-35.44602988581217,3.9937929936000005,53.551616,0.0,0.49971999999999994,1.0,2.0,0.9937678356072684,0.9698886437557057,0.0,0.0,0.0,0.0,0.0,0.0,0.0,0.0,0.0,0.0,0.0,0.0,0.0,0.0,0.0,0.0,,,,,,,,,,,,,,,,,,,,,,,,,,,,
10.0,200.0,60.0,5,0.0,0.0,0.0,0.0,0.0,0.0,0.0,0.0,0.0,0.0,0.0,0.0,0.0,0.0,0.0,0.0,13.338700351727699,14.477529951139056,7.243781256389724,0.06311480086285691,0.7304262242929671,-0.23093467895587344,0.00314310295694974,0.362388662903553,-0.12664149171473443,0.10002666084801852,0.3047248944855047,0.07593338376525334,-12.32145974556932,4.1813022124,57.96502400000001,4.000000000000001e-06,0.49868000000000007,1.8,30.8,0.9973714137703553,0.9568151123823222,0.0,0.0,0.0,0.0,0.0,0.0,0.0,0.0,0.0,0.0,0.0,0.0,0.0,0.0,0.0,0.0,,,,,,,,,,,,,,,,,,,,,,,,,,,,
10.0,300.0,0.0,5,0.0,0.0,0.0,0.0,0.0,0.0,0.0,0.0,0.0,0.0,0.0,0.0,0.0,0.0,0.0,0.0,14.325072031451938,14.47471786313493,14.004856680444433,-0.006932569671756479,0.16404591775507274,-0.18485956653557348,-0.00322932082271622,0.10502072894399539,-0.11401678500692906,0.07756459703589477,0.08115613764037169,0.07596278804357127,-68.47106171980946,2.6442543596,16.796664,0.0,0.5010000000000001,1.0,2.0,0.9936133612240623,0.96927337053325,0.0,0.0,0.0,0.0,0.0,0.0,0.0,0.0,0.0,0.0,0.0,0.0,0.0,0.0,0.0,0.0,,,,,,,,,,,,,,,,,,,,,,,,,,,,
10.0,300.0,0.5,5,0.0,0.0,0.0,0.0,0.0,0.0,0.0,0.0,0.0,0.0,0.0,0.0,0.0,0.0,0.0,0.0,14.321413264872888,14.48780537752729,14.018545161021109,-0.0013959719930632802,0.1643118185802587,-0.169557870127596,-0.0005286074568958,0.10739589990107275,-0.10521630778422267,0.07760493266341137,0.08100406534665251,0.07582570799833073,-87.70097885214263,2.6466185868,15.433661999999998,0.0,0.49487999999999993,1.0,2.0,0.9937021475051735,0.9703115305234379,0.0,0.0,0.0,0.0,0.0,0.0,0.0,0.0,0.0,0.0,0.0,0.0,0.0,0.0,0.0,0.0,,,,,,,,,,,,,,,,,,,,,,,,,,,,
10.0,300.0,1.0,5,0.0,0.0,0.0,0.0,0.0,0.0,0.0,0.0,0.0,0.0,0.0,0.0,0.0,0.0,0.0,0.0,14.331967377024123,14.501079728448724,14.012228474428644,-0.0080137441180245,0.1535762144999639,-0.173593331817922,-0.00411503452757922,0.09087226520774802,-0.10961913231909415,0.07748998224544151,0.08107735405636479,0.07568668667320058,-72.74409143886061,2.6349278108,15.83617,0.0,0.49492,1.0,2.0,0.9936239613524842,0.9688875181610037,0.0,0.0,0.0,0.0,0.0,0.0,0.0,0.0,0.0,0.0,0.0,0.0,0.0,0.0,0.0,0.0,,,,,,,,,,,,,,,,,,,,,,,,,,,,
10.0,300.0,2.0,5,0.0,0.0,0.0,0.0,0.0,0.0,0.0,0.0,0.0,0.0,0.0,0.0,0.0,0.0,0.0,0.0,14.3299398744319,14.493749745562493,14.081151338822053,0.00504715851997988,0.17213912874179027,-0.15263443436872998,0.00223981704374126,0.11158340361108018,-0.09599115278786999,0.07750969448592489,0.08027091971970778,0.07576354056019753,-64.47304836033476,2.6418456064,15.867010000000002,0.0,0.5016,1.0,2.0,0.9936187040270894,0.9705236060104967,0.0,0.0,0.0,0.0,0.0,0.0,0.0,0.0,0.0,0.0,0.0,0.0,0.0,0.0,0.0,0.0,,,,,,,,,,,,,,,,,,,,,,,,,,,,
10.0,300.0,5.0,4,0.0,0.0,0.0,0.0,0.0,0.0,0.0,0.0,0.0,0.0,0.0,0.0,0.0,0.0,0.0,0.0,14.306598941196537,14.493535803588356,13.955669944738812,0.0033143218667322,0.1780138509242123,-0.1635225391790136,0.0017245897162266252,0.11205452093829964,-0.10490026165045963,0.07776888551991172,0.08174095480332826,0.0757656921944903,-92.20643850831698,2.663437008,15.9643275,0.0,0.49795,1.0,2.0,0.9936083659743072,0.9721518264912977,0.0,0.0,0.0,0.0,0.0,0.0,0.0,0.0,0.0,0.0,0.0,0.0,0.0,0.0,0.0,0.0,,,,,,,,,,,,,,,,,,,,,,,,,,,,
10.0,300.0,10.0,5,0.0,0.0,0.0,0.0,0.0,0.0,0.0,0.0,0.0,0.0,0.0,0.0,0.0,0.0,0.0,0.0,14.322685182132606,14.493418495324196,14.050345028737132,0.0007894969312951999,0.17680185524977576,-0.16079954381326994,0.00033895473512211995,0.10169290392591024,-0.10627677385522778,0.07758959100112905,0.08062365549551698,0.07576686529793539,-78.93698204998718,2.6445455444,15.690567999999999,0.0,0.49343999999999993,1.0,2.0,0.9936246327139951,0.969544877168077,0.0,0.0,0.0,0.0,0.0,0.0,0.0,0.0,0.0,0.0,0.0,0.0,0.0,0.0,0.0,0.0,,,,,,,,,,,,,,,,,,,,,,,,,,,,
10.0,300.0,15.0,5,0.0,0.0,0.0,0.0,0.0,0.0,0.0,0.0,0.0,0.0,0.0,0.0,0.0,0.0,0.0,0.0,14.276874264392845,14.499565647122608,13.619230915564387,0.03142311736619151,0.2570627217004277,-0.15008978172938506,0.01433906434470992,0.13798962436254542,-0.08811276336910538,0.07811510557959592,0.08595888163936269,0.07570258218983891,-28.741167984361653,2.6991345100000004,16.418478,0.0,0.5020800000000001,1.0,2.0,0.9936548793957964,0.9690488735240624,0.0,0.0,0.0,0.0,0.0,0.0,0.0,0.0,0.0,0.0,0.0,0.0,0.0,0.0,0.0,0.0,,,,,,,,,,,,,,,,,,,,,,,,,,,,
10.0,300.0,30.0,5,0.0,0.0,0.0,0.0,0.0,0.0,0.0,0.0,0.0,0.0,0.0,0.0,0.0,0.0,0.0,0.0,14.21451487867093,14.489754458373573,12.805535181069231,0.025096479908646857,0.2965637360278402,-0.156516046179702,0.008904397296055262,0.13188760406576644,-0.08983886004183671,0.07896103991369491,0.0993192740412159,0.07580512481972008,-86.3483923971141,2.8002541488,23.283440000000002,0.0,0.5072,1.0,2.0,0.9936043700296677,0.9721608228240992,0.0,0.0,0.0,0.0,0.0,0.0,0.0,0.0,0.0,0.0,0.0,0.0,0.0,0.0,0.0,0.0,,,,,,,,,,,,,,,,,,,,,,,,,,,,
10.0,300.0,45.0,5,0.0,0.0,0.0,0.0,0.0,0.0,0.0,0.0,0.0,0.0,0.0,0.0,0.0,0.0,0.0,0.0,14.181154441439872,14.490062038693878,11.678766609809689,0.00908730938891114,0.33380741962295424,-0.17524321468387535,0.0005545901844003198,0.15201500221746383,-0.09839123422436116,0.07965101104472602,0.1232102752310166,0.07580195048205898,-106.25184281339178,2.8642283423999997,33.002464,0.0,0.49404000000000003,1.0,2.0,0.9937022267546876,0.9696578311801453,0.0,0.0,0.0,0.0,0.0,0.0,0.0,0.0,0.0,0.0,0.0,0.0,0.0,0.0,0.0,0.0,,,,,,,,,,,,,,,,,,,,,,,,,,,,
10.0,300.0,60.0,5,0.0,0.0,0.0,0.0,0.0,0.0,0.0,0.0,0.0,0.0,0.0,0.0,0.0,0.0,0.0,0.0,13.726293214593515,14.492828849768278,9.374353786999944,0.030916782006916464,0.4514256485062127,-0.22003398259939635,-0.0040568249199709,0.12824885889258633,-0.12449330530712059,0.08939554787419357,0.22141408703882431,0.07577290328502498,-22.234837761819442,3.3282474496,42.206658,0.0,0.49544,1.0,2.0,0.9936429519051879,0.9703555482591831,0.0,0.0,0.0,0.0,0.0,0.0,0.0,0.0,0.0,0.0,0.0,0.0,0.0,0.0,0.0,0.0,,,,,,,,,,,,,,,,,,,,,,,,,,,,
20.0,5.0,0.0,5,2.93368,125.8,0.2664,23.6,0.0,0.0,0.0,0.0,0.14035999999999998,16.4,38.56896,462.4,0.0,0.0,0.0,0.0,8.625631310881541,14.489529940937507,3.091198966265707,0.010184596801393378,1.7977557114819078,-1.6345392713075828,0.012798579494897136,1.4966251566319955,-1.4539231226701275,0.3547978452219668,1.7041650775101722,0.07580760925305113,4.822853463790376,22.3280389576,125.816308,1.8e-05,0.6191599999999999,4.4,49.8,1.7507612397942836,0.9069957207178543,491.8,112.8,0.0,0.0,21.0,1012.8,0.0,0.0,5.0,0.0,0.0,95.8,45.2,0.0,0.0,1.4,4.415843015902186,3.091198966265707,0.4795378460475064,-179.29053239207587,26.405594312200343,18.574174000000003,97.18747992364374,52.936622,0.7845342520899183,0.0007580000000000001,17.242764786356275,1.0,26.313193366002555,1.0,0.14108654141133375,-1.3575812154330869,0.08245403430127343,-1.215374433141554,0.9496688977278349,0.44304022890150263,0.9584575057079592,0.0,8.57074637954993,2.0,5.783410416479294,-179.4061898587744,-5.30387257043179,-334.6877703164167
20.0,5.0,0.5,5,19.62856,197.2,0.11476000000000001,8.0,0.006720000000000001,1.2,4.58832,57.4,411.9922399999999,1302.6,539.95056,1641.4,0.0,0.0,0.0,0.0,7.567537420720586,14.472850141446667,3.00564369998946,0.965206674094501,2.7238568309354165,-1.5409695445305545,0.884516852649248,2.4389972714825863,-1.3312260819139976,0.7720621345111326,1.8666828765372157,0.07598254284375278,6.093484484285191,23.2374218968,125.624898,2.9999999999999997e-05,1.37944,4.6,46.4,1.759907277393684,0.8903706373834647,1460.4,313.6,27.6,951.8,1302.8,1827.8,0.0,0.0,2.4,0.0,0.0,78.2,186.2,22.8,108.6,0.8,3.800154620984382,3.00564369998946,12.461570854297104,-179.5556604072186,26.085281280191158,19.199911999999998,100.19850179807365,55.82839799999999,1.3349042210785054,0.00049,11.775069203005057,1.0,31.771173981859288,1.6,1.1808202447090526,-1.0207806163926159,1.1478245889450005,-0.8263921316650802,1.3810830994414935,0.44342526007230676,1.9275725793807623,0.0,6.171088183070951,2.0,3.2936430454576056,-179.36446079420898,9.167927808839499,-325.5181235247871
20.0,5.0,1.0,5,18.880760000000002,157.0,0.13835999999999998,8.8,0.0047599999999999995,1.2,2.71,38.6,681.43908,1831.6,718.86904,2018.6,2.6448799999999997,24.6,0.00588,1.0,6.831532030357212,14.49113053748646,2.747646059939556,-0.013427129631235473,2.2141689459547367,-2.2603847185724186,-0.024367322385299,2.0417130107307173,-1.8736859784333408,0.9724650061230028,2.117190575582461,0.07579077560349232,-0.132515821556294,23.682287921199997,126.10027,0.000212,1.7222000000000002,5.2,41.6,2.020158586197445,0.8769224579291939,1986.2,392.0,19.4,678.0,1836.4,2271.4,665.2,21.2,3.4,93.8,15.2,92.4,240.2,15.8,77.6,2.2,3.5008510066175957,2.747646059939556,6.060099698035804,-179.7857598382092,27.18689459763116,20.228952,106.47838567341792,64.398394,1.5477724350015394,0.00047400000000000003,9.027810179349675,1.0,34.38535312896624,2.0,0.45784338386831547,-2.030603155236143,0.4282057164555189,-1.8420116543908989,1.6218337947697745,0.4430568085787258,2.4194960041100098,0.0,7.264247034279987,2.0,-3.5344085807323857,-179.61143997701794,9.59450827876819,-300.73130675770665
20.0,5.0,2.0,5,11.15292,157.0,1.7394800000000004,57.2,0.0,0.0,0.0,0.0,3.2562399999999996,80.6,42.118520000000004,405.4,0.0,0.0,0.0,0.0,8.873479727120301,14.47716605832738,3.204790693000517,0.0691042685776453,1.9479732647126262,-1.573787806969661,0.05585047022767683,1.7013645942102282,-1.4438953310332183,0.35582461260452314,1.6551540188093021,0.07593714608008438,-3.1560094955487488,22.262835419200005,124.62336400000001,0.00027800000000000004,0.63868,3.8,49.8,1.551798200564426,0.9183228834324488,572.2,169.4,0.0,0.0,80.6,987.0,0.0,0.0,4.0,0.0,0.0,74.0,52.2,0.0,0.0,0.2,4.361299515355694,3.204790693000517,-1.5671483482591015,-178.97046464109312,26.046764759058487,18.883912000000002,96.72792575592085,53.48034199999999,0.8346660995314183,0.0018700000000000001,18.028496824105044,1.2,26.60482941287905,1.0,0.17793832589256564,-1.4201660012994761,0.15153378690908972,-1.2483287799697342,0.9689534219295595,0.44400252196672396,0.9071974342659456,0.0,7.211759413437936,2.0,6.933830124981003,-177.01590970666626,-8.500978473240107,-307.8610047320315
20.0,5.0,5.0,4,581.63455,1271.25,455.85294999999996,1064.5,0.0,0.0,0.0,0.0,574.50115,1225.25,605.9682,1512.0,0.00955,3.25,0.0,0.0,7.6195190002417394,14.4838377523382,2.9646920279954143,0.8096937539843491,1.8756909843492215,-1.866064779896495,0.7308739581612221,1.628135852630919,-1.6985653841695965,0.7412222981941243,1.8823102807923102,0.07586728416442955,-6.31589655186369,23.5146714435,126.2030875,0.000315,1.4445500000000002,4.25,42.0,1.7887892394011562,0.8767493286327022,1572.25,1244.75,0.0,0.0,1225.25,1761.0,11.75,0.0,3.75,3.75,0.0,85.75,35.5,0.0,0.0,0.5,4.2064250577893585,2.9646920279954143,-0.03285029752131252,-176.15742016911275,26.125600944309056,18.369295,100.4752327569392,57.551050000000004,1.152492477931675,0.0012925,14.397091350794948,1.0,30.03182531312172,1.25,0.6029817391750196,-1.2060496026623417,0.5190185723696047,-1.005171627483984,1.1813260666948384,0.44432820949455526,1.7832403704220927,0.0,7.907588252348101,2.0,-0.1825502655356781,-179.7605184443594,0.14969996801436647,-260.41498100961064
20.0,5.0,10.0,5,541.37664,1486.6,54.298120000000004,230.2,0.0068000000000000005,0.8,7.7584800000000005,56.0,699.69584,2054.8,774.5193999999999,2208.8,0.13948,9.8,0.00228,1.8,6.169617556514176,14.474752480172478,2.9361432771657787,1.1916325838184356,2.667124046745598,-1.862415087777067,1.1142061572490332,2.462629637207489,-1.608634055800962,1.1321055346195632,1.9825811252885792,0.07596273143308382,-2.1572680783427898,24.763842082000004,127.44537199999999,0.000366,2.0454,4.6,42.8,2.6134876948933856,0.8709133092629852,2630.8,1628.8,24.8,550.0,2054.8,2753.8,90.6,3.6,3.6,21.0,1.6,73.6,204.8,18.4,25.0,0.8,3.520307108101015,2.9361432771657787,-1.8422424271711926,-179.90979635559046,27.23179299384602,19.77934,111.65295489643833,71.50323,1.436273244432681,0.001396,9.478866455603711,2.2,34.37002249625415,2.0,1.660963006618795,-0.9881715270290627,1.505946725056117,-0.9028600695022334,1.626625768462013,0.44504305827448015,2.6502248230620906,0.2,8.074660218486684,2.0,-6.011013850513827,-179.1956936013522,4.168771423342635,-305.77635943439014
20.0,5.0,15.0,5,127.54479999999998,637.8,0.6022400000000001,21.4,0.06727999999999999,10.0,53.67628,411.2,1125.44568,3062.0,1316.0388,3363.6,0.0,0.0,0.0,0.0,4.837138617437626,14.475811160719115,2.65383331091192,2.4751033073389794,3.786043727419714,-0.5995548617156992,2.3035570427435177,3.5180916360687946,-0.263102319095932,1.5341715544196393,2.2598221044118,0.0759514303734214,-2.1602385485299456,25.6182671436,126.733688,0.00042400000000000006,2.7108,5.2,45.2,2.4883569977706648,0.8661164380423202,3557.2,1001.2,187.8,2645.2,3080.4,3678.6,0.0,0.0,3.2,0.0,0.0,63.2,504.2,131.0,133.0,2.6,2.98455069382546,2.65383331091192,0.6670601422468976,-179.89075484344474,28.03551210772479,22.342494,114.235460266822,78.724574,1.7822626610497252,0.001314,4.190458027957,1.0,37.53522704704088,1.6,3.20889015475426,0.223775286733284,2.9952435292021797,0.1423882326751073,1.975949559681246,0.44384738067513296,3.3812227462416553,0.0,6.858453576614925,2.0,-1.1142008295720969,-179.7600183853842,1.7812609718189947,-313.8170993065251
20.0,5.0,30.0,5,1588.39664,3957.6,149.4708,777.4,0.0,0.0,0.0,0.0,1476.3391199999999,3818.0,1654.94384,4039.6,0.0,0.0,0.0,0.0,4.140567956816801,14.473320072989907,2.648440429114359,2.666211188867466,3.396580502154727,-0.502358720870314,2.4673489339543226,3.1141249646241187,-0.2544126264089853,1.7714872011206169,2.269174019016547,0.0759773938498711,-0.27164589533701217,27.813847766800002,128.903838,0.00018600000000000002,2.9848399999999997,5.8,42.4,3.4663577608885303,0.8540785639618667,4144.2,3888.6,0.0,0.0,3818.0,4095.0,0.0,0.0,1.2,0.0,0.0,16.6,200.0,0.0,0.0,1.0,2.781296485936708,2.648440429114359,-0.38543231322355265,-179.84669873419588,29.855575415150504,24.974843999999997,122.87412080973013,99.530312,0.9427355137318028,0.00018600000000000002,3.848575343387946,1.6,32.7271155521493,3.6,3.162801202832941,1.3740354027079145,2.94986531502688,1.338922874512312,2.125854968564929,0.4456039848036551,3.481749420322964,0.6,9.082041671547199,3.0,0.08245461643127978,-179.96402496345087,-0.4678869296548337,-246.36401067855468
20.0,5.0,45.0,5,266.77188,1156.4,3.6610400000000007,53.8,4e-05,0.2,0.0032,0.8,217.00827999999996,1075.4,424.98447999999996,1598.4,0.0,0.0,0.0,0.0,6.088761236898702,14.475714139879369,2.70491120064477,1.385006145676169,2.8232613891971177,-0.3212150997292987,1.0832832263694472,2.43594951309172,-0.20897867448414925,0.9358260493581877,2.1781861919754846,0.07595239277047598,-5.67958530603626,25.902191691600002,127.238346,9.8e-05,1.5173200000000002,5.4,50.0,3.238441077413854,0.8886407503540088,2537.2,1668.6,0.2,15.0,1256.8,2487.4,0.0,0.0,5.0,0.0,0.0,84.0,652.2,0.2,14.0,10.2,3.696073660782895,2.70491120064477,-21.611991876036168,-179.7022123579752,31.2633735601098,18.660192,116.54156924826766,83.976178,0.7152893001124238,0.0011459999999999999,13.813130388126746,1.0,27.053299171321044,1.0,1.7729190653665643,0.17222885862487797,1.4464400799567583,-0.18199247540820307,1.4486729358354316,0.4424430757981657,1.9319215882045815,0.0,11.532121318714125,2.0,-7.144737727147654,-179.90342838915427,-14.46725414888851,-339.90092089664523
20.0,5.0,60.0,5,1481.73072,3813.0,14.023639999999997,120.4,0.0,0.0,0.0,0.0,1218.96368,3449.0,1798.3966400000002,4207.8,0.0,0.0,0.0,0.0,3.9490950777396656,14.4777112102125,2.665522653267879,2.1306303495407404,2.6653461243072156,-0.14846379392340364,1.8833093424770648,2.414350045956751,-0.11603006257791196,1.737730541053087,2.2401737170333966,0.07593136939358074,-2.7623004922592265,31.150471016399997,127.761336,8.999999999999999e-05,2.51988,5.8,42.2,5.701035455829289,0.8842054685037345,4216.2,3829.0,0.0,0.0,3520.8,4352.0,0.0,0.0,2.8,0.0,0.0,28.4,458.4,0.0,0.0,5.8,2.9691373743176372,2.665522653267879,-2.2124376602568803,-179.95123523366752,33.17593056884505,21.345138,121.00578600226649,95.760972,0.4435831987465685,0.00010200000000000001,10.405537095129342,1.4,23.71282069630318,1.6,2.3657940478396107,0.8730221924092287,2.086625149227027,0.37123013708151714,1.966861931983587,0.44403137686524685,2.702533203933316,0.0,15.301186446639434,2.0,0.2130296909166003,-179.86455605952588,-2.42546735117348,-312.90162480471673
20.0,10.0,0.0,5,3.00664,51.0,0.025879999999999997,2.8,0.0004,0.4,0.34716,14.6,4.97316,99.6,24.08968,218.6,0.0,0.0,0.0,0.0,11.159282742030362,14.482714866758533,6.584069451340438,0.06195037895654386,1.4735676643420024,-1.2479638216879134,0.053103523000107435,1.2080451219453492,-0.9924374070176564,0.20734475780452105,0.6736820613907236,0.07587891381387277,3.258592972622663,15.204934883200002,99.18469000000002,0.0,0.60984,2.0,22.8,1.258423519996753,0.9501559129908893,198.4,52.0,1.6,85.0,106.0,237.2,0.0,0.0,0.4,0.0,0.0,6.8,24.4,1.2,5.2,3.2,3.1389727885163983,2.68253456295795,-8.195720466440681,-179.5620643222633,26.978763145025297,13.12462,107.89599070826308,37.91037,1.6521544097807757,0.00016,6.403035413153457,1.0,35.97892074198988,1.0,0.9146313120020422,-2.98851394775268,0.9082461120806508,-2.763360399228587,1.8182726107233176,0.442733333127221,2.7554806070826308,0.0,9.316188870151771,2.0,0.2283815338897376,-179.89637028671248,-8.42410200033042,-338.8742133261717
20.0,10.0,0.5,5,0.0,0.0,0.0002,0.2,0.0,0.0,0.0,0.0,0.0,0.0,3.03112,109.4,0.0,0.0,0.0,0.0,11.343587043463035,14.486836940011012,5.702658470724737,-0.06741038502636229,1.0525156914096416,-1.1311461730947,-0.037302470609982125,0.7174299858664559,-0.8737625336914782,0.14467908177453365,0.6590182555915289,0.0758360874191395,0.6811193374144452,14.843687128400001,106.29697000000002,1.8e-05,0.50792,2.4,35.6,1.023451818139366,0.9506590968706202,0.0,1.0,0.0,0.0,0.0,109.4,0.0,0.0,0.4,0.0,0.0,0.0,1.0,0.0,0.0,0.0,4.509608563663476,3.7502970505454813,37.28195483594784,-178.5227628852568,20.532473587786775,14.556750000000001,80.48792694338731,43.29227,0.6295277731443993,0.000675,13.491983805668017,1.0,26.335033738191633,1.0,-0.09725853920341326,-1.1713884439328686,-0.10751764305150724,-1.0861525626268658,0.8353241591527398,0.44373610015488507,0.7360323886639677,0.0,7.242206477732793,2.0,-6.352171908859927,-178.47782927848908,43.634126744807766,-322.20146824018593
20.0,10.0,1.0,5,0.0,0.0,0.0,0.0,0.0,0.0,0.0,0.0,0.0,0.0,0.7184799999999999,58.8,0.0,0.0,0.0,0.0,11.454360989872196,14.477729329610849,5.856350550232887,-0.04384793319755792,1.1971318421325647,-0.9635750019292303,-0.0176881286889591,0.9268959623965042,-0.7044576108381934,0.13591465402959418,0.5871729557943068,0.07593111198007599,-6.233169263493357,14.708419120000002,103.5164,6.6e-05,0.5034799999999999,2.2,30.8,1.0113927249113395,0.9494488060883064,0.0,0.0,0.0,0.0,0.0,58.8,0.0,0.0,0.6,0.0,0.0,0.0,0.0,0.0,0.0,0.0,5.502625333859633,4.8433420784982255,55.65991768704038,-93.68730328005763,18.686696086146174,15.252616666666668,63.03606488396448,42.70168999999999,0.662157113068412,0.011726666666666668,16.6148517999065,2.0,28.25528502415459,5.0,0.7228902978958458,0.36683350354068905,0.5301804081883723,0.2119737331256836,0.5501914404553736,0.44445279451691105,0.6810441016051114,0.0,4.8418027115474525,2.0,-26.840444635672586,-142.44795687549194,82.50036232271297,-161.869707257798
20.0,10.0,2.0,5,4e-05,0.2,0.00028,0.6,0.0,0.0,0.0,0.0,0.0,0.0,1.14004,64.6,0.0,0.0,0.0,0.0,11.506354531391533,14.475135799083395,6.5297800823862335,0.0004419413454038408,0.9806471896896474,-0.9533281669714689,-0.0028944400770679417,0.7412816540501772,-0.7047777603518164,0.13427376428970264,0.4248213373556676,0.0759583624231484,-7.327067721268665,14.781392978399998,107.17851399999999,5e-05,0.49968,2.0,28.4,1.0223553934285343,0.9492359940849637,0.2,1.2,0.0,0.0,0.0,64.8,0.0,0.0,0.6,0.0,0.0,0.2,1.0,0.0,0.0,0.0,5.3801785892975875,5.02481875479798,39.543714365634784,-136.82608237740567,19.264372949874687,14.49236,75.53770171428572,38.71682,0.5633508972431078,0.00069,13.980075187969923,1.0,25.641478696741856,1.0,-0.041689998992489985,-0.7176410471470179,-0.003480701030381672,-0.6800067157179704,0.5579298117172988,0.4427778669784329,0.6709273182957394,0.0,5.1233082706766915,2.0,26.47516435239854,-175.2170276687272,13.068550013236251,-187.20792206694048
20.0,10.0,5.0,5,0.0,0.0,8e-05,0.4,0.0,0.0,0.0,0.0,0.0,0.0,0.0,0.0,0.0,0.0,0.0,0.0,11.445963392642328,14.483335815228497,6.660622429173901,0.10434497723766538,0.9088705866584368,-0.6640685005942295,0.0443519443269665,0.5986285789104945,-0.4585007775467764,0.13334614294151148,0.3593654447019354,0.07587253568911614,-3.995687381740633,15.171302977600002,117.99907599999999,1.2000000000000002e-05,0.49704,1.4,16.8,0.9957046444253785,0.9700690013643793,0.0,0.4,0.0,0.0,0.0,0.0,0.0,0.0,0.0,0.0,0.0,0.0,0.4,0.0,0.0,0.0,,,,,,,,,,,,,,,,,,,,,,,,,,,,
20.0,10.0,10.0,5,0.06984,10.4,0.00404,2.0,0.0,0.0,0.0,0.0,0.0,0.0,1.6627199999999998,63.2,0.0,0.0,0.0,0.0,11.292637857101568,14.471979315939828,5.8305799952234825,0.09580269357171832,1.0928900702725675,-0.7331027776591073,0.043795045261102575,0.8025769676065447,-0.4908667825398676,0.14572796480542466,0.4889267179219859,0.0759915179793466,0.4787646690917796,15.013268283599999,123.682756,2.2e-05,0.51224,2.6,47.8,1.0836901705692954,0.940824052514364,25.0,17.6,0.0,0.0,0.0,91.8,0.0,0.0,1.0,0.0,0.0,5.2,15.6,0.0,0.0,0.0,5.682775673848982,5.431020980505553,-15.837215475540015,-107.04526617353451,22.464044535374537,18.24242,93.49541906507905,67.8676,0.5903923476973477,0.008106666666666667,23.403515403515403,14.0,25.082782082782085,2.3333333333333335,0.619008750286172,0.2685780190019605,0.3575347755844662,-0.0605046925892429,0.49917513580007605,0.44329504404017167,0.6298431298431298,0.0,7.495306495306495,2.0,100.67064829219557,-88.97098992739245,-116.50786376773557,-270.28344042621274
20.0,10.0,15.0,3,0.6881333333333334,45.0,0.014666666666666666,3.6666666666666665,0.0,0.0,0.0,0.0,0.0,0.0,6.135533333333334,175.33333333333334,0.0,0.0,0.0,0.0,10.987853336650426,14.486802177669249,4.617908226243221,0.11765071468797783,1.4406976835951706,-0.7287291246882496,0.07274771085923142,1.272424783983549,-0.37418044685256774,0.1820475760611913,0.8677294861303652,0.07583594857247923,-21.676528642707183,15.366858858,125.17246666666666,4.333333333333333e-05,0.5420666666666667,4.0,49.666666666666664,1.4318275607004145,0.9166865912831931,136.33333333333334,59.333333333333336,0.0,0.0,0.0,390.3333333333333,0.0,0.0,3.3333333333333335,0.0,0.0,23.0,51.0,0.0,0.0,0.0,5.340155086595203,4.617908226243221,-33.29735175152279,-173.97411489068324,23.7548370466164,17.3776,102.2187543129191,69.54505999999999,0.5990249248774938,0.002426666666666667,22.254298074450322,1.0,24.491099251498685,1.0,0.7650332506426402,0.10190333498040015,0.5348739803238809,-0.11693353866401786,0.591092361685913,0.44243103605348494,0.9015441082373581,0.0,11.281536877847735,2.0,-31.510472272906952,-174.11904125251067,-1.7868794786158329,-280.59490029981697
20.0,10.0,30.0,5,1.88928,80.6,0.09628,10.2,0.0,0.0,0.0,0.0,0.0,0.0,17.34952,257.2,0.0,0.0,0.0,0.0,9.766424425116607,14.492728564421636,3.9511598301518562,0.3440964573749884,1.5773039946498424,-0.5214816120157985,0.16713017195374572,1.4403405546483827,-0.24184932597690798,0.2550373666349528,1.2019304309295102,0.07577418006401336,7.9154527476288,16.2556038304,126.401144,2.2e-05,0.60296,4.4,50.0,1.7299944321419574,0.8958314224181537,216.2,292.6,0.0,0.0,0.0,517.8,0.0,0.0,2.6,0.0,0.0,26.8,225.0,0.0,0.0,0.0,4.886881335242418,3.9511598301518562,-4.105157716286348,-160.8993049929909,24.35641933469721,16.958864,108.68226673761231,80.27681600000001,0.6241895665625306,0.012858,21.144603384819504,4.6,25.03124009098685,1.4,0.7410464827372157,0.11286111889171817,0.5204235867835757,-0.12173624989319934,0.7409734599743778,0.4426456557689667,1.0873645890134913,0.0,12.911987336131995,2.0,17.781135738468617,-116.20029950033525,-21.88629345475497,-309.107025867734
20.0,10.0,45.0,5,3.8089199999999996,113.6,0.19996,12.0,0.0,0.0,0.0,0.0,0.0,0.0,76.57572,557.4,0.0,0.0,0.0,0.0,9.10219994834156,14.468819044575065,4.073219370425429,0.4809388804858841,1.7458351428449403,-0.4057379988031151,0.20214232653920114,1.3618992958004321,-0.22208047972550132,0.3096005191493024,1.1403619819647153,0.07602468145444033,9.123036896865049,16.9028127976,126.036222,0.000106,0.69568,4.6,50.0,2.158397477886349,0.9000173870690741,513.6,594.2,0.0,0.0,0.0,953.8,0.0,0.0,2.6,0.0,0.0,66.0,417.2,0.0,0.0,0.0,4.934216642963316,4.073219370425429,4.903024889322501,-138.97493528118056,25.697526945328946,18.504626000000002,113.33740041080758,85.22470999999999,0.6291241424793619,0.001338,25.23689352210305,4.2,23.08077320636358,1.0,0.9343779973324372,0.31778355844789685,0.37022661007882024,-0.09430020367742467,0.708117031139891,0.4433871567252778,0.998952650941726,0.0,11.027662773519337,2.0,-9.462524673637336,-156.06963051405796,14.365549562959842,-262.6860695840886
20.0,10.0,60.0,5,30.005399999999998,399.4,1.30532,41.4,0.0,0.0,0.0,0.0,4.55536,93.4,373.84232000000003,1659.8,0.0,0.0,0.0,0.0,6.610740769170183,14.476163323354683,2.981463222819334,0.9241645628369755,2.1875706095683256,-0.33344032044406796,0.48812166120597844,1.7177259468502146,-0.1974471106949899,0.6351918959934164,1.8199805485206375,0.07594763967210873,-5.245210409901482,21.168412672800002,127.02301,5.6000000000000006e-05,1.2271999999999998,5.0,50.0,4.9750008028654245,0.879955236259686,1157.8,1361.6,0.0,0.0,116.8,2622.4,0.0,0.0,6.6,0.0,0.0,85.2,648.8,0.0,0.0,2.4,4.336542763501567,2.981463222819334,-7.177354745287279,-179.730925428105,26.01183896517576,15.148330000000001,115.26094924228214,82.759072,0.6061225843214709,0.000136,22.13194010020598,1.0,24.538135217242477,1.0,1.2892048521796955,0.2899309822844694,0.6761706042816367,-0.13791758616626565,0.9655274284885682,0.4423928406484186,1.5736893391348148,0.0,16.608142953735353,2.0,5.672799618331233,-179.92510482561278,-12.850154363618511,-343.2816947000971
20.0,50.0,0.0,5,0.0,0.0,0.0,0.0,0.0,0.0,0.0,0.0,0.0,0.0,0.0,0.0,0.0,0.0,0.0,0.0,13.757297121358913,14.49065669940534,11.785219503892915,-0.005302053310686039,0.4297954177690114,-0.47470996330705884,-0.0021332139299933797,0.2579508583638199,-0.28942894018861426,0.08444485614097265,0.11480639356431657,0.07579593518243662,-8.971707678156069,6.459928192,39.186440000000005,0.0,0.49556000000000006,1.0,2.0,0.9936154880866198,0.9701820656967561,0.0,0.0,0.0,0.0,0.0,0.0,0.0,0.0,0.0,0.0,0.0,0.0,0.0,0.0,0.0,0.0,,,,,,,,,,,,,,,,,,,,,,,,,,,,
20.0,50.0,0.5,5,0.0,0.0,0.0,0.0,0.0,0.0,0.0,0.0,0.0,0.0,0.0,0.0,0.0,0.0,0.0,0.0,13.747877433452903,14.49084454112029,11.238634955696446,0.01835394893846858,0.4289348164488985,-0.4462312324968282,0.008674349711368278,0.2885828571892734,-0.2747633166914733,0.08469780487403455,0.13100200036253368,0.07579377724525654,-14.930290828985608,6.4832809548,39.095544000000004,0.0,0.50008,1.0,2.0,0.9937138951255428,0.9717544054927867,0.0,0.0,0.0,0.0,0.0,0.0,0.0,0.0,0.0,0.0,0.0,0.0,0.0,0.0,0.0,0.0,,,,,,,,,,,,,,,,,,,,,,,,,,,,
20.0,50.0,1.0,5,0.0,0.0,0.0,0.0,0.0,0.0,0.0,0.0,0.0,0.0,0.0,0.0,0.0,0.0,0.0,0.0,13.69456649619193,14.490392474481737,11.65855818068173,-0.01500378927072816,0.43475652297420525,-0.4482672615539827,-0.00710837860595234,0.25893861705079546,-0.27871472930234126,0.08528057043711952,0.11746494068129054,0.07579853459160066,12.587105971730958,6.480232186399999,39.186066,2.0000000000000003e-06,0.49887999999999993,1.0,2.0,0.993724146196332,0.9685539193410406,0.0,0.0,0.0,0.0,0.0,0.0,0.0,0.0,0.0,0.0,0.0,0.0,0.0,0.0,0.0,0.0,,,,,,,,,,,,,,,,,,,,,,,,,,,,
20.0,50.0,2.0,5,0.0,0.0,0.0,0.0,0.0,0.0,0.0,0.0,0.0,0.0,0.0,0.0,0.0,0.0,0.0,0.0,13.72082687544982,14.4916845139672,11.62544588873811,0.010205438229269661,0.45883453038871647,-0.42999552055010926,0.003998196831182919,0.2747295663825312,-0.26217628499086476,0.08492238935639006,0.11840443426592029,0.07578490264925201,26.112528237265952,6.536496645200001,41.082614,0.0,0.49784000000000006,1.0,2.0,0.993582453960903,0.9677350123545813,0.0,0.0,0.0,0.0,0.0,0.0,0.0,0.0,0.0,0.0,0.0,0.0,0.0,0.0,0.0,0.0,,,,,,,,,,,,,,,,,,,,,,,,,,,,
20.0,50.0,5.0,5,0.0,0.0,0.0,0.0,0.0,0.0,0.0,0.0,0.0,0.0,0.0,0.0,0.0,0.0,0.0,0.0,13.699653477731914,14.498143483843071,11.683379245068327,0.02236985440296722,0.5000997652314983,-0.40029341886923914,0.00894193762193246,0.2704547369520346,-0.2656138752930792,0.08523160829701894,0.11741470190548295,0.07571757732258258,-4.353238904325632,6.6212961980000005,41.451387999999994,0.0,0.4968,1.0,2.0,0.993659839839791,0.9704139443107829,0.0,0.0,0.0,0.0,0.0,0.0,0.0,0.0,0.0,0.0,0.0,0.0,0.0,0.0,0.0,0.0,,,,,,,,,,,,,,,,,,,,,,,,,,,,
20.0,50.0,10.0,5,0.0,0.0,0.0,0.0,0.0,0.0,0.0,0.0,0.0,0.0,0.0,0.0,0.0,0.0,0.0,0.0,13.421607577167114,14.482624766025875,9.787810250208134,0.05736781657107544,0.6518694428743006,-0.3358561599469807,0.02488404083860692,0.3269027637217719,-0.21384629108795764,0.0899943292744811,0.16796408200127594,0.0758797620754059,-10.747122964454586,7.0574779028,60.605293999999994,0.0,0.49916,1.0,2.0,0.9936673667449162,0.9693459345680122,0.0,0.0,0.0,0.0,0.0,0.0,0.0,0.0,0.0,0.0,0.0,0.0,0.0,0.0,0.0,0.0,,,,,,,,,,,,,,,,,,,,,,,,,,,,
20.0,50.0,15.0,5,0.0,0.0,0.0,0.0,0.0,0.0,0.0,0.0,0.0,0.0,0.0,0.0,0.0,0.0,0.0,0.0,13.335225659330419,14.492037921491933,9.144539090548758,0.04629900857584636,0.6069765883346274,-0.34692563402317544,0.01642378981570884,0.29878037338691554,-0.2146143767102266,0.09230753805059595,0.19219541282840466,0.0757814720994514,-24.034951326624046,7.2505991596,87.209,0.0,0.49964000000000003,1.0,2.0,0.9936153333105555,0.9718552077869489,0.0,0.0,0.0,0.0,0.0,0.0,0.0,0.0,0.0,0.0,0.0,0.0,0.0,0.0,0.0,0.0,,,,,,,,,,,,,,,,,,,,,,,,,,,,
20.0,50.0,30.0,5,0.0,0.0,0.00016,0.8,0.0,0.0,0.0,0.0,0.0,0.0,0.09064,15.2,0.0,0.0,0.0,0.0,12.866907505150252,14.472975607981454,6.549457284122262,0.0406314141081703,0.7032639117195433,-0.37238537058947385,0.004948392783016739,0.3737254584320902,-0.1810381279541627,0.10712047874845632,0.3949857089895121,0.07598121441854,6.247074235153269,7.6407586516,119.62097000000001,0.0,0.49476000000000003,1.2,11.6,0.9937569204855221,0.9694579515638623,0.0,0.8,0.0,0.0,0.0,15.2,0.0,0.0,0.4,0.0,0.0,0.0,0.8,0.0,0.0,0.0,5.697712564278686,5.529798152991825,78.38589319655303,52.59923470456516,15.269461272727273,14.058309999999999,87.16073896969698,70.381095,0.32538430303030297,0.01043,27.05,15.5,19.804545454545455,2.0,0.46531189273251145,0.3534139313916784,0.15883470933515745,0.03580190458363925,0.49541322412865774,0.44559267018542653,0.5424242424242424,0.0,2.992424242424242,2.0,-59.556370874288305,-124.56786400519846,137.94226407084136,10.125243820684972
20.0,50.0,45.0,5,0.0,0.0,0.00592,2.0,0.0,0.0,0.0,0.0,0.0,0.0,0.57372,45.2,0.0,0.0,0.0,0.0,11.887521631949847,14.484043616519461,5.943701978396586,0.1371001639943014,0.8599426776929595,-0.35444099294578557,0.035641145250787244,0.61160256078793,-0.18686248303797945,0.13785894098364523,0.47933142478138785,0.07586510183067958,1.9698003806372184,8.182840595599998,124.34549,2.0000000000000003e-06,0.51076,3.0,50.0,1.2350644677408518,0.9248230763661882,0.0,27.8,0.0,0.0,0.0,51.2,0.0,0.0,0.8,0.0,0.0,0.0,26.2,0.0,0.0,0.0,5.648880727842496,5.398303661021099,-33.165598059316665,-102.38536633550409,15.950587223985892,14.099403333333333,101.58122669510583,74.47473000000001,0.30558249085097006,0.002943333333333333,20.993540564373898,12.666666666666666,28.09312169312169,1.0,0.5791340998644297,0.34316955799467563,0.37173761345785256,0.018069003557198402,0.5082087009459754,0.4433393896143512,1.0509920634920638,0.0,14.09566798941799,2.0,-58.1138300446299,-130.32717004402616,24.94823198531323,-189.1982590180644
20.0,50.0,60.0,5,0.0,0.0,0.02452,3.0,0.0,0.0,0.0,0.0,0.0,0.0,2.1258,92.2,0.0,0.0,0.0,0.0,11.390520802901609,14.489219254245075,5.684247695075444,0.2093472189566608,0.9236362406016756,-0.3335662463123457,0.049704794114905006,0.6148592427079395,-0.16873732188976398,0.16062789534282435,0.520403978831487,0.07581070199310114,-4.0526684892578215,8.4978809316,125.280278,0.0,0.55384,3.4,50.0,1.2820906347456564,0.9085071528166587,0.0,106.2,0.0,0.0,0.0,107.4,0.0,0.0,1.4,0.0,0.0,0.0,92.0,0.0,0.0,0.0,5.488750718708007,5.146555853791366,1.793312591895841,-116.0486244037192,14.961270975807025,11.958666666666666,104.08183587174055,75.60222,0.31029123192609015,0.0006166666666666667,29.590191320762873,13.333333333333334,24.01621477387498,1.0,0.8056390757753832,0.6471593397206323,0.11367354895084171,-0.1098640762468604,0.5382759635155894,0.4423191188090123,0.8696401873566536,0.0,8.570469798657717,2.0,15.731922698925905,-99.62744182061913,-13.938610107030067,-210.4173005848968
20.0,75.0,0.0,5,0.0,0.0,0.0,0.0,0.0,0.0,0.0,0.0,0.0,0.0,0.0,0.0,0.0,0.0,0.0,0.0,13.919039660108197,14.485074774939969,12.005969168807658,0.034541541914676385,0.438520148559176,-0.35496481740016717,0.01652678648210186,0.25874064404884206,-0.20785853380247188,0.08238216493219246,0.11067959867868168,0.07585418037394547,-20.143647681198296,5.3001282464,31.14339,0.0,0.50104,1.0,2.0,0.9936632317561063,0.9689653094357686,0.0,0.0,0.0,0.0,0.0,0.0,0.0,0.0,0.0,0.0,0.0,0.0,0.0,0.0,0.0,0.0,,,,,,,,,,,,,,,,,,,,,,,,,,,,
20.0,75.0,0.5,5,0.0,0.0,0.0,0.0,0.0,0.0,0.0,0.0,0.0,0.0,0.0,0.0,0.0,0.0,0.0,0.0,13.945946742167697,14.48710672100702,12.686026282861524,0.01772819441315516,0.33747270004410024,-0.33036059845784144,0.00902231056713892,0.19703467954007756,-0.22386514192843868,0.08196769087119707,0.09919353561518406,0.07583301203649702,-21.741816226677567,5.341012113600001,32.273666000000006,0.0,0.4988,1.0,2.0,0.9936387134695494,0.9694696094882262,0.0,0.0,0.0,0.0,0.0,0.0,0.0,0.0,0.0,0.0,0.0,0.0,0.0,0.0,0.0,0.0,,,,,,,,,,,,,,,,,,,,,,,,,,,,
20.0,75.0,1.0,5,0.0,0.0,0.0,0.0,0.0,0.0,0.0,0.0,0.0,0.0,0.0,0.0,0.0,0.0,0.0,0.0,13.9896056157888,14.498866761841821,12.73829079504085,-0.011411312123600558,0.35376299936485667,-0.31924483046267127,-0.0057727906217155,0.2164895692000675,-0.19944149114472073,0.0814592922912046,0.09816624449273118,0.07570993807812719,-2.5523003788496,5.2845954076,31.546101999999998,0.0,0.50148,1.0,2.0,0.9936568579610146,0.973451647881368,0.0,0.0,0.0,0.0,0.0,0.0,0.0,0.0,0.0,0.0,0.0,0.0,0.0,0.0,0.0,0.0,,,,,,,,,,,,,,,,,,,,,,,,,,,,
20.0,75.0,2.0,5,0.0,0.0,0.0,0.0,0.0,0.0,0.0,0.0,0.0,0.0,0.0,0.0,0.0,0.0,0.0,0.0,13.94479239866279,14.480823598710705,12.75634309263312,-0.0035317115233018644,0.40868795712561745,-0.388204826832051,-0.0023033319468009255,0.23365600642470544,-0.21886521601692302,0.08198824553237176,0.09799313593541953,0.07589880291398181,-40.174198770712444,5.3340944152,31.440376000000004,0.0,0.49932,1.0,2.0,0.9936277791767326,0.9718026220875389,0.0,0.0,0.0,0.0,0.0,0.0,0.0,0.0,0.0,0.0,0.0,0.0,0.0,0.0,0.0,0.0,,,,,,,,,,,,,,,,,,,,,,,,,,,,
20.0,75.0,5.0,5,0.0,0.0,0.0,0.0,0.0,0.0,0.0,0.0,0.0,0.0,0.0,0.0,0.0,0.0,0.0,0.0,13.881670700562356,14.480935240124413,12.152009298878538,0.03172472281267464,0.42191894473997016,-0.33940287163348903,0.014057916738739462,0.24583708478622962,-0.22805471284035178,0.08291144060551295,0.10868647160997832,0.07589754310692494,-30.872194670698555,5.4255483732,37.158708000000004,0.0,0.4962,1.0,2.0,0.9936238800716979,0.9698614889094099,0.0,0.0,0.0,0.0,0.0,0.0,0.0,0.0,0.0,0.0,0.0,0.0,0.0,0.0,0.0,0.0,,,,,,,,,,,,,,,,,,,,,,,,,,,,
20.0,75.0,10.0,5,0.0,0.0,0.0,0.0,0.0,0.0,0.0,0.0,0.0,0.0,0.0,0.0,0.0,0.0,0.0,0.0,13.833305765693893,14.498659071935602,11.9148529284081,0.02590810369030614,0.4282561293805747,-0.3124479850275337,0.00945876098580778,0.23971578253124579,-0.1940157679460978,0.08356654988817523,0.11329515380351651,0.07571207616949241,-12.92037528850852,5.5779150047999995,39.538394,0.0,0.49592,1.0,2.0,0.9936470948544563,0.9703145502667294,0.0,0.0,0.0,0.0,0.0,0.0,0.0,0.0,0.0,0.0,0.0,0.0,0.0,0.0,0.0,0.0,,,,,,,,,,,,,,,,,,,,,,,,,,,,
20.0,75.0,15.0,5,0.0,0.0,0.0,0.0,0.0,0.0,0.0,0.0,0.0,0.0,0.0,0.0,0.0,0.0,0.0,0.0,13.761535310170036,14.491770346834254,10.264736400142048,0.014655515355449919,0.559236682674898,-0.30676745719160153,0.0023514399047425997,0.269233791094339,-0.18954893620037896,0.08518398178319297,0.15856445486483936,0.07578446049148456,-28.639753901839505,5.749720462400001,58.028268000000004,0.0,0.49871999999999994,1.0,2.0,0.9937221216520482,0.9698471769582568,0.0,0.0,0.0,0.0,0.0,0.0,0.0,0.0,0.0,0.0,0.0,0.0,0.0,0.0,0.0,0.0,,,,,,,,,,,,,,,,,,,,,,,,,,,,
20.0,75.0,30.0,5,0.0,0.0,0.0,0.0,0.0,0.0,0.0,0.0,0.0,0.0,0.0,0.0,0.0,0.0,0.0,0.0,13.011643205134927,14.490830759278008,7.734759338871783,0.05897620717003582,0.6028036492152691,-0.30894361480157356,0.0170598141939644,0.2626496113775339,-0.16955714418159024,0.10031105056267339,0.2727060576391703,0.07579393603752341,-11.670800868043374,6.831754738000001,104.065048,0.0,0.49772000000000005,1.0,2.0,0.9935565072445709,0.969083533595418,0.0,0.0,0.0,0.0,0.0,0.0,0.0,0.0,0.0,0.0,0.0,0.0,0.0,0.0,0.0,0.0,,,,,,,,,,,,,,,,,,,,,,,,,,,,
20.0,75.0,45.0,5,0.0,0.0,4e-05,0.2,0.0,0.0,0.0,0.0,0.0,0.0,0.10224,14.2,0.0,0.0,0.0,0.0,12.459604096334122,14.499467389656232,6.66753517006358,0.07247779456128688,0.6914843846378602,-0.3292195371079637,0.009815084663543921,0.37704171695631894,-0.17763643139406124,0.11821939751314829,0.377183584391504,0.07570389411632801,-4.281317287571828,6.8831139256,117.74045800000002,0.0,0.49252,2.0,30.8,0.9988532517149024,0.949420750934282,0.0,0.2,0.0,0.0,0.0,14.2,0.0,0.0,0.2,0.0,0.0,0.0,0.2,0.0,0.0,0.0,5.513088884756569,5.125559630292872,70.59192269868049,49.87515743968775,17.271626901408453,15.15753,89.14728887323943,64.29416,0.4219828169014085,0.01679,23.253521126760564,11.0,18.95774647887324,1.0,0.6057258281219239,0.2655746746798929,0.1113056636731213,-0.0445736373718984,0.5275612356335011,0.4442032059860344,0.5774647887323944,0.0,2.0,2.0,-71.34677917742692,-175.7740871796037,141.93870187610744,1.7968393754345795
20.0,75.0,60.0,5,0.0,0.0,0.00368,1.4,0.0,0.0,0.0,0.0,0.0,0.0,2.04832,67.8,0.0,0.0,0.0,0.0,11.584945750707517,14.489051092893835,5.78064800996477,0.20135736437591714,0.9541890524701093,-0.3133543081928124,0.04409188481289876,0.5023104618752517,-0.16560760466195715,0.15656647813047594,0.49342698983161587,0.07581247688693152,2.8285136583546056,7.481838359600002,122.12567200000001,1.8e-05,0.5444,3.0,50.0,1.0255964266872217,0.9099825635229738,0.0,17.0,0.0,0.0,0.0,171.0,0.0,0.0,2.0,0.0,0.0,0.0,15.6,0.0,0.0,0.0,5.6210730152332795,5.277421950202213,-1.5349105158659961,-118.92060601053304,13.988365588597114,12.370276666666667,93.81464166022919,68.92964,0.267981151968784,0.0002866666666666667,29.26673992077963,15.333333333333334,24.23118608809956,1.0,0.7746968467733643,0.6065749461649533,0.05223415901835703,-0.06296925194408855,0.5058082385514912,0.4424138651712654,0.5941388414300505,0.0,5.77732019481255,2.0,-28.527837726384536,-98.16914432991261,26.99292721051854,-108.05596922152597
20.0,100.0,0.0,5,0.0,0.0,0.0,0.0,0.0,0.0,0.0,0.0,0.0,0.0,0.0,0.0,0.0,0.0,0.0,0.0,14.082802686458972,14.48788483098225,12.988925385172568,-0.00418868713671424,0.34056213057822116,-0.31510808911537136,-0.00193692191799682,0.2073593704184289,-0.19034346531013013,0.08032980691261835,0.09443384596009556,0.07582504979586174,-39.36613404335797,4.5802626976,27.019534000000004,0.0,0.49612,1.0,2.0,0.9936502385585403,0.9716104293950449,0.0,0.0,0.0,0.0,0.0,0.0,0.0,0.0,0.0,0.0,0.0,0.0,0.0,0.0,0.0,0.0,,,,,,,,,,,,,,,,,,,,,,,,,,,,
20.0,100.0,0.5,5,0.0,0.0,0.0,0.0,0.0,0.0,0.0,0.0,0.0,0.0,0.0,0.0,0.0,0.0,0.0,0.0,14.09759293854666,14.491424714090035,12.972214088466938,-0.0003321371912912797,0.28986048608622794,-0.2700722879208632,-0.0002973431541804999,0.1835046437774582,-0.1694266195091937,0.08016602394110048,0.09501156234708345,0.07578778736523871,2.4262954411447213,4.5797029628,26.43546,0.0,0.50256,1.0,2.0,0.9936723542368074,0.9723733260724693,0.0,0.0,0.0,0.0,0.0,0.0,0.0,0.0,0.0,0.0,0.0,0.0,0.0,0.0,0.0,0.0,,,,,,,,,,,,,,,,,,,,,,,,,,,,
20.0,100.0,1.0,5,0.0,0.0,0.0,0.0,0.0,0.0,0.0,0.0,0.0,0.0,0.0,0.0,0.0,0.0,0.0,0.0,14.06517942219362,14.49016617831104,12.806238167888585,0.012439850468719819,0.3492831706313001,-0.3160165999422637,0.00596190311689798,0.19731519632356825,-0.1903764565008091,0.08055079396916899,0.0971862463794692,0.07580095163783496,-54.88428349261399,4.6136587896000005,27.248998,0.0,0.4952,1.0,2.0,0.9936327343073612,0.9729724757585885,0.0,0.0,0.0,0.0,0.0,0.0,0.0,0.0,0.0,0.0,0.0,0.0,0.0,0.0,0.0,0.0,,,,,,,,,,,,,,,,,,,,,,,,,,,,
20.0,100.0,2.0,5,0.0,0.0,0.0,0.0,0.0,0.0,0.0,0.0,0.0,0.0,0.0,0.0,0.0,0.0,0.0,0.0,14.124868940557818,14.489131488798483,13.023685856655868,-0.011331592675744939,0.2876367065826462,-0.28532703032593165,-0.006233108375043881,0.18382115533903742,-0.18405316961403512,0.0798482346450495,0.0943454510619385,0.07581180528386297,-51.55104628485837,4.55640168,28.919705999999998,0.0,0.49848,1.0,2.0,0.9935834052345612,0.9713956264025644,0.0,0.0,0.0,0.0,0.0,0.0,0.0,0.0,0.0,0.0,0.0,0.0,0.0,0.0,0.0,0.0,,,,,,,,,,,,,,,,,,,,,,,,,,,,
20.0,100.0,5.0,5,0.0,0.0,0.0,0.0,0.0,0.0,0.0,0.0,0.0,0.0,0.0,0.0,0.0,0.0,0.0,0.0,14.046398308588431,14.486945331668627,12.657867433809333,0.0064197935891654205,0.33811684005559484,-0.3094363777038855,0.00209768442068282,0.20663500714696248,-0.181215561163171,0.08079448910076548,0.0999701248856408,0.07583445829868182,27.022606321085664,4.624710241600001,28.523388,0.0,0.50492,1.0,2.0,0.993598347130318,0.9699318649667417,0.0,0.0,0.0,0.0,0.0,0.0,0.0,0.0,0.0,0.0,0.0,0.0,0.0,0.0,0.0,0.0,,,,,,,,,,,,,,,,,,,,,,,,,,,,
20.0,100.0,10.0,5,0.0,0.0,0.0,0.0,0.0,0.0,0.0,0.0,0.0,0.0,0.0,0.0,0.0,0.0,0.0,0.0,13.989947480075639,14.492017993590764,11.895742601251351,0.013241116401590855,0.3846950635798797,-0.28006636509159244,0.004232605999601879,0.21734038543407114,-0.18453854147290052,0.08158980742506228,0.1147454017917392,0.07578171334822967,-46.523251947044535,4.7508454688,36.235133999999995,0.0,0.49783999999999995,1.0,2.0,0.9936838027561239,0.9690131944344035,0.0,0.0,0.0,0.0,0.0,0.0,0.0,0.0,0.0,0.0,0.0,0.0,0.0,0.0,0.0,0.0,,,,,,,,,,,,,,,,,,,,,,,,,,,,
20.0,100.0,15.0,5,0.0,0.0,0.0,0.0,0.0,0.0,0.0,0.0,0.0,0.0,0.0,0.0,0.0,0.0,0.0,0.0,13.947504610877527,14.485734108232004,11.57549487309809,0.01174208158219664,0.4068008657213967,-0.257564310241012,0.0026948824696041997,0.21261561304013502,-0.15265060288791024,0.0822421311604121,0.11985419092173857,0.07584735779215324,-32.37812998529818,4.8832500660000004,45.472652,0.0,0.4992,1.0,2.0,0.9937043044126709,0.9715542334886406,0.0,0.0,0.0,0.0,0.0,0.0,0.0,0.0,0.0,0.0,0.0,0.0,0.0,0.0,0.0,0.0,,,,,,,,,,,,,,,,,,,,,,,,,,,,
20.0,100.0,30.0,5,0.0,0.0,0.0,0.0,0.0,0.0,0.0,0.0,0.0,0.0,0.0,0.0,0.0,0.0,0.0,0.0,13.229168368040073,14.489985147397586,7.909252245521619,0.06142973860877614,0.6240689717260824,-0.29570083815193515,0.019181547200264958,0.2605368512772054,-0.1516319417256542,0.09590126039304735,0.2590856138158598,0.07580306133322628,-37.65990590266102,5.994204192800001,84.74889599999999,0.0,0.49908,1.0,2.0,0.9936518406072843,0.9723365503493625,0.0,0.0,0.0,0.0,0.0,0.0,0.0,0.0,0.0,0.0,0.0,0.0,0.0,0.0,0.0,0.0,,,,,,,,,,,,,,,,,,,,,,,,,,,,
20.0,100.0,45.0,5,0.0,0.0,0.0,0.0,0.0,0.0,0.0,0.0,0.0,0.0,0.0,0.0,0.0,0.0,0.0,0.0,12.820106216720044,14.474395727582387,7.231290181400351,0.057701152448817614,0.6198322035454662,-0.3321895401218777,0.00713554007318544,0.32015299822331567,-0.15260211756466874,0.107239274389242,0.3068567116142944,0.0759661711811762,-20.610625513212227,6.188022616,106.23674000000001,0.0,0.49711999999999995,1.8,20.8,1.0001541176486215,0.9571732056242889,0.0,0.0,0.0,0.0,0.0,0.0,0.0,0.0,0.0,0.0,0.0,0.0,0.0,0.0,0.0,0.0,,,,,,,,,,,,,,,,,,,,,,,,,,,,
20.0,100.0,60.0,5,0.0,0.0,0.00023999999999999998,0.6,0.0,0.0,0.0,0.0,0.0,0.0,0.2854,29.6,0.0,0.0,0.0,0.0,12.358531511314958,14.483081495804546,6.267428164490029,0.13234620859440874,0.8498733162090639,-0.288532223129068,0.02522050090890162,0.5673890977633054,-0.1482721477584458,0.12758218667406912,0.42140744718158124,0.07587500516871264,-11.511603557434626,6.3272664404,116.018068,2.0000000000000003e-06,0.5271600000000001,3.0,50.0,1.1579242851743408,0.9256057850118721,0.0,0.6,0.0,0.0,0.0,40.4,0.0,0.0,0.6,0.0,0.0,0.0,0.2,0.0,0.0,0.0,5.720720234030601,5.429031956365545,14.415080005126628,-19.45380454129812,12.396126847826087,10.47064,77.18359566349638,58.340705,0.2499981125452899,0.0019399999999999999,32.288496376811594,19.0,24.975769927536234,1.5,0.8563597385397359,0.7533326698094718,0.1494216453494473,-0.1031134957274195,0.48792485151915094,0.4434207121107969,0.6908967391304348,0.0,7.108695652173913,2.0,-37.29541412056844,-88.32583042907251,51.710494125695064,5.345322561769311
20.0,200.0,0.0,5,0.0,0.0,0.0,0.0,0.0,0.0,0.0,0.0,0.0,0.0,0.0,0.0,0.0,0.0,0.0,0.0,14.25427674395822,14.495404931968906,13.635397967521177,-0.0020568242701205,0.23721341618688144,-0.21677991643098532,-0.0010987310302236798,0.14024933649242627,-0.12682811419384346,0.07835024875179673,0.08562694406150964,0.07574609863815614,-50.272770017456565,3.2465975116,19.078452000000002,0.0,0.49984,1.0,2.0,0.9936696813334296,0.9722303435670623,0.0,0.0,0.0,0.0,0.0,0.0,0.0,0.0,0.0,0.0,0.0,0.0,0.0,0.0,0.0,0.0,,,,,,,,,,,,,,,,,,,,,,,,,,,,
20.0,200.0,0.5,5,0.0,0.0,0.0,0.0,0.0,0.0,0.0,0.0,0.0,0.0,0.0,0.0,0.0,0.0,0.0,0.0,14.266937914877326,14.500588718609276,13.673490917965472,0.00064531715453406,0.2217779851453904,-0.2040544927049804,0.0002594598592171399,0.13504928581912645,-0.12556021066623088,0.07820924737383803,0.08515343781294252,0.07569191110982529,-65.68870095445264,3.2368613716,19.513262,0.0,0.49887999999999993,1.0,2.0,0.993647004910124,0.9725822827696534,0.0,0.0,0.0,0.0,0.0,0.0,0.0,0.0,0.0,0.0,0.0,0.0,0.0,0.0,0.0,0.0,,,,,,,,,,,,,,,,,,,,,,,,,,,,
20.0,200.0,1.0,5,0.0,0.0,0.0,0.0,0.0,0.0,0.0,0.0,0.0,0.0,0.0,0.0,0.0,0.0,0.0,0.0,14.273727057511445,14.49574116805567,13.837423514802747,-0.0031618679402369205,0.19953494887892928,-0.181229067532525,-0.0018160643956769001,0.13785509615867747,-0.12490950946257465,0.07813123365875403,0.08313313995665468,0.07574247733278454,-79.89094285208809,3.2339690063999997,18.834688,0.0,0.49799999999999994,1.0,2.0,0.9936173468424393,0.9702494482179175,0.0,0.0,0.0,0.0,0.0,0.0,0.0,0.0,0.0,0.0,0.0,0.0,0.0,0.0,0.0,0.0,,,,,,,,,,,,,,,,,,,,,,,,,,,,
20.0,200.0,2.0,5,0.0,0.0,0.0,0.0,0.0,0.0,0.0,0.0,0.0,0.0,0.0,0.0,0.0,0.0,0.0,0.0,14.25647242052591,14.488997107340865,13.775463509679355,-0.0028085777898729804,0.22400260868083716,-0.21643137927984882,-0.0013035563433667998,0.1297015485555809,-0.13307538365430957,0.078324384928584,0.08387897358987753,0.07581303547201676,-49.985602893920785,3.2396971263999994,19.639156000000003,0.0,0.5073599999999999,1.0,2.0,0.9936230450325526,0.9708013493719655,0.0,0.0,0.0,0.0,0.0,0.0,0.0,0.0,0.0,0.0,0.0,0.0,0.0,0.0,0.0,0.0,,,,,,,,,,,,,,,,,,,,,,,,,,,,
20.0,200.0,5.0,5,0.0,0.0,0.0,0.0,0.0,0.0,0.0,0.0,0.0,0.0,0.0,0.0,0.0,0.0,0.0,0.0,14.267328198375205,14.495587296762896,13.73069280728192,0.004733426065267219,0.2086631086215159,-0.20435945151394336,0.0019041579793561002,0.1241044867063541,-0.12494698880287639,0.0782055835487409,0.0844422339381472,0.07574423131323878,-24.921978171944918,3.243769134,20.062378000000002,0.0,0.49992000000000003,1.0,2.0,0.9936183328072907,0.9718755558141978,0.0,0.0,0.0,0.0,0.0,0.0,0.0,0.0,0.0,0.0,0.0,0.0,0.0,0.0,0.0,0.0,,,,,,,,,,,,,,,,,,,,,,,,,,,,
20.0,200.0,10.0,5,0.0,0.0,0.0,0.0,0.0,0.0,0.0,0.0,0.0,0.0,0.0,0.0,0.0,0.0,0.0,0.0,14.232636913535776,14.486920832534983,13.183185612112174,0.006777615785461896,0.2718403250197712,-0.21645934064707562,0.0026508444202212,0.15701928455627945,-0.13188351444969118,0.07861583204565785,0.09165773662919052,0.07583487060277136,-60.707687688230536,3.2889638251999997,21.976616,0.0,0.50412,1.0,2.0,0.993642613827441,0.9709827962441588,0.0,0.0,0.0,0.0,0.0,0.0,0.0,0.0,0.0,0.0,0.0,0.0,0.0,0.0,0.0,0.0,,,,,,,,,,,,,,,,,,,,,,,,,,,,
20.0,200.0,15.0,5,0.0,0.0,0.0,0.0,0.0,0.0,0.0,0.0,0.0,0.0,0.0,0.0,0.0,0.0,0.0,0.0,14.207484634881439,14.493802969585667,13.195895603642176,0.01674715241890392,0.2651471291900784,-0.17515027618377654,0.006358947395780459,0.1484052451845393,-0.11307135039829326,0.07894000053326627,0.09223573160513795,0.07576287675234675,-20.58363473340377,3.3626520172,23.149052,0.0,0.49759999999999993,1.0,2.0,0.993639869432174,0.9690161596164699,0.0,0.0,0.0,0.0,0.0,0.0,0.0,0.0,0.0,0.0,0.0,0.0,0.0,0.0,0.0,0.0,,,,,,,,,,,,,,,,,,,,,,,,,,,,
20.0,200.0,30.0,5,0.0,0.0,0.0,0.0,0.0,0.0,0.0,0.0,0.0,0.0,0.0,0.0,0.0,0.0,0.0,0.0,14.065196637185917,14.494370501157963,11.618929736983388,0.010923663895500998,0.42853845235060034,-0.20995279637425165,0.00110950595704684,0.14342468189223045,-0.11542239687390898,0.08095184033665201,0.11912072004901468,0.07575685086736092,-38.302694436137415,3.6400950444,46.083870000000005,0.0,0.49879999999999997,1.0,2.0,0.9936645386834799,0.9721059787943167,0.0,0.0,0.0,0.0,0.0,0.0,0.0,0.0,0.0,0.0,0.0,0.0,0.0,0.0,0.0,0.0,,,,,,,,,,,,,,,,,,,,,,,,,,,,
20.0,200.0,45.0,5,0.0,0.0,0.0,0.0,0.0,0.0,0.0,0.0,0.0,0.0,0.0,0.0,0.0,0.0,0.0,0.0,13.521786627717642,14.494037453360102,8.225593004476597,0.03301958261805512,0.513247250170475,-0.26456104872109887,0.003832123670851558,0.17887461555054313,-0.12441027986573142,0.09193390055077007,0.25101343482053184,0.07576037136657963,-2.326151488156242,4.2996308412,67.01235799999999,0.0,0.4934,1.0,2.0,0.9936412904070178,0.9692829559784059,0.0,0.0,0.0,0.0,0.0,0.0,0.0,0.0,0.0,0.0,0.0,0.0,0.0,0.0,0.0,0.0,,,,,,,,,,,,,,,,,,,,,,,,,,,,
20.0,200.0,60.0,5,0.0,0.0,0.0,0.0,0.0,0.0,0.0,0.0,0.0,0.0,0.0,0.0,0.0,0.0,0.0,0.0,12.66852604171956,14.499567751057125,6.9569027199407,0.1088061239318063,0.8826982378304213,-0.261449935700513,0.008857213448979221,0.4915629034989695,-0.13880152038200125,0.11726949823393218,0.3292634166203463,0.07570251172488252,-13.740218035677824,5.0349460839999995,77.058896,0.0,0.5061199999999999,2.4,49.8,1.0038651353550627,0.9333997333558415,0.0,0.0,0.0,0.0,0.0,0.0,0.0,0.0,0.0,0.0,0.0,0.0,0.0,0.0,0.0,0.0,,,,,,,,,,,,,,,,,,,,,,,,,,,,
20.0,300.0,0.0,5,0.0,0.0,0.0,0.0,0.0,0.0,0.0,0.0,0.0,0.0,0.0,0.0,0.0,0.0,0.0,0.0,14.319715166421727,14.490249200054427,13.951204672712137,0.0102722463539494,0.18245451521677067,-0.17613471838886488,0.0048878700017741,0.11322913414496831,-0.11045078253132298,0.0776247869288374,0.08179271359297882,0.07579995177690144,-75.34345544978606,2.6479103108,15.593364,0.0,0.49656,1.0,2.0,0.9936544563726484,0.9683900672814522,0.0,0.0,0.0,0.0,0.0,0.0,0.0,0.0,0.0,0.0,0.0,0.0,0.0,0.0,0.0,0.0,,,,,,,,,,,,,,,,,,,,,,,,,,,,
20.0,300.0,0.5,5,0.0,0.0,0.0,0.0,0.0,0.0,0.0,0.0,0.0,0.0,0.0,0.0,0.0,0.0,0.0,0.0,14.300396563464307,14.487858632039636,13.951936874557685,0.00386044656050296,0.20787962991065526,-0.1839564341327802,0.00230712163556254,0.12418640968681072,-0.11852582283147935,0.07783603256764587,0.08176788984186031,0.07582497241099803,-53.18505996140236,2.6616255784000002,15.396762,0.0,0.5019600000000001,1.0,2.0,0.9937253249223648,0.9705404833600957,0.0,0.0,0.0,0.0,0.0,0.0,0.0,0.0,0.0,0.0,0.0,0.0,0.0,0.0,0.0,0.0,,,,,,,,,,,,,,,,,,,,,,,,,,,,
20.0,300.0,1.0,5,0.0,0.0,0.0,0.0,0.0,0.0,0.0,0.0,0.0,0.0,0.0,0.0,0.0,0.0,0.0,0.0,14.316690952103707,14.501933483662956,13.903930545729708,0.0121714797309566,0.20696536862875958,-0.15370242350458818,0.00598622257692328,0.12062914994029009,-0.09437307658312404,0.07765877091336579,0.08238536185554976,0.0756780636115022,-6.6388086053043525,2.6481557628000005,15.835151999999999,0.0,0.49768000000000007,1.0,2.0,0.9936482027956209,0.9716114026986415,0.0,0.0,0.0,0.0,0.0,0.0,0.0,0.0,0.0,0.0,0.0,0.0,0.0,0.0,0.0,0.0,,,,,,,,,,,,,,,,,,,,,,,,,,,,
20.0,300.0,2.0,5,0.0,0.0,0.0,0.0,0.0,0.0,0.0,0.0,0.0,0.0,0.0,0.0,0.0,0.0,0.0,0.0,14.309828482212282,14.499303903111937,13.892426843625586,0.008595295860957499,0.19879478640907405,-0.1799282952678492,0.00447058300440492,0.1208930890222347,-0.10418535206229025,0.07773413446096497,0.0824818744839663,0.07570530895400805,-39.763929361624825,2.6619843252,15.801426000000001,0.0,0.50024,1.0,2.0,0.9936305981253607,0.971347249130098,0.0,0.0,0.0,0.0,0.0,0.0,0.0,0.0,0.0,0.0,0.0,0.0,0.0,0.0,0.0,0.0,,,,,,,,,,,,,,,,,,,,,,,,,,,,
20.0,300.0,5.0,5,0.0,0.0,0.0,0.0,0.0,0.0,0.0,0.0,0.0,0.0,0.0,0.0,0.0,0.0,0.0,0.0,14.309088538110888,14.48968902924122,13.752897187597345,-0.00677814566483124,0.18916564707849406,-0.2078208893677048,-0.00354169298308324,0.11555981746449595,-0.13687335910669085,0.077746080343207,0.08418110644120082,0.07580581693855447,-47.04335229318749,2.6536274472,16.090374,0.0,0.49948000000000004,1.0,2.0,0.9936631608469757,0.9699356477207033,0.0,0.0,0.0,0.0,0.0,0.0,0.0,0.0,0.0,0.0,0.0,0.0,0.0,0.0,0.0,0.0,,,,,,,,,,,,,,,,,,,,,,,,,,,,
20.0,300.0,10.0,5,0.0,0.0,0.0,0.0,0.0,0.0,0.0,0.0,0.0,0.0,0.0,0.0,0.0,0.0,0.0,0.0,14.311024173143409,14.49367559707532,13.847367457879017,0.005854479789728319,0.20204427852970624,-0.16982948892412691,0.00208138121298544,0.11314792953845514,-0.10633946432543481,0.07772167268187832,0.08303190436298505,0.07576421498596839,-55.18207544617428,2.6653401492,15.82859,0.0,0.49336,1.0,2.0,0.9935993500128874,0.9711153752635617,0.0,0.0,0.0,0.0,0.0,0.0,0.0,0.0,0.0,0.0,0.0,0.0,0.0,0.0,0.0,0.0,,,,,,,,,,,,,,,,,,,,,,,,,,,,
20.0,300.0,15.0,5,0.0,0.0,0.0,0.0,0.0,0.0,0.0,0.0,0.0,0.0,0.0,0.0,0.0,0.0,0.0,0.0,14.288805060875745,14.508110647025529,13.598720140021317,0.00768762102116754,0.22985550391280113,-0.15568273730274257,0.0021414109620224997,0.12424386954972828,-0.09535078078959147,0.07797736097281374,0.08616569425871569,0.07561341425714622,-74.91906196748322,2.7007722968,17.31862,0.0,0.49816000000000005,1.0,2.0,0.9935675318588025,0.9715612193466845,0.0,0.0,0.0,0.0,0.0,0.0,0.0,0.0,0.0,0.0,0.0,0.0,0.0,0.0,0.0,0.0,,,,,,,,,,,,,,,,,,,,,,,,,,,,
20.0,300.0,30.0,5,0.0,0.0,0.0,0.0,0.0,0.0,0.0,0.0,0.0,0.0,0.0,0.0,0.0,0.0,0.0,0.0,14.159985629795093,14.479157263622051,12.011468268666537,0.01521651292472954,0.38050193017476514,-0.16708398772705363,0.0043415598929828995,0.1394773278031481,-0.09578448750622699,0.07966819842996213,0.11089997818068956,0.07591607998247636,-31.55980858124679,2.9522604804,35.498094,0.0,0.49916,1.0,2.0,0.9936461862199988,0.970772025296832,0.0,0.0,0.0,0.0,0.0,0.0,0.0,0.0,0.0,0.0,0.0,0.0,0.0,0.0,0.0,0.0,,,,,,,,,,,,,,,,,,,,,,,,,,,,
20.0,300.0,45.0,5,0.0,0.0,0.0,0.0,0.0,0.0,0.0,0.0,0.0,0.0,0.0,0.0,0.0,0.0,0.0,0.0,13.915122832474097,14.505302862941088,9.266903614147463,0.013089342995712478,0.4538988536730134,-0.2210660237335668,-0.00141308660892436,0.1425203019870265,-0.1125450621918147,0.08406638627605627,0.19391377265581689,0.075642684770323,-36.131658552233695,3.2828268452,55.862054,0.0,0.49772,1.0,2.0,0.9937223946117429,0.9677672179385916,0.0,0.0,0.0,0.0,0.0,0.0,0.0,0.0,0.0,0.0,0.0,0.0,0.0,0.0,0.0,0.0,,,,,,,,,,,,,,,,,,,,,,,,,,,,
20.0,300.0,60.0,5,0.0,0.0,0.0,0.0,0.0,0.0,0.0,0.0,0.0,0.0,0.0,0.0,0.0,0.0,0.0,0.0,13.630033366977006,14.49663797079383,7.554043488314593,0.024154020209961775,0.4915162834252703,-0.2524603849420449,-0.005265361620061219,0.19340018207684498,-0.1370180226121327,0.09070696487366062,0.28317937765238044,0.07573317310605567,-9.15041405411146,3.5788593220000005,61.02978800000001,0.0,0.4974,1.4,11.6,0.9958910675858729,0.9586811816192153,0.0,0.0,0.0,0.0,0.0,0.0,0.0,0.0,0.0,0.0,0.0,0.0,0.0,0.0,0.0,0.0,,,,,,,,,,,,,,,,,,,,,,,,,,,,
30.0,5.0,0.0,5,622.24644,1630.0,380.82815999999997,901.8,0.0,0.0,0.0,0.0,608.08788,1552.8,654.03252,1740.8,225.72480000000002,671.8,0.6142000000000001,7.8,7.272916067315603,14.469158980155111,2.755749741245641,-1.0558996100163764,2.049680777415623,-2.5077132756677125,-0.9964393146281031,1.8534440701280677,-2.2882115244368437,0.8891793293232897,2.1069723239365556,0.0760211623511282,-0.9962426894700828,24.0757175048,127.43738600000002,0.000182,1.8189199999999999,4.8,44.2,2.2210842662858243,0.8702715745220024,1769.4,1276.8,0.0,0.0,1555.0,1911.4,671.8,493.6,2.8,0.2,96.6,45.6,155.0,0.0,0.0,1.4,3.54535127307697,2.755749741245641,0.9731666627853915,-177.2247413763031,28.29197977248798,18.566772,110.81823776919732,54.842881999999996,1.4335566895146192,0.0013419999999999999,10.31335875871938,1.0,32.39823785670738,1.0,-1.0993847194096056,-2.2707968888438836,-1.032879643699583,-2.0595935425661094,1.5669526931255633,0.4439049651526494,2.580988839532716,0.0,10.489302045693822,2.0,3.5727885075248578,-179.16642633011938,-2.599621844739466,-319.68411872638546
30.0,5.0,0.5,5,837.50556,2480.4,0.56888,14.6,1.28116,19.8,549.2182399999999,1485.2,818.8762,2435.2,896.5414000000001,2613.6,265.22992,941.8,0.7506,13.6,5.8732288470197735,14.481819187194564,2.6407300933322646,0.425944446891129,2.859640401771467,-2.6248234526801535,0.39883163518834186,2.622798511354182,-2.4591770273319002,1.2632580012120314,2.2823492442269218,0.07588819510822715,0.7182741728252267,25.0159247972,126.818102,6.400000000000001e-05,2.3977999999999997,5.0,42.6,2.168019599519769,0.8519705404909862,2701.0,1100.4,1072.8,1485.2,2447.6,2919.2,942.0,654.6,4.6,0.6,140.0,43.2,464.6,216.4,0.6,2.8,3.1418165887220666,2.6407300933322646,-2.2112824694764535,-179.91465847476152,27.44867164233882,18.546968,112.26821475328784,57.575666,2.0120622898998297,0.000592,5.067033943335185,1.0,37.44650653728148,1.6,0.2723640551888886,-2.3101660133438195,0.26117935755461225,-2.1636560627594914,1.8870136477690422,0.44397017676475325,3.3715952298063607,0.0,6.659578914735219,2.0,-0.6392643425910538,-179.82497853802596,-1.5720181268853992,-312.97302235268603
30.0,5.0,1.0,5,485.21296,1432.4,418.47276,923.0,0.18196,8.0,16.290119999999998,180.4,477.0007599999999,1392.6,511.12548000000004,1584.8,44.610879999999995,298.6,0.27492,7.4,7.24754628098291,14.473699159887278,2.9351389444438163,0.5756595856684673,2.6732853031989037,-1.7248347064918526,0.5259234864144962,2.406875927372848,-1.5743341597308018,0.8332715119362476,1.9370183407536554,0.07597358237024736,-0.4219139340823734,24.120488176800002,127.201354,0.000108,1.7020399999999998,4.8,43.4,2.0532545876312405,0.8674420240911465,1653.6,1183.8,129.6,180.4,1392.6,1947.8,298.8,214.8,5.0,0.4,43.6,63.2,126.0,24.6,0.2,0.6,3.7729002839280894,2.9351389444438163,3.7360889519532514,-179.9263110689002,27.40694840584831,19.49232,107.38097900718655,59.00438799999999,1.61165249324706,0.0005639999999999999,9.15477808553587,1.0,33.47008673322802,1.6,0.6426948804726456,-1.0883440319562923,0.6027049550655956,-1.0765226351207953,1.4624506067200636,0.4437987836013265,2.535860547612836,0.2,8.151877530829335,3.2,3.3221877891829075,-179.2649192926186,0.41390116277034456,-325.92171619551226
30.0,5.0,2.0,5,1276.88328,3073.4,394.01968,1166.4,0.0,0.0,0.0,0.0,1246.79992,3000.6,1321.5502800000002,3178.8,855.67832,1849.8,1.41304,13.6,5.265763610537749,14.490920397518698,2.6536249256343765,-1.0497965391111506,1.6911065131917116,-2.7358020306032325,-0.9937379818078949,1.5605968788172748,-2.2953600898578728,1.4758773162722254,2.261165838327553,0.07579294504603187,1.0311970155509051,27.5028883604,128.75335,0.00045200000000000004,2.92756,5.2,36.0,2.947601652243935,0.8429832374718977,3266.0,2063.2,0.0,0.0,3024.6,3327.2,1850.0,1298.4,2.4,0.6,278.0,31.0,368.2,0.0,0.0,4.2,2.9772544989267415,2.6536249256343765,2.0671317434399983,-179.8747957977661,30.936287988730186,19.919306,118.33032717606311,57.764464,1.9499751115417687,0.0011819999999999999,5.272747732816116,1.0,36.22055504625977,2.6,-1.113410291992307,-2.1377890559901958,-1.0786104249948578,-1.8196977775992296,1.9861533360252224,0.44743668664578784,3.7475791729439316,0.2,9.360860678318891,2.0,-0.6953411205127416,-179.75114524317132,2.7624728639527385,-323.26646953660094
30.0,5.0,5.0,5,447.50928000000005,1591.6,195.63152,634.2,0.18412,6.2,19.7806,198.8,436.849,1489.8,481.53048,1689.4,170.31204,581.2,0.3684,7.2,7.141143149747163,14.488063725683281,2.9567829677871145,0.14161125578304137,2.144063743250057,-2.1289148919755454,0.11176078510985048,1.9781943639442445,-1.9077817420678589,0.8713403010246873,1.9229106751267413,0.07582287344864072,0.5311413627379309,23.8802893248,127.24143199999999,0.000176,1.7456800000000001,5.2,45.6,2.0767903937459002,0.8628796358802837,1932.4,1078.4,152.4,198.8,1489.8,2006.8,633.2,404.8,4.8,0.4,104.4,70.4,211.2,26.6,0.2,0.6,3.723742111748564,2.9567829677871145,5.78830896238423,-179.55761395454527,27.37276839560959,14.680367999999998,107.14491632067806,44.06043199999999,1.6425015506939034,0.002098,9.79143420094938,1.0,33.330914732040014,1.2,0.2677793743444449,-2.0624015229836266,0.2224158706827471,-1.8249472496493513,1.4903230834987373,0.4437000316395562,2.61372278730709,0.0,7.864283439961594,2.0,4.5487475679775,-179.77937369257023,1.23956139440673,-312.0350958876473
30.0,5.0,10.0,5,395.49012000000005,1568.4,0.8786799999999999,50.8,1.90444,30.0,357.2242,1264.2,376.89808,1474.8,419.59784,1622.6,16.9096,183.8,0.06412,4.2,7.026155685131772,14.48703842466968,2.6480473766196937,1.0182114369058728,3.1545245181157004,-1.947746762327182,0.9159108832855669,2.878567105941831,-1.4184828600125714,0.9059994808009197,2.27024605628287,0.07583350986763568,-6.288705277548172,24.011631494,127.93543600000001,0.000128,1.7616,5.2,50.0,2.346155624815288,0.853352596916794,2301.6,925.4,1010.8,1264.2,1490.8,2105.8,183.8,93.6,6.4,0.2,31.6,100.2,396.0,142.0,0.6,2.4,3.3421492490888847,2.6480473766196937,-3.379846778821365,-179.87890305603565,28.68612013694816,18.609366,113.85966778017337,69.17714600000001,1.7648952770228319,0.000388,7.766616310055253,1.0,35.17542436002721,1.0,1.4576880702632562,-1.4225078283510928,1.3270712257778599,-1.2693624722283758,1.7330775051681067,0.4428900813556392,3.06402247026825,0.0,8.514703873641533,2.0,-4.459028459862291,-179.7829821244381,1.0791816810409276,-338.8912502413306
30.0,5.0,15.0,5,858.1362000000001,2324.6,659.8406000000001,1632.6,0.9528800000000001,17.4,161.9374,569.0,805.3166800000001,2185.4,837.6073200000001,2311.4,0.0,0.0,0.0,0.0,6.442989069205649,14.477064627684914,3.1585179446973197,1.6331832376634687,2.9115666989074027,-0.6916493846933889,1.4977906354552832,2.6402214166937212,-0.3654680063919207,1.153378780034587,1.937462490254769,0.07593808403801847,-4.85317075791826,24.6818261476,128.26140800000002,0.000296,2.28616,4.8,50.0,2.93874537869086,0.8619934358736892,2774.4,2167.6,451.6,569.0,2203.8,2612.6,0.0,0.0,5.0,0.0,0.0,49.2,249.0,62.8,0.2,3.0,3.6209416692997807,3.1585179446973197,7.482729651146682,-174.2428435567621,29.549994930866852,21.645908,118.58222651147837,86.890058,1.4446699105602818,0.000638,10.539862267323336,3.0,33.33087144792436,1.2,2.2932460589348906,-0.010270232200206158,2.0912261326000086,-0.1035736986443685,1.6441969462782278,0.44420740208175047,2.979042895352763,0.0,8.574562792963519,2.0,-3.5457010795716983,-177.7064323797979,11.02843073071838,-288.9434978492428
30.0,5.0,30.0,5,1169.84028,3145.2,851.24316,2115.4,0.7528400000000001,16.4,233.95324,904.4,1075.1369200000001,2994.8,1178.79004,3151.2,0.0,0.0,0.0,0.0,4.857608368243109,14.464989360913673,2.6201125074788076,2.3072876539586877,3.57352919980863,-0.33769772187082914,2.0982335274824933,3.3158944144333033,-0.2164378840953301,1.5484167996817566,2.3183959778121044,0.07606484415902307,-3.5449898710668903,27.615434461999996,129.10744400000002,0.00031400000000000004,2.9716,5.8,42.0,2.901474695046241,0.849243600024457,3646.6,2909.2,614.4,904.4,2997.6,3476.0,0.0,0.0,2.8,0.0,0.0,45.6,363.6,135.4,0.4,1.8,2.8631895365565367,2.6201125074788076,-1.6748088934892098,-179.90122813283796,30.893904436527652,21.47817,121.7451064157228,91.937086,1.388478609705405,0.000596,4.850454108071309,1.0,35.387112924073946,2.0,3.065374112810163,0.4821206158031826,2.8594477351842307,0.3612454507555124,2.09419309785513,0.44383771612516043,3.842498919423245,0.6,9.14042465190251,3.2,-0.5774549883932488,-179.88164762607244,-1.0973539050959609,-265.28270625168955
30.0,5.0,45.0,5,1215.51424,3292.8,132.9358,811.0,0.0,0.0,0.00584,1.0,1307.5032,3434.8,1501.18092,3706.0,0.0,0.0,0.0,0.0,4.37544518491795,14.473565903705168,2.624217394367188,2.5456473225330907,3.50145997580699,-0.6766883007932005,2.2952174440386472,3.243613966535223,-0.4585540526754398,1.6946983690311295,2.3112578565680297,0.07597492293741166,1.1415051398992502,27.9122304388,128.6758,6.6e-05,2.9083999999999994,6.0,46.8,2.970106121735158,0.8656278984371509,3616.2,3605.0,0.0,21.8,3434.8,3895.4,0.0,0.0,3.0,0.0,0.0,65.2,341.6,0.0,17.4,1.0,2.8457495880807,2.624217394367188,-2.949159737022534,-179.83706520059224,30.844657103150336,22.485090000000003,121.5376895316078,85.031288,0.5517877953883212,0.00048000000000000007,6.1104556896965665,1.0,28.11974129100268,1.2,3.1355699368090693,-0.0718530959645249,2.8737323649989577,-0.18424105982857666,2.105872604958928,0.44298154233151105,3.5524549392514517,0.2,8.376826286065205,2.0,1.2531472118294413,-179.93388173576162,-4.202306948851976,-292.21140654936323
30.0,5.0,60.0,5,1327.1202799999999,3374.4,464.0167600000001,1412.6,4e-05,0.2,0.00108,0.2,1363.5359199999998,3645.4,1842.46564,4279.4,0.0,0.0,0.0,0.0,3.6852996802817892,14.48317890539011,2.622929302894801,2.550853236679736,3.158769705247747,-0.12730358441852757,2.3231996732567284,2.898264161399438,-0.10424939544794717,1.8487011166281266,2.313684554282932,0.0758740364239975,-1.8286906867636397,30.493608996400003,128.70511000000002,0.00010400000000000001,3.2778800000000006,6.0,50.0,4.166648137329295,0.8692877183843347,3796.8,3752.8,0.2,5.4,3738.0,4441.2,0.0,0.0,1.6,0.0,0.0,15.6,507.4,0.2,5.4,2.2,2.921371269443969,2.622929302894801,-0.4895796705499227,-179.9371025359215,32.01040281824523,22.013504,121.93559841135877,95.67202800000001,0.44715457176866275,0.00011,6.51721378787057,1.0,26.47752564115073,2.0,2.804366230744294,0.8548512504258629,2.5623006491977955,0.5853617524381864,2.0549766725214416,0.4433610875851842,3.5277692495110173,0.2,11.801850986848459,2.2,1.0380369947571257,-179.87133128365568,-1.527616665307048,-335.25485208305315
30.0,10.0,0.0,5,434.60688,937.6,0.15872,3.6,0.0,0.0,0.0,0.0,435.33779999999996,933.0,450.9886,1024.4,433.65984,931.2,0.6332,7.4,9.69171124698305,14.474141500140078,4.618937130044307,-0.686279302180496,0.9437267355984845,-1.6694405222516189,-0.6543667686592313,0.7782829982208497,-1.3986053084071457,0.5407673226302421,1.1247900977565548,0.07596879232790017,-0.8166551289005557,17.4541715028,115.75800199999999,0.000162,1.1965600000000003,3.2,34.8,1.3174284898614084,0.9189770170061868,938.2,355.8,0.0,0.0,933.0,1050.6,931.2,620.4,1.0,0.2,151.2,1.0,171.4,0.0,0.0,0.2,4.052781621223301,3.231363923277385,17.856234534952605,-175.2136718275689,22.802034026013548,16.105596666666667,90.06663522797555,42.376463333333334,1.2982996003199174,0.0013433333333333335,11.520082341117622,1.0,31.183007168825558,1.0,-0.9950259640638769,-1.7248636280158836,-0.9361347063844995,-1.6432036753892614,1.270639392435064,0.4464139129857582,1.9660627417715235,0.0,7.671711103545487,2.0,-2.1351989511768665,-178.1969924164357,19.99143348612947,-229.27698081588736
30.0,10.0,0.5,5,105.02955999999999,462.4,0.07715999999999999,2.8,0.34008,7.2,104.65311999999999,457.4,105.846,460.0,118.82256,570.2,0.0,0.0,0.0,0.0,10.413565904379798,14.47565289289417,3.8525024423748038,0.3567532114232529,1.7987589281590437,-1.2162458606226023,0.3303291924455454,1.5249096818107006,-0.9447146059735058,0.3534825815806407,1.3792423626638122,0.07595287150135388,-4.439084664021783,16.178785754,118.82919,3.8e-05,0.85648,3.8,49.2,1.335290622187132,0.8944778797105771,464.8,177.8,310.0,457.4,460.0,644.6,0.0,0.0,1.6,0.0,0.0,1.6,86.2,76.8,0.2,0.2,4.145656155441458,3.198277725610879,-23.771462498884347,-177.81504214098268,22.037142070130802,14.5234775,89.89532259275904,40.569509999999994,1.099000645644836,0.00118,12.264564069756785,1.25,29.65302458637572,1.0,0.8092840012177451,-0.6814153632814253,0.772509161217764,-0.622838168005245,1.1641986752669666,0.4435746719878816,1.5946499007729136,0.0,8.129300041581017,2.0,8.963711062689821,-178.8900741953999,-32.73517356157417,-302.8008332588976
30.0,10.0,1.0,5,0.00011999999999999999,0.2,0.00092,0.6,0.0,0.0,0.0,0.0,0.0,0.0,3.034,107.6,0.0,0.0,0.0,0.0,11.044571703518617,14.485522471024584,4.309687315729218,-0.03354569965041066,1.466252133428769,-1.6154949303043895,-0.012534756936002958,1.2450396333034937,-1.306485009389919,0.17077080708736544,1.2145416418605595,0.07584940678524868,4.384279285934758,15.059179454000002,115.20763600000001,1.4000000000000001e-05,0.51764,3.6,48.0,1.1996660906945988,0.9245972208179332,0.6,4.4,0.0,0.0,0.0,207.8,0.0,0.0,2.0,0.0,0.0,0.6,4.2,0.0,0.0,0.0,4.581857977605836,3.745451062870669,16.18951586825778,-175.92044834795524,21.370597525283635,16.4953475,81.24693846752247,47.8714975,0.6854434114377986,0.005900000000000001,16.711011446283454,4.0,26.82935155082332,1.25,0.1533187037913768,-1.3090070782762455,0.06176637712104252,-1.235946512274861,0.9331711306288639,0.4444924665068161,0.9184501659812958,0.0,8.055710236587462,2.0,-10.644861946733515,-143.44589728858,26.834377814991292,-260.2631754237385
30.0,10.0,2.0,5,6.07008,106.8,0.05536,6.8,0.0,0.0,0.0,0.0,5.8044400000000005,107.6,17.93724,205.4,5.6924399999999995,106.6,0.043359999999999996,3.8,10.978437192292446,14.480650347434045,5.067137649236844,-0.01870518561949621,1.4832518841491933,-1.4901722385045262,-0.03180139653750839,1.2909081512914387,-1.1339742242962485,0.2196807491768713,1.0025330584890968,0.0759003973838138,2.4234273043985683,15.425037250799999,114.850462,3.8e-05,0.61244,3.0,40.4,1.3633335967361702,0.9319119040670005,150.2,61.8,0.0,0.0,110.6,365.6,106.6,58.6,1.6,0.2,17.4,5.0,23.8,0.0,0.0,0.4,4.443356845364384,3.7269298252277103,16.018578151965833,-176.572247257165,22.404813311869358,14.58402,85.36856136626368,41.36920333333334,0.8759636018321778,0.005296666666666666,13.557208572164464,1.3333333333333333,28.779613679958597,1.0,0.045629993117880074,-1.2677314838392546,-0.08741190528061338,-1.2486657462294914,1.015580537171694,0.44304100549535735,1.361286565044942,0.0,8.446844689256269,2.0,-18.390228090593467,-175.0263304228255,34.40880624255929,-282.28889174695774
30.0,10.0,5.0,5,0.7962,50.6,0.05556000000000001,13.4,0.0,0.0,0.0,0.0,0.27624,23.4,11.29288,248.2,0.21015999999999999,20.4,0.0074399999999999996,2.0,10.911992849769863,14.486014571445574,3.8897539225752014,0.023650981101045,1.7539747219413493,-1.8095647235512664,0.00892702301912528,1.558392342204796,-1.5346025658688975,0.21299330492444088,1.4043448121114923,0.07584429609430841,1.7121453688011052,15.775901030000004,124.83872799999999,7.6e-05,0.58192,4.2,49.8,1.5826311061121419,0.9056112240363401,126.2,51.8,0.0,0.0,23.8,369.4,20.6,11.6,1.4,0.4,3.2,12.2,21.4,0.0,0.0,0.4,4.0391873771727225,3.266304587733448,1.715892704620554,-179.68716176130113,24.548763013250962,18.1804775,93.97436830889222,54.54635,0.9065192625699028,0.00232,16.77870485812975,1.5,27.808500305813993,1.0,-0.01793305284212171,-1.6850131413602694,-0.06692050218339804,-1.6181001239748891,1.12236898688525,0.44405518307426817,1.3768607278634448,0.0,11.256079588745521,2.0,-4.244328881735024,-178.7266455735055,5.960221586355576,-320.1041886576186
30.0,10.0,10.0,5,1.13812,65.0,0.01424,3.0,0.0,0.0,0.0,0.0,0.0,0.0,4.48184,143.2,0.0,0.0,0.0,0.0,11.040315286797322,14.4754622688417,4.4802884765646676,0.08965931395208626,1.4106411162678092,-0.8020152904909642,0.05329665237740542,1.2888610957626354,-0.4125018922360283,0.17379160791836212,0.9594506161946337,0.07595531954804215,-11.369750571409064,15.5382274832,124.54228800000001,3.9999999999999996e-05,0.54276,3.8,47.2,1.4476455952758998,0.9164992945455548,116.2,56.0,0.0,0.0,0.0,209.0,0.0,0.0,1.8,0.0,0.0,9.6,46.6,0.0,0.0,0.0,4.980799151120582,4.4802884765646676,-11.262325622683626,-146.25071094786185,24.949769799139027,20.152697999999997,102.79541232452115,73.253634,0.6675827941461835,0.00907,20.623375764533343,7.2,27.198434710993144,1.6,0.5920268414689827,0.0556852474546332,0.406762840851058,-0.09926901400864903,0.7243362015618259,0.4445653377464451,0.9999857999635389,0.0,10.618978016736007,2.0,2.447613001197645,-172.1230832255846,-13.709938623881277,-244.62072002743804
30.0,10.0,15.0,5,35.527080000000005,322.6,0.08768000000000001,11.0,0.0,0.0,0.0,0.0,37.95012,275.4,50.83712,421.4,25.55352,219.4,0.0354,1.8,10.1188331857754,14.475490708034462,3.7437533522418995,-0.02329385296444834,1.4238217405426803,-1.3885882260231026,-0.09779683955114922,1.2374747403669073,-0.9611782903384322,0.3138981462993367,1.3796659822126016,0.07595467698477712,5.63742759332068,17.204494270399998,126.040336,4.8e-05,0.7466800000000001,4.0,50.0,1.6589693282730316,0.8975772387124668,464.0,225.6,0.0,0.0,275.4,589.4,273.4,85.6,5.4,0.4,43.2,28.6,155.2,0.0,0.0,0.2,4.521615159373692,3.7437533522418995,20.67303718632925,-136.16343290393087,25.306259492902374,18.106029999999997,107.42267463121865,75.40184,0.9991960729944853,0.002076,17.32713828321775,4.0,27.580777611677927,1.0,-0.06730292006079605,-0.7439420591916166,-0.22886725922995144,-0.8223110487680529,0.9962213081458129,0.44270553134718504,1.4760481196122348,0.0,8.84591631111092,2.0,-4.529928034450878,-156.82484289372576,25.202965220780136,-226.17705501601694
30.0,10.0,30.0,5,10.03308,201.6,0.8884000000000001,46.0,0.0,0.0,0.0,0.0,10.45832,83.0,147.00816000000003,735.8,0.44867999999999997,14.0,0.0002,0.2,9.067031708614827,14.469977922428786,4.129969966273814,0.023879186682432395,1.7709242104372351,-1.171159061145132,-0.12287130999186976,1.4725965902751883,-0.9151837277078595,0.4197754577307135,1.1906063429763805,0.07601290223770199,8.964986668314946,18.03343229,126.97130999999999,1.6000000000000003e-05,0.9444000000000001,4.4,50.0,2.426588568636948,0.8838647945949416,732.8,560.8,0.0,0.0,432.6,963.4,245.0,1.0,5.6,43.4,1.0,91.2,342.8,0.0,0.0,5.6,4.757336663344517,4.129969966273814,24.307632394378192,-160.81174486861994,28.231481100549594,17.653902,112.74841635790605,75.553034,0.9426483250022188,0.002382,17.851667637776302,2.4,27.772749347956694,1.0,0.22408451434650517,-0.6554196392033896,0.02351308510069125,-0.7951812918031521,0.9037395730706335,0.4423455487995909,1.6407979226071572,0.0,13.863095801635367,2.0,5.558603622400818,-179.54798672716123,18.749028771977372,-320.45222236447023
30.0,10.0,45.0,5,510.10896,1411.0,32.1,340.2,0.0,0.0,0.0,0.0,411.4438,1231.4,511.6433599999999,1467.2,0.0,0.0,0.0,0.0,7.00306740063048,14.469611453965499,2.6558060917622504,1.0699542771908597,2.769838658333457,-0.49161120682897563,0.8464520512732617,2.5123729777254953,-0.20151939450286588,0.8830860965899244,2.2574900482596973,0.07601628135942402,3.3955209068835566,23.0817399444,128.287322,3.7999999999999995e-05,1.7143599999999999,5.4,49.4,4.584149017137461,0.8715398467910411,2123.0,2191.8,0.0,0.0,1281.0,2219.6,0.0,0.0,4.6,0.0,0.0,36.0,426.0,0.0,0.0,7.4,3.6901720104710782,2.6558060917622504,-1.0845278566414749,-179.739126687743,31.04653401077845,20.550881999999998,118.56603432385229,83.32882,0.7119899255674291,0.0008679999999999998,14.482017959016861,1.0,26.82341316490793,1.0,1.604169740277302,0.2702215407716366,1.3242853826768122,0.06313748931848104,1.4729609806461201,0.4435612428536757,2.5125374283643103,0.0,17.10394491520072,2.0,0.1137496455347149,-179.7749781012699,-1.1982775021761891,-335.6920836928178
30.0,10.0,60.0,5,844.4558000000001,2259.4,23.639760000000003,262.8,0.0,0.0,0.0,0.0,738.21368,1991.8,1174.20152,3021.2,0.0,0.0,0.0,0.0,5.461711154098458,14.483550085845911,2.7633919204836856,1.6102100711475245,2.603290395297157,-0.325093803054158,1.2820937795719576,2.2314524686238952,-0.18450017962845383,1.2649842150138304,2.1255132041698865,0.07587011842609032,-1.317318191772395,25.611278152799997,128.321732,6.4e-05,2.27072,5.4,43.2,5.174972646225893,0.8668214191930182,2888.2,2962.2,0.0,0.0,2064.2,3342.4,0.0,0.0,3.0,0.0,0.0,43.0,481.6,0.0,0.0,9.6,3.512568672920832,2.7633919204836856,-8.647706432310311,-179.7849586788042,30.651941400189155,18.859856,119.87860863347478,91.571208,0.5793474353682976,0.000202,13.568982866952819,1.4,26.55184495895267,2.2,1.9618712831399585,0.6704227871945954,1.5149691176990205,0.2387443952631303,1.5892695325566126,0.4432775898948421,2.7019059852171297,0.4,16.87679703723195,2.6,-2.502527372490566,-179.92939397541824,-6.145179059819744,-339.200681034515
30.0,50.0,0.0,5,0.0,0.0,0.0,0.0,0.0,0.0,0.0,0.0,0.0,0.0,0.0,0.0,0.0,0.0,0.0,0.0,13.772997020072259,14.485509678756936,11.334934313637884,0.002301921514076221,0.460124774823863,-0.48557433960947505,0.0017028279551330595,0.300889242687854,-0.29407993108816194,0.0843268295931456,0.1246897689738999,0.07584960140391442,-4.2372523660970005,6.476204019599999,39.701746,0.0,0.50672,1.0,2.0,0.9936653622696252,0.9700923695677245,0.0,0.0,0.0,0.0,0.0,0.0,0.0,0.0,0.0,0.0,0.0,0.0,0.0,0.0,0.0,0.0,,,,,,,,,,,,,,,,,,,,,,,,,,,,
30.0,50.0,0.5,5,0.0,0.0,0.0,0.0,0.0,0.0,0.0,0.0,0.0,0.0,0.0,0.0,0.0,0.0,0.0,0.0,13.750179219466895,14.477627797793385,11.768132245027557,0.011962727246156919,0.4933691698373626,-0.4229493205141225,0.00599553137187712,0.3049178331720877,-0.2474340793457625,0.08450435353905489,0.11545287587832535,0.07593229970987933,12.913408530851692,6.48245526,39.138628,0.0,0.49724,1.0,2.0,0.9936827841516,0.9695477738744394,0.0,0.0,0.0,0.0,0.0,0.0,0.0,0.0,0.0,0.0,0.0,0.0,0.0,0.0,0.0,0.0,,,,,,,,,,,,,,,,,,,,,,,,,,,,
30.0,50.0,1.0,5,0.0,0.0,0.0,0.0,0.0,0.0,0.0,0.0,0.0,0.0,0.0,0.0,0.0,0.0,0.0,0.0,13.741305300383264,14.475783314974914,11.50733142251936,-0.00885748663876766,0.4291852852640973,-0.459206038505316,-0.0046987452405706995,0.2634406085216453,-0.2641006923079313,0.08463507454032146,0.12066050221274587,0.07595152878026756,-7.544941121744321,6.4747330448,37.983448,0.0,0.50296,1.0,2.0,0.9936357735537855,0.9689203010686521,0.0,0.0,0.0,0.0,0.0,0.0,0.0,0.0,0.0,0.0,0.0,0.0,0.0,0.0,0.0,0.0,,,,,,,,,,,,,,,,,,,,,,,,,,,,
30.0,50.0,2.0,5,0.0,0.0,0.0,0.0,0.0,0.0,0.0,0.0,0.0,0.0,0.0,0.0,0.0,0.0,0.0,0.0,13.788070264258298,14.49584716826235,12.038419259951066,-0.01260470361265556,0.460666391520374,-0.41026855648712723,-0.0065005184792836,0.2690126364306401,-0.2602124430436802,0.0839896011500072,0.10993758190361014,0.0757415293927003,-6.391149753709395,6.4412634216,39.711892,0.0,0.49863999999999997,1.0,2.0,0.9936677426294785,0.9713109273085274,0.0,0.0,0.0,0.0,0.0,0.0,0.0,0.0,0.0,0.0,0.0,0.0,0.0,0.0,0.0,0.0,,,,,,,,,,,,,,,,,,,,,,,,,,,,
30.0,50.0,5.0,5,0.0,0.0,0.0,0.0,0.0,0.0,0.0,0.0,0.0,0.0,0.0,0.0,0.0,0.0,0.0,0.0,13.699559404025274,14.491700367808974,11.500146830577705,0.01672338376678146,0.4872961798947622,-0.4401830525918945,0.00601865748872626,0.279934622161729,-0.25806220234553684,0.08526352223385898,0.12119692854862688,0.07578479801791138,-13.778562710795132,6.67154354,46.57166,0.0,0.49643999999999994,1.0,2.0,0.99360954958716,0.9726735823893062,0.0,0.0,0.0,0.0,0.0,0.0,0.0,0.0,0.0,0.0,0.0,0.0,0.0,0.0,0.0,0.0,,,,,,,,,,,,,,,,,,,,,,,,,,,,
30.0,50.0,10.0,5,0.0,0.0,0.0,0.0,0.0,0.0,0.0,0.0,0.0,0.0,0.0,0.0,0.0,0.0,0.0,0.0,13.542813065123989,14.481228717238597,10.329963168666419,0.036771498617115914,0.570633910098231,-0.35416152646128785,0.0140803123312256,0.28473788026805674,-0.2202404510549874,0.08786917538503608,0.1512683195332033,0.07589442458371119,17.8648066413432,7.0855128632,68.75726,0.0,0.49416000000000004,1.0,2.0,0.993675501413881,0.9710374129486194,0.0,0.0,0.0,0.0,0.0,0.0,0.0,0.0,0.0,0.0,0.0,0.0,0.0,0.0,0.0,0.0,,,,,,,,,,,,,,,,,,,,,,,,,,,,
30.0,50.0,15.0,5,0.0,0.0,0.0,0.0,0.0,0.0,0.0,0.0,0.0,0.0,0.0,0.0,0.0,0.0,0.0,0.0,13.404899705398268,14.478527061058434,8.470049120429644,0.033438792505904626,0.626488366569032,-0.3564302929942639,0.010759229874745101,0.3650734158301024,-0.21669519687510355,0.09101317792449386,0.23506475636658802,0.07592276463056832,5.001324186182001,7.314588960399999,106.60006000000001,0.0,0.49516,1.2,11.2,0.9936816073680959,0.9658614808482942,0.0,0.0,0.0,0.0,0.0,0.0,0.0,0.0,0.0,0.0,0.0,0.0,0.0,0.0,0.0,0.0,,,,,,,,,,,,,,,,,,,,,,,,,,,,
30.0,50.0,30.0,5,0.0,0.0,0.00368,1.2,0.0,0.0,0.0,0.0,0.0,0.0,0.05512,10.4,0.0,0.0,0.0,0.0,12.32504311519943,14.480977003832612,6.018539086403125,0.09545582054753789,0.7936917579468878,-0.3635616101204616,0.029075237769409602,0.3765998645929297,-0.17359503651375827,0.11910264100474688,0.45233451275000147,0.07589714786380475,-2.7427753797856935,8.575484122,123.411364,0.0,0.49832,1.4,21.2,0.9936879322627803,0.9601998544766065,0.0,18.2,0.0,0.0,0.0,10.4,0.0,0.0,0.2,0.0,0.0,0.0,18.0,0.0,0.0,0.0,5.345296704090398,4.958185091460787,95.0020928187005,78.3977446567516,20.97218596153846,19.83141,103.84435134615384,82.53731,0.4561425,0.0017,26.98076923076923,9.0,21.384615384615383,1.0,0.6249698781385279,0.451519892745539,0.1034559380782578,-0.0081922259068977,0.5623871423705504,0.4424329523771055,0.4807692307692308,0.0,2.0,2.0,-40.00875105142946,-97.86884666439526,135.01084387012995,72.55048630400526
30.0,50.0,45.0,5,0.0,0.0,0.029560000000000003,3.0,0.0,0.0,0.0,0.0,0.0,0.0,0.23988,24.4,0.0,0.0,0.0,0.0,12.056861300357756,14.489726605549638,5.756985728678916,0.10412867052591804,0.7546424842791575,-0.3998998502836855,0.0252961218067738,0.5917556493094768,-0.1859696672972678,0.13045028135302567,0.5507653217544738,0.07580539576292313,-5.790562229679069,8.1091219104,124.88850400000001,6e-06,0.5190400000000001,3.4,50.0,1.1551061919918413,0.9071730343977791,0.0,130.4,0.0,0.0,0.0,33.2,0.0,0.0,0.6,0.0,0.0,0.0,115.4,0.0,0.0,0.0,5.340816574517595,4.7280241408091825,77.53945331770494,26.338157219543753,15.673612107142858,13.999865,107.78162301923078,85.31929500000001,0.3158633928571428,0.01501,25.619505494505496,15.0,23.362362637362637,1.0,0.494727609500489,0.3214351056133993,0.17445381730097256,-0.037546207079831646,0.5930877452389315,0.4444914546466154,0.8285714285714286,0.0,9.753571428571428,2.0,-100.50146440497616,-153.51577705138578,178.04091772268112,-36.392417027565315
30.0,50.0,60.0,5,4e-05,0.2,0.1026,6.8,0.0,0.0,0.0,0.0,0.0,0.0,1.9758,76.0,0.0,0.0,0.0,0.0,11.323461654218798,14.474472116152153,5.2888843612791065,0.23157844295867816,1.0638318548666086,-0.32458476932572156,0.0932728446583069,0.8417481739161776,-0.16492891240567029,0.168458561933057,0.7326448022712012,0.07596521470411106,5.764945553608031,8.641113518000001,126.05991200000001,0.0,0.69472,3.8,50.0,2.2909984074688223,0.8732181187689019,0.2,349.0,0.0,0.0,0.0,131.4,0.0,0.0,1.2,0.0,0.0,0.2,261.2,0.0,0.0,0.0,5.2007577863597545,4.509481347165358,-33.90109046649508,-96.78692007679496,15.303826396945647,11.62372,107.4261787003367,77.95619333333333,0.37997875577200574,0.0025466666666666667,22.44250841750842,12.666666666666666,24.355014430014432,1.3333333333333333,0.9252084791312515,0.6280897424858426,0.551174699454382,0.20061380382584074,0.6448336678678989,0.4439719752608727,2.5261784511784513,0.6666666666666666,21.541402116402114,10.333333333333334,-16.54032369353027,-124.22913158841077,-17.36076677296481,-197.80550086136682
30.0,75.0,0.0,5,0.0,0.0,0.0,0.0,0.0,0.0,0.0,0.0,0.0,0.0,0.0,0.0,0.0,0.0,0.0,0.0,13.964001823632296,14.48613781446456,12.514021313615578,-0.0024276789029328404,0.3543659532676005,-0.37449370641967683,-0.0012771523585434603,0.22821759035892053,-0.234502462902407,0.08176224643862522,0.10184875119849643,0.07584300437293974,4.514029761193064,5.300596801199999,31.219636,0.0,0.49404000000000003,1.0,2.0,0.9936812227336105,0.9692289434241369,0.0,0.0,0.0,0.0,0.0,0.0,0.0,0.0,0.0,0.0,0.0,0.0,0.0,0.0,0.0,0.0,,,,,,,,,,,,,,,,,,,,,,,,,,,,
30.0,75.0,0.5,5,0.0,0.0,0.0,0.0,0.0,0.0,0.0,0.0,0.0,0.0,0.0,0.0,0.0,0.0,0.0,0.0,13.98099489390224,14.485959396968724,12.56815967306829,-0.008385141829052239,0.3820606018282383,-0.3538528096850865,-0.00408030128124362,0.21851415805070143,-0.22368930108530086,0.08155737526925319,0.10079291336212837,0.07584483651376668,2.3601993126099314,5.2788718936,30.980454,0.0,0.49576000000000003,1.0,2.0,0.9935716932366023,0.9713787621930828,0.0,0.0,0.0,0.0,0.0,0.0,0.0,0.0,0.0,0.0,0.0,0.0,0.0,0.0,0.0,0.0,,,,,,,,,,,,,,,,,,,,,,,,,,,,
30.0,75.0,1.0,5,0.0,0.0,0.0,0.0,0.0,0.0,0.0,0.0,0.0,0.0,0.0,0.0,0.0,0.0,0.0,0.0,13.99087089402976,14.482509207408594,12.712247126224767,-0.0012201778580692801,0.3914795918761119,-0.353656682677628,-0.0009007012390688998,0.22443580251077294,-0.21956775962557754,0.08143030975704507,0.0985711083636143,0.07588101114029863,-25.60051950096795,5.2766809968,31.60172,0.0,0.49567999999999995,1.0,2.0,0.9936303343077227,0.9716762049210471,0.0,0.0,0.0,0.0,0.0,0.0,0.0,0.0,0.0,0.0,0.0,0.0,0.0,0.0,0.0,0.0,,,,,,,,,,,,,,,,,,,,,,,,,,,,
30.0,75.0,2.0,5,0.0,0.0,0.0,0.0,0.0,0.0,0.0,0.0,0.0,0.0,0.0,0.0,0.0,0.0,0.0,0.0,13.96823374353824,14.485129257009337,12.364969184974965,0.013566605079158462,0.37209433026064254,-0.36362322093713756,0.005833982044980939,0.22750114936346888,-0.24182886819739471,0.08172149157384909,0.1043817362717728,0.07585349611734872,-12.714017307889478,5.2994031692,29.945574,0.0,0.49984,1.0,2.0,0.9936436238591762,0.9690568243796711,0.0,0.0,0.0,0.0,0.0,0.0,0.0,0.0,0.0,0.0,0.0,0.0,0.0,0.0,0.0,0.0,,,,,,,,,,,,,,,,,,,,,,,,,,,,
30.0,75.0,5.0,5,0.0,0.0,0.0,0.0,0.0,0.0,0.0,0.0,0.0,0.0,0.0,0.0,0.0,0.0,0.0,0.0,13.942379230481654,14.488302398392273,12.134436591682704,0.00517326485304854,0.3767637180151663,-0.331708577362948,0.001182612971378421,0.2277507764133991,-0.20838394324905699,0.08208904777205968,0.1093974532064097,0.07582072145541434,-19.393504045979245,5.362454381600001,35.386278000000004,0.0,0.49800000000000005,1.0,2.0,0.9936195282803919,0.9707409140111543,0.0,0.0,0.0,0.0,0.0,0.0,0.0,0.0,0.0,0.0,0.0,0.0,0.0,0.0,0.0,0.0,,,,,,,,,,,,,,,,,,,,,,,,,,,,
30.0,75.0,10.0,5,0.0,0.0,0.0,0.0,0.0,0.0,0.0,0.0,0.0,0.0,0.0,0.0,0.0,0.0,0.0,0.0,13.864800542286355,14.479782420576381,11.569285196688162,0.007733251953147301,0.47565559318058187,-0.338102743717143,0.0010011789443996203,0.2256171612194972,-0.20116984001801913,0.08313210754342745,0.12135856311804374,0.07590989294685649,-47.700041132792954,5.592919816,44.470240000000004,0.0,0.49448,1.0,2.0,0.9937018651180225,0.9693660961066488,0.0,0.0,0.0,0.0,0.0,0.0,0.0,0.0,0.0,0.0,0.0,0.0,0.0,0.0,0.0,0.0,,,,,,,,,,,,,,,,,,,,,,,,,,,,
30.0,75.0,15.0,5,0.0,0.0,0.0,0.0,0.0,0.0,0.0,0.0,0.0,0.0,0.0,0.0,0.0,0.0,0.0,0.0,13.724325208419993,14.486748928915508,9.98075395494058,0.0227393191739166,0.543627129604771,-0.2764299940727481,0.006465666533891261,0.24488141032718747,-0.16664315447827133,0.08567007248959763,0.16359794656224944,0.0758367805596087,-0.603640909403967,5.9441384076,72.87039399999999,0.0,0.49908,1.0,2.0,0.9935862023309884,0.970532208281664,0.0,0.0,0.0,0.0,0.0,0.0,0.0,0.0,0.0,0.0,0.0,0.0,0.0,0.0,0.0,0.0,,,,,,,,,,,,,,,,,,,,,,,,,,,,
30.0,75.0,30.0,5,0.0,0.0,0.00015999999999999999,0.4,0.0,0.0,0.0,0.0,0.0,0.0,0.0,0.0,0.0,0.0,0.0,0.0,12.88886576217042,14.483102648660747,7.344104067761384,0.06522035162351318,0.6550311574206145,-0.3345178994193637,0.01922510269371266,0.2914208154419192,-0.15083060297770387,0.10330693698211227,0.3040313726561872,0.07587487082956539,-2.3893787236800246,7.1939981368,117.58997400000001,0.0,0.49688,1.0,2.0,0.9937124144539478,0.9708832716988404,0.0,0.8,0.0,0.0,0.0,0.0,0.0,0.0,0.0,0.0,0.0,0.0,0.8,0.0,0.0,0.0,,,,,,,,,,,,,,,,,,,,,,,,,,,,
30.0,75.0,45.0,5,0.0,0.0,0.00396,1.4,0.0,0.0,0.0,0.0,0.0,0.0,0.09892000000000001,19.4,0.0,0.0,0.0,0.0,12.607573962524,14.490891728053253,6.06827004546208,0.06746635755597871,0.6484480217115969,-0.3561909438689946,0.00982566285085928,0.4514538317123534,-0.1723045272065009,0.1159536034945362,0.4540607988408592,0.0757935836011562,-12.4951964446417,6.817152246400001,123.424686,0.0,0.49540000000000006,2.0,30.8,1.0329206412499037,0.9455823515646946,0.0,19.4,0.0,0.0,0.0,19.4,0.0,0.0,0.4,0.0,0.0,0.0,19.0,0.0,0.0,0.0,5.547232090576635,5.255068722133972,58.362758993055095,38.11552193082708,14.85741079385965,14.162605,98.25332044298247,75.558125,0.3004134758771929,0.007015,25.42105263157895,16.0,23.513815789473686,2.0,0.49621466588313795,0.35444568789614667,0.15905652685257735,-0.0005460503309050501,0.5229138590562588,0.44543084222112106,0.555921052631579,0.0,6.078947368421052,2.0,-59.999961289015246,-154.0519466544276,118.36272028207037,-19.134435834959532
30.0,75.0,60.0,5,0.0,0.0,0.03212,3.0,0.0,0.0,0.0,0.0,0.0,0.0,1.18216,67.0,0.0,0.0,0.0,0.0,11.583738218025033,14.49029354842522,5.484921306662846,0.20519673640221953,1.046393764179916,-0.3180829312908949,0.04601475901986547,0.6211183628927353,-0.161233496596406,0.15551189847948504,0.5517032985460126,0.07579968914516608,7.6756717379331265,7.511789688,124.820812,0.0,0.5774799999999999,3.4,50.0,1.3627033750276136,0.9000158844049443,0.0,139.2,0.0,0.0,0.0,137.6,0.0,0.0,1.8,0.0,0.0,0.0,119.8,0.0,0.0,0.0,5.570407826866262,5.189583588379523,9.27602006523591,-50.65638968777276,13.982850467476055,11.686337499999999,105.80087117983311,77.54983250000001,0.3106585026683516,0.0034625,27.622987630743964,11.25,22.940981336736307,1.0,0.8694787639570895,0.7102141122404608,0.1308512715399287,-0.09412344862744243,0.5183329820280554,0.4427182091497861,0.9406000660655219,0.0,10.227859092977399,2.0,-37.71162491021185,-96.11093976342345,46.987644975447765,-1.9157781854272375
30.0,100.0,0.0,5,0.0,0.0,0.0,0.0,0.0,0.0,0.0,0.0,0.0,0.0,0.0,0.0,0.0,0.0,0.0,0.0,14.051139957824955,14.476827060361648,12.652068753523995,-0.00964376381045724,0.33606463905911593,-0.32499396815612,-0.004799617032005821,0.20285122012293605,-0.20061315577730127,0.08072236272676729,0.09985827632965158,0.07594083473183524,-26.238682475373167,4.6101467916,26.97165,0.0,0.49695999999999996,1.0,2.0,0.9935866910361908,0.9715441168972504,0.0,0.0,0.0,0.0,0.0,0.0,0.0,0.0,0.0,0.0,0.0,0.0,0.0,0.0,0.0,0.0,,,,,,,,,,,,,,,,,,,,,,,,,,,,
30.0,100.0,0.5,5,0.0,0.0,0.0,0.0,0.0,0.0,0.0,0.0,0.0,0.0,0.0,0.0,0.0,0.0,0.0,0.0,14.095489234879846,14.476332353151411,13.209224807296838,0.007265167387270422,0.30713682738813475,-0.3039209473394216,0.00354844025593802,0.1867545259382376,-0.1768296059937659,0.0801654025341628,0.09124937515434027,0.07594585930111827,-37.29603908087138,4.592689082,28.503292,0.0,0.5072399999999999,1.0,2.0,0.9936909962079191,0.9709204083514891,0.0,0.0,0.0,0.0,0.0,0.0,0.0,0.0,0.0,0.0,0.0,0.0,0.0,0.0,0.0,0.0,,,,,,,,,,,,,,,,,,,,,,,,,,,,
30.0,100.0,1.0,5,0.0,0.0,0.0,0.0,0.0,0.0,0.0,0.0,0.0,0.0,0.0,0.0,0.0,0.0,0.0,0.0,14.073845297724494,14.478398170529834,12.922530911642161,0.00642453410598916,0.3464857076127688,-0.33384131883304013,0.00269219412297862,0.21061653495732147,-0.1953835104793657,0.08045032649417579,0.0955886282575156,0.07592433619892593,-24.913925260038877,4.5980785284,26.840746000000003,0.0,0.49728000000000006,1.0,2.0,0.9936574853093865,0.9715379709955814,0.0,0.0,0.0,0.0,0.0,0.0,0.0,0.0,0.0,0.0,0.0,0.0,0.0,0.0,0.0,0.0,,,,,,,,,,,,,,,,,,,,,,,,,,,,
30.0,100.0,2.0,5,0.0,0.0,0.0,0.0,0.0,0.0,0.0,0.0,0.0,0.0,0.0,0.0,0.0,0.0,0.0,0.0,14.074743926570832,14.482711123959007,12.766291445845564,0.01380554227466688,0.33323136649805607,-0.318422060262452,0.006791828890205879,0.20606118913671212,-0.1850565418900957,0.08044893657199678,0.0980915896227698,0.07587881899608989,-21.173493839595427,4.616298715200001,27.472572000000003,0.0,0.49727999999999994,1.0,2.0,0.9935702156449207,0.9718951031844151,0.0,0.0,0.0,0.0,0.0,0.0,0.0,0.0,0.0,0.0,0.0,0.0,0.0,0.0,0.0,0.0,,,,,,,,,,,,,,,,,,,,,,,,,,,,
30.0,100.0,5.0,5,0.0,0.0,0.0,0.0,0.0,0.0,0.0,0.0,0.0,0.0,0.0,0.0,0.0,0.0,0.0,0.0,14.065003556480956,14.486614657805353,12.206507216389321,0.0014655685719268997,0.4387227034823441,-0.29707727610652085,-0.0004979637405778403,0.24236055917815005,-0.1930348985837227,0.08061855866965542,0.10806937248376977,0.07583807058181999,5.241522241469041,4.617753014,28.883702,0.0,0.4946400000000001,1.0,2.0,0.9935540137201834,0.9694772889413384,0.0,0.0,0.0,0.0,0.0,0.0,0.0,0.0,0.0,0.0,0.0,0.0,0.0,0.0,0.0,0.0,,,,,,,,,,,,,,,,,,,,,,,,,,,,
30.0,100.0,10.0,5,0.0,0.0,0.0,0.0,0.0,0.0,0.0,0.0,0.0,0.0,0.0,0.0,0.0,0.0,0.0,0.0,13.955375620651889,14.482018349242036,11.582255553423279,0.028015487988384817,0.40866056902734754,-0.2656345988355112,0.01109054443125552,0.2387418293739662,-0.1780722363493005,0.08214846987529367,0.12074147798523775,0.07588626989384778,-7.666003374690004,4.8928095404,39.885448,0.0,0.50676,1.0,2.0,0.9935620741174777,0.9703541109477118,0.0,0.0,0.0,0.0,0.0,0.0,0.0,0.0,0.0,0.0,0.0,0.0,0.0,0.0,0.0,0.0,,,,,,,,,,,,,,,,,,,,,,,,,,,,
30.0,100.0,15.0,5,0.0,0.0,0.0,0.0,0.0,0.0,0.0,0.0,0.0,0.0,0.0,0.0,0.0,0.0,0.0,0.0,13.868957689782615,14.488773740868307,10.37455664968008,0.019196661572883238,0.4741730299256582,-0.2579199031090038,0.00585018816490176,0.2377525204409948,-0.17094452402984422,0.08347500253818077,0.14995608955405548,0.075815441585592,-16.93589011408917,5.0519673968,63.175274,0.0,0.49535999999999997,1.0,2.0,0.9937041527999326,0.9696399766983278,0.0,0.0,0.0,0.0,0.0,0.0,0.0,0.0,0.0,0.0,0.0,0.0,0.0,0.0,0.0,0.0,,,,,,,,,,,,,,,,,,,,,,,,,,,,
30.0,100.0,30.0,5,0.0,0.0,0.0,0.0,0.0,0.0,0.0,0.0,0.0,0.0,0.0,0.0,0.0,0.0,0.0,0.0,13.471157857784153,14.475104743004227,7.649504717099509,0.0301663212576407,0.6455163214752464,-0.30841187973765966,0.00555932009416334,0.2992788418756549,-0.15759974902136722,0.09162968595430457,0.27701044667165786,0.0759586361978891,13.657248415757536,5.7721179747999996,100.955224,0.0,0.49660000000000004,1.0,11.4,0.9936558343230949,0.9700234948741959,0.0,0.0,0.0,0.0,0.0,0.0,0.0,0.0,0.0,0.0,0.0,0.0,0.0,0.0,0.0,0.0,,,,,,,,,,,,,,,,,,,,,,,,,,,,
30.0,100.0,45.0,5,0.0,0.0,0.00028,0.8,0.0,0.0,0.0,0.0,0.0,0.0,0.05304,10.2,0.0,0.0,0.0,0.0,12.748834103091529,14.489513731200285,6.804286163534785,0.05951284370707044,0.7165259275183209,-0.32462857039622983,0.0065095745877475795,0.3543912923467746,-0.15958592536469873,0.11101012164059258,0.3630360253790507,0.07580780090660642,4.927756818866442,6.108721300800001,120.804744,0.0,0.49344,1.6,30.6,0.9936399706612956,0.9575436213777987,0.0,1.4,0.0,0.0,0.0,10.2,0.0,0.0,0.2,0.0,0.0,0.0,1.4,0.0,0.0,0.0,5.503162531351267,5.216088806205663,51.022728450891734,7.635181189468216,15.409572352941174,14.37671,89.02173274509803,74.82728,0.284335294117647,0.00203,25.980392156862745,13.0,24.686274509803923,1.0,0.5099273674930455,0.3790906477033176,0.1776681149006961,-0.0104372230601911,0.5282766879819583,0.4421015505366535,0.5294117647058824,0.0,5.666666666666667,2.0,-125.40341925161192,-148.4824107466577,176.42614770250364,124.9432342225094
30.0,100.0,60.0,5,0.0,0.0,0.00584,1.8,0.0,0.0,0.0,0.0,0.0,0.0,0.6456,38.8,0.0,0.0,0.0,0.0,12.224152580016703,14.488912222780053,5.816266087987659,0.1338987351448441,0.8859200544247786,-0.3277692548015404,0.025342479073669617,0.5929502957531458,-0.15415516156587825,0.13343611097357774,0.5094929613485263,0.07581405624835866,-4.346544830701492,6.4423272936,123.3561,0.0,0.54684,3.4,50.0,1.3836376496132536,0.9032253287273635,0.0,26.4,0.0,0.0,0.0,51.8,0.0,0.0,0.6,0.0,0.0,0.0,24.0,0.0,0.0,0.0,5.5237676493490735,5.033689346764037,-63.98118734592237,-138.1767330839038,14.235283620087339,11.41691,97.55255598981077,72.442485,0.27432767831149923,0.00378,27.482387190684136,13.5,24.53311499272198,1.5,0.8108266280003404,0.5996729994209105,0.23768968604274582,-0.0842805470970476,0.5390488582530992,0.44612559279877956,1.3157205240174672,0.0,13.436681222707424,2.0,-88.06613401689148,-174.74456194906554,24.084946670969103,-131.4939576036463
30.0,200.0,0.0,5,0.0,0.0,0.0,0.0,0.0,0.0,0.0,0.0,0.0,0.0,0.0,0.0,0.0,0.0,0.0,0.0,14.258417280872763,14.49845464430166,13.58823347489934,0.0124342240720248,0.2353437054575053,-0.2072235148114377,0.00605216940453542,0.14682424366721855,-0.1294104710235202,0.07830520933765713,0.08622644355840084,0.07571418409230637,-21.641245934472284,3.2388703384000004,19.098556,0.0,0.4968,1.0,2.0,0.9936612199204058,0.9717289751853982,0.0,0.0,0.0,0.0,0.0,0.0,0.0,0.0,0.0,0.0,0.0,0.0,0.0,0.0,0.0,0.0,,,,,,,,,,,,,,,,,,,,,,,,,,,,
30.0,200.0,0.5,5,0.0,0.0,0.0,0.0,0.0,0.0,0.0,0.0,0.0,0.0,0.0,0.0,0.0,0.0,0.0,0.0,14.246833816055062,14.491993010622048,13.55986088952022,0.0054038382388857595,0.2537285314100533,-0.23569072698441626,0.0024724611724052793,0.15425276672561672,-0.12985876640534683,0.0784355643267018,0.08658210427034538,0.0757817912225815,14.981826357912462,3.2500795552,20.2977,0.0,0.4999199999999999,1.0,2.0,0.993683535334419,0.9705754415384945,0.0,0.0,0.0,0.0,0.0,0.0,0.0,0.0,0.0,0.0,0.0,0.0,0.0,0.0,0.0,0.0,,,,,,,,,,,,,,,,,,,,,,,,,,,,
30.0,200.0,1.0,5,0.0,0.0,0.0,0.0,0.0,0.0,0.0,0.0,0.0,0.0,0.0,0.0,0.0,0.0,0.0,0.0,14.254575876936343,14.484862183955732,13.652554981638502,-0.00221275776788778,0.22403051575298508,-0.2312629722721839,-0.0014168369190854797,0.1378875686115112,-0.13597317360177558,0.07834715137617292,0.0854135249223888,0.07585631910733656,-43.870268479489795,3.248116708,18.877836000000002,0.0,0.49559999999999993,1.0,2.0,0.9936221727787702,0.9701390900509086,0.0,0.0,0.0,0.0,0.0,0.0,0.0,0.0,0.0,0.0,0.0,0.0,0.0,0.0,0.0,0.0,,,,,,,,,,,,,,,,,,,,,,,,,,,,
30.0,200.0,2.0,5,0.0,0.0,0.0,0.0,0.0,0.0,0.0,0.0,0.0,0.0,0.0,0.0,0.0,0.0,0.0,0.0,14.269461013268089,14.48329429169517,13.84976613686695,-0.0003923249483176202,0.20914696147994905,-0.2067646491911387,-0.0006941565117495999,0.1273780202162558,-0.12529202864855374,0.0781763284041817,0.08299070673289011,0.07587287400997768,-35.861646615298966,3.2330894971999995,18.987609999999997,0.0,0.49512,1.0,2.0,0.9936995635987669,0.9688853563512438,0.0,0.0,0.0,0.0,0.0,0.0,0.0,0.0,0.0,0.0,0.0,0.0,0.0,0.0,0.0,0.0,,,,,,,,,,,,,,,,,,,,,,,,,,,,
30.0,200.0,5.0,5,0.0,0.0,0.0,0.0,0.0,0.0,0.0,0.0,0.0,0.0,0.0,0.0,0.0,0.0,0.0,0.0,14.255333756797949,14.50094825299393,13.590159231562842,0.005999915426989021,0.22926854621625242,-0.20409034798682218,0.0021908365181372,0.14387763730198236,-0.14335797880345708,0.07834376206567868,0.0862550611782094,0.07568819476029175,-53.50601416393731,3.2478363623999997,19.789551999999997,0.0,0.4998,1.0,2.0,0.9934904278267703,0.9701199890550102,0.0,0.0,0.0,0.0,0.0,0.0,0.0,0.0,0.0,0.0,0.0,0.0,0.0,0.0,0.0,0.0,,,,,,,,,,,,,,,,,,,,,,,,,,,,
30.0,200.0,10.0,5,0.0,0.0,0.0,0.0,0.0,0.0,0.0,0.0,0.0,0.0,0.0,0.0,0.0,0.0,0.0,0.0,14.238995999626258,14.48856298602617,13.51066314431684,-0.00711725935216148,0.2185814202772348,-0.23849785966490106,-0.00456989973849216,0.1336370521942128,-0.14072013881758552,0.07852767603513382,0.08734266792631522,0.07581765140203155,4.129364090672054,3.2803972348,21.169161999999996,0.0,0.49795999999999996,1.0,2.0,0.9936322177240484,0.971013729042338,0.0,0.0,0.0,0.0,0.0,0.0,0.0,0.0,0.0,0.0,0.0,0.0,0.0,0.0,0.0,0.0,,,,,,,,,,,,,,,,,,,,,,,,,,,,
30.0,200.0,15.0,5,0.0,0.0,0.0,0.0,0.0,0.0,0.0,0.0,0.0,0.0,0.0,0.0,0.0,0.0,0.0,0.0,14.15716269520895,14.497223483356313,12.460332865915339,0.01702639724506071,0.3412826461863988,-0.2017301417840469,0.006337520642682279,0.16326508726760783,-0.1241892930472569,0.07954944271809024,0.10296777660879494,0.07572716586237446,-37.556195850892045,3.4735754968,31.288278000000002,0.0,0.50096,1.0,2.0,0.9936046259208624,0.9690258422662528,0.0,0.0,0.0,0.0,0.0,0.0,0.0,0.0,0.0,0.0,0.0,0.0,0.0,0.0,0.0,0.0,,,,,,,,,,,,,,,,,,,,,,,,,,,,
30.0,200.0,30.0,5,0.0,0.0,0.0,0.0,0.0,0.0,0.0,0.0,0.0,0.0,0.0,0.0,0.0,0.0,0.0,0.0,13.884134066454129,14.494451346365405,8.900937045797729,0.018753315379279278,0.4517748519260946,-0.2513486478954724,0.0034739052292662802,0.20854642973811804,-0.12274331063985722,0.08395363216466309,0.20892333740791774,0.07575597026496372,-28.58870465920095,3.9492610412000007,65.853212,0.0,0.49467999999999995,1.0,2.0,0.9936752313333665,0.9710704254818279,0.0,0.0,0.0,0.0,0.0,0.0,0.0,0.0,0.0,0.0,0.0,0.0,0.0,0.0,0.0,0.0,,,,,,,,,,,,,,,,,,,,,,,,,,,,
30.0,200.0,45.0,5,0.0,0.0,0.0,0.0,0.0,0.0,0.0,0.0,0.0,0.0,0.0,0.0,0.0,0.0,0.0,0.0,13.594871900260008,14.484873623353371,8.332611908577377,0.01833469713137882,0.5003822812103236,-0.2686131118463072,-0.0018969324341669002,0.17253255095550862,-0.1307302770254531,0.08994110600356184,0.23359428215203662,0.07585626667155716,12.588669133695566,4.3005538136,82.04534199999999,0.0,0.49748000000000003,1.0,2.0,0.9936673267620485,0.9722002076352773,0.0,0.0,0.0,0.0,0.0,0.0,0.0,0.0,0.0,0.0,0.0,0.0,0.0,0.0,0.0,0.0,,,,,,,,,,,,,,,,,,,,,,,,,,,,
30.0,200.0,60.0,5,0.0,0.0,4e-05,0.2,0.0,0.0,0.0,0.0,0.0,0.0,0.0048000000000000004,3.0,0.0,0.0,0.0,0.0,13.11726785269596,14.487583214145422,6.686684379408412,0.05970616803520594,0.7586120801277655,-0.2915353956079273,-0.0013896923707136398,0.3969767273617904,-0.14011620143316575,0.1057069005343668,0.36067832891821083,0.0758277743283991,-1.3070890672819147,4.6146472231999995,98.61401399999998,0.0,0.5027600000000001,2.4,40.4,1.0148525212177664,0.931721472669625,0.0,0.2,0.0,0.0,0.0,3.0,0.0,0.0,0.2,0.0,0.0,0.0,0.2,0.0,0.0,0.0,5.975096284934065,5.947057326274903,103.84098070209004,96.91294163753297,11.55268466666667,11.15609,65.699192,59.14158,0.2142986666666666,0.01033,35.8,35.0,24.466666666666665,2.0,0.8196733869423928,0.7882326172013828,-0.0389463220772108,-0.0661775880829219,0.4457975125329491,0.4427207139278535,0.3333333333333333,0.0,2.0,2.0,38.92340000135146,36.28759709797322,64.91758070073858,54.17398390667048
30.0,300.0,0.0,5,0.0,0.0,0.0,0.0,0.0,0.0,0.0,0.0,0.0,0.0,0.0,0.0,0.0,0.0,0.0,0.0,14.316419826027907,14.49080034199535,13.968315493162498,0.00457843646898618,0.19531931681668674,-0.17803230298030798,0.0021469334895139395,0.12254965010780557,-0.10599259576058709,0.07765955335666443,0.08157392448140138,0.07579425736299206,-13.428036770921215,2.6520221887999997,14.872998,0.0,0.49752,1.0,2.0,0.9936008368201412,0.9699750121976202,0.0,0.0,0.0,0.0,0.0,0.0,0.0,0.0,0.0,0.0,0.0,0.0,0.0,0.0,0.0,0.0,,,,,,,,,,,,,,,,,,,,,,,,,,,,
30.0,300.0,0.5,5,0.0,0.0,0.0,0.0,0.0,0.0,0.0,0.0,0.0,0.0,0.0,0.0,0.0,0.0,0.0,0.0,14.31219642053268,14.501399220172857,13.953678621256381,0.0027979215968084803,0.16880715330456184,-0.1912900589299503,0.0015525289172467,0.10970031332315558,-0.11115164395142507,0.07770548703843341,0.08175346552723968,0.07568342763832055,-36.891065859229435,2.6564876204,16.194204,0.0,0.49424,1.0,2.0,0.993606498552982,0.9696209957083084,0.0,0.0,0.0,0.0,0.0,0.0,0.0,0.0,0.0,0.0,0.0,0.0,0.0,0.0,0.0,0.0,,,,,,,,,,,,,,,,,,,,,,,,,,,,
30.0,300.0,1.0,5,0.0,0.0,0.0,0.0,0.0,0.0,0.0,0.0,0.0,0.0,0.0,0.0,0.0,0.0,0.0,0.0,14.313004030432518,14.486952709482892,13.811669671906824,0.0033163538020542574,0.19122965248395452,-0.22162915883877288,0.0017744347181762603,0.11593299352481048,-0.1329225095403303,0.07769931195870108,0.0834686150914801,0.0758346713548882,-25.708948085421913,2.6524221728,15.937214,0.0,0.49676,1.0,2.0,0.9935996660360296,0.9700950548342584,0.0,0.0,0.0,0.0,0.0,0.0,0.0,0.0,0.0,0.0,0.0,0.0,0.0,0.0,0.0,0.0,,,,,,,,,,,,,,,,,,,,,,,,,,,,
30.0,300.0,2.0,5,0.0,0.0,0.0,0.0,0.0,0.0,0.0,0.0,0.0,0.0,0.0,0.0,0.0,0.0,0.0,0.0,14.308680276191458,14.49276021524928,13.885806811132372,0.008137524348928041,0.20447997410076874,-0.18582882157104472,0.00384038882201244,0.11791192164278667,-0.11688961628950842,0.07774587374814632,0.0825554225658823,0.07577412024455252,-42.02519120659033,2.65831294,15.753108000000001,0.0,0.49416000000000004,1.0,2.0,0.993583000207851,0.970928634386914,0.0,0.0,0.0,0.0,0.0,0.0,0.0,0.0,0.0,0.0,0.0,0.0,0.0,0.0,0.0,0.0,,,,,,,,,,,,,,,,,,,,,,,,,,,,
30.0,300.0,5.0,5,0.0,0.0,0.0,0.0,0.0,0.0,0.0,0.0,0.0,0.0,0.0,0.0,0.0,0.0,0.0,0.0,14.312935772595745,14.496439001456867,13.933540559046312,-0.0036794145590368205,0.1888813309430395,-0.19032791826240503,-0.0025525074788580403,0.1136840346864072,-0.11642191551819163,0.07769902308880568,0.08199985568522995,0.07573581925739321,-60.902608260875716,2.6600362295999997,15.985248000000002,0.0,0.50404,1.0,2.0,0.9935914259549312,0.9694036079267951,0.0,0.0,0.0,0.0,0.0,0.0,0.0,0.0,0.0,0.0,0.0,0.0,0.0,0.0,0.0,0.0,,,,,,,,,,,,,,,,,,,,,,,,,,,,
30.0,300.0,10.0,5,0.0,0.0,0.0,0.0,0.0,0.0,0.0,0.0,0.0,0.0,0.0,0.0,0.0,0.0,0.0,0.0,14.317062879587507,14.493548403637377,13.718711616240842,0.000356586262703173,0.19581499661137455,-0.18175212466067833,-0.0004594300657559,0.11872734197619059,-0.10527088844373607,0.07765648731309374,0.08460661341841047,0.07576540489147646,-63.732144321465526,2.6551272295999997,15.436218000000002,0.0,0.49032,1.0,2.0,0.9935775437630763,0.9685459603595297,0.0,0.0,0.0,0.0,0.0,0.0,0.0,0.0,0.0,0.0,0.0,0.0,0.0,0.0,0.0,0.0,,,,,,,,,,,,,,,,,,,,,,,,,,,,
30.0,300.0,15.0,5,0.0,0.0,0.0,0.0,0.0,0.0,0.0,0.0,0.0,0.0,0.0,0.0,0.0,0.0,0.0,0.0,14.278736079581986,14.489127163823323,13.45247206573381,0.00733307038163276,0.23446271911001984,-0.1909188861035044,0.0024184183353774106,0.11361507912678907,-0.11757930642327079,0.0780907204874928,0.08799727122986856,0.07581179349887415,-36.0059392271198,2.7318668524,18.852716,0.0,0.49815999999999994,1.0,2.0,0.9935309538507443,0.970103874810645,0.0,0.0,0.0,0.0,0.0,0.0,0.0,0.0,0.0,0.0,0.0,0.0,0.0,0.0,0.0,0.0,,,,,,,,,,,,,,,,,,,,,,,,,,,,
30.0,300.0,30.0,5,0.0,0.0,0.0,0.0,0.0,0.0,0.0,0.0,0.0,0.0,0.0,0.0,0.0,0.0,0.0,0.0,14.117356630150477,14.490361865797244,11.939611014848523,0.016126053501414758,0.3746450639377947,-0.1835509112779376,0.0042619484242631,0.13008979057113795,-0.0907312882404319,0.08012907153417657,0.11178306453303659,0.07579878498795238,-9.614111738124784,3.12410979,41.216300000000004,0.0,0.49532,1.0,2.0,0.9936522064347552,0.9723454445595623,0.0,0.0,0.0,0.0,0.0,0.0,0.0,0.0,0.0,0.0,0.0,0.0,0.0,0.0,0.0,0.0,,,,,,,,,,,,,,,,,,,,,,,,,,,,
30.0,300.0,45.0,5,0.0,0.0,0.0,0.0,0.0,0.0,0.0,0.0,0.0,0.0,0.0,0.0,0.0,0.0,0.0,0.0,13.698057789916465,14.500623899608835,8.242471483088334,0.023423536482891957,0.5114781717628558,-0.2554685365850388,0.0011707940280158,0.18150842819046945,-0.11864608224912036,0.08822306755017516,0.2412847752106484,0.07569148910641461,2.259203293175664,3.6451244152,65.55626000000001,0.0,0.49616,1.0,2.0,0.9937257893260325,0.9701758432144836,0.0,0.0,0.0,0.0,0.0,0.0,0.0,0.0,0.0,0.0,0.0,0.0,0.0,0.0,0.0,0.0,,,,,,,,,,,,,,,,,,,,,,,,,,,,
30.0,300.0,60.0,5,0.0,0.0,0.0,0.0,0.0,0.0,0.0,0.0,0.0,0.0,0.0732,12.0,0.0,0.0,0.0,0.0,13.180520416026898,14.501133814723033,6.471778871576748,0.0603146224068126,0.7934265309264468,-0.26365330759479527,0.0024806678248757,0.44313681034493646,-0.13992149957544786,0.10385722566153892,0.39696277870386953,0.07568621757057964,-17.712618445948866,4.082530972,74.993018,0.0,0.5079600000000001,2.6,40.4,1.0139699773678599,0.9178963381347952,0.0,0.0,0.0,0.0,0.0,12.0,0.0,0.0,0.2,0.0,0.0,0.0,0.0,0.0,0.0,0.0,5.5005823664383255,5.178134491426424,-59.91881360800912,-84.2774690576371,10.750464499999998,9.4164,60.0860375,48.8806,0.1844611666666666,0.00186,36.43333333333333,33.0,20.616666666666667,1.0,0.8895859004700413,0.8199068483209746,-0.0246832120316756,-0.0686054865753904,0.529230757203059,0.4437137027106709,0.4666666666666667,0.0,2.0,2.0,-99.66788943879436,-117.2579465404286,39.74907583078524,18.618295313512803
40.0,5.0,0.0,5,845.8836800000001,2072.2,441.08995999999996,1008.2,390.84976,984.0,391.83496,986.0,825.35364,1941.8,860.5786,2134.4,0.016239999999999997,5.6,0.01104,4.6,6.42067031818118,14.48098092032286,2.6283307192819665,0.11075389908471393,2.5191150325226763,-2.641930562383693,0.12661025151194982,2.3122847943081934,-2.3241862701354252,1.1120522273388946,2.3069045166862496,0.07589718011358779,-2.2867183578647436,25.1542607344,129.200054,0.00028,2.31604,5.0,35.4,2.581228943614716,0.8362163661641018,2322.4,2058.8,984.0,986.0,1950.4,2535.6,5.6,4.6,6.0,0.2,0.2,61.0,101.0,0.4,0.4,2.0,3.4902710162710164,2.6283307192819665,4.985781737835328,-179.7691475999231,28.532309880761108,20.21501,113.04523119544618,65.98193599999999,2.0768894788154997,0.00086,8.759636356210619,1.0,34.11759383237033,4.0,0.25035456748022283,-1.8626961066838632,0.23673200540335254,-1.6675326495974407,1.6453641257374436,0.44345074178912514,3.042869610883778,0.8,9.26222718889368,2.6,-3.697974967529723,-179.83049429526224,8.683756705365052,-331.69558402952435
40.0,5.0,0.5,5,1139.5197199999998,3119.0,13.145679999999999,115.8,447.3634,945.8,448.87812,947.4,1108.84184,3072.6,1157.5557199999998,3147.8,657.1724,2119.4,653.921,2113.6,5.097341573568058,14.480503152448241,2.591252973440894,-0.8918764470598213,2.26257209877408,-3.1422917184021966,-0.8440333392029753,2.0084125520821354,-2.933199527877015,1.555334326371883,2.3702925945109845,0.07590207224521482,-4.768515504168318,26.266502123199995,128.63763000000003,0.000292,3.28316,5.0,45.2,2.0525137691944124,0.8177005869685949,3271.2,2949.8,945.8,947.4,3084.2,3404.2,2119.4,2113.6,3.8,0.8,0.8,24.4,184.8,0.2,0.2,1.6,2.834879667315915,2.591252973440894,0.08900670737133967,-179.9036563157438,28.691795409908273,21.299854,120.11570940988273,63.914946,2.9846710865621304,0.00061,2.7825806042761756,1.0,40.447268322045645,4.0,-1.7729023634794803,-2.620402886306867,-1.669729854025146,-2.3744158918854033,2.1507653022670103,0.4454382441886997,4.431628966723716,0.6,6.665716871180092,2.8,-2.7618288152439185,-179.81224356152643,2.850835522615258,-336.3699618464347
40.0,5.0,1.0,5,1225.32736,3350.2,680.20844,1725.2,491.52712,1394.4,494.01156000000003,1398.0,1205.6656400000002,3321.6,1288.4976000000001,3431.0,41.5008,288.0,40.8694,285.8,4.664269390599161,14.48037872008912,2.5894137873930068,0.856252937516695,3.0897086264793443,-2.4480943105945685,0.8008776829938433,2.7380492535681364,-2.2346450991485334,1.6603814123956382,2.3736776255955205,0.07590336054313569,-0.20199009859697387,27.534659576800003,129.182994,0.000432,3.51896,5.2,48.4,2.3829273604082,0.8133862541471337,3519.8,3315.6,1394.4,1398.0,3332.8,3630.2,288.0,285.8,3.6,0.2,0.2,36.2,92.0,0.4,0.4,2.0,2.7793958743661435,2.5894137873930068,-0.47851251400340145,-179.9131481231567,29.637125898380418,21.206545999999996,122.21012382952941,61.63239599999999,3.2437898504275724,0.001234,3.3800172625167106,1.0,40.44508018624195,1.0,0.7791098964249479,-2.125747124298422,0.7292972295211788,-1.940139637898414,2.199346549009376,0.4448116811139916,4.6201195895318055,0.0,7.589959342523363,2.0,-0.002289022773503335,-179.87154676845336,-0.47622349122989827,-327.55459602152143
40.0,5.0,2.0,5,768.7780399999999,2184.4,10.2116,106.8,439.26563999999996,937.2,440.20343999999994,938.2,740.10556,2110.4,799.1332399999999,2251.4,293.91664000000003,1161.6,292.29356,1157.8,6.067716170001523,14.480845014535717,2.666639487153998,-0.15979487663867706,2.314625712602403,-2.794508352634902,-0.1603341024539807,2.0963895771922005,-2.561056883410102,1.209024526142555,2.257708398184274,0.07589866897879388,0.4100889701773278,25.295723071199998,129.21854199999999,0.000264,2.50636,5.0,44.6,2.3732999272558097,0.8252339516766017,2598.4,2163.2,937.2,938.2,2117.2,2793.8,1161.6,1157.8,5.6,0.6,0.6,50.2,176.8,0.2,0.2,1.4,3.200492121101557,2.666639487153998,1.6787595888884073,-179.8242222222941,28.91622239250833,16.75383,116.24087223732313,51.48996999999999,2.3521570455926053,0.001022,6.660506730712955,1.0,36.7893096140102,1.2,-0.8184616688819822,-2.794508352634902,-0.7965221450317866,-2.561056883410102,1.8506588307699285,0.44293535251247285,3.6035086799101803,0.0,8.413721530592548,2.0,-0.26653450472680085,-179.76916704569703,1.945294093615208,-345.5958258598965
40.0,5.0,5.0,5,1576.5562000000002,3763.2,22.982480000000002,157.4,1080.6993200000002,2518.0,1083.83204,2521.6,1538.1320799999999,3716.6,1597.5506,3798.6,453.4175200000001,1192.4,451.4432800000001,1189.4,4.2931688386575715,14.473745635437504,2.5861212071755184,1.0525385785997354,2.9022383194619166,-1.9749422963953271,0.9837049380844347,2.674643496069539,-1.7386508202719315,1.8108580771244764,2.3798235177525933,0.07597296427766473,0.5427422501176727,27.040636063199997,128.83933,0.000882,3.84168,5.0,30.8,1.9890172922323721,0.8187351077378076,3900.2,3559.6,2519.8,2521.6,3718.4,3911.2,1192.4,1189.4,2.4,0.4,0.4,23.4,177.4,0.8,0.6,1.4,2.7402815959601696,2.5861212071755184,0.9396017238745173,-179.9374627504857,28.715066211041336,22.845916,121.18814299105061,79.995338,3.0768087944018823,0.001186,2.021011010756112,1.0,41.38395149895193,6.4,0.9354518263956692,-1.0061802200857315,0.8730690922700391,-0.8791369144611141,2.227160046668962,0.4484707155468975,4.652913259507447,1.0,6.246932870526484,3.4,1.2584874943136295,-179.89950291181938,-0.3188857704391121,-318.0576724550482
40.0,5.0,10.0,5,1497.27336,3465.6,475.39384,1130.8,713.25936,1681.6,715.3103600000001,1684.0,1416.891,3349.8,1490.3868,3466.0,0.0,0.0,0.0,0.0,4.8716133103102255,14.482516054827252,2.667091224285777,2.3361086216836613,3.315234222622233,-0.7890078965751663,2.1636606915082943,3.0766904972162505,-0.5932185306891438,1.645647957959767,2.2553920750426957,0.07588095871829625,-1.7864841136157128,27.043494107599997,129.27984999999998,0.00018600000000000002,3.4938000000000002,5.0,44.6,2.191012770520608,0.8280574787402222,3643.4,3458.0,1681.6,1684.0,3349.8,3545.8,0.0,0.0,3.2,0.0,0.0,31.2,104.0,0.4,0.4,0.8,2.9939849834283363,2.667091224285777,-2.6743487499977237,-179.7952982709157,30.600264486414222,21.912081999999998,122.61117934562449,84.07213800000001,2.174487777371591,0.0006360000000000001,5.224120046738139,1.0,36.923820645864595,1.2,2.8056158998883487,0.058878540524149516,2.5784207915301804,-0.01972373026335799,2.024617732446294,0.4500097482831512,4.100165329372189,0.0,9.087887012754589,2.0,-0.8041679527924492,-179.91835200069897,-1.8701807972052749,-318.618270986263
40.0,5.0,15.0,5,1156.64104,3028.8,557.6907199999999,1595.4,415.17124,978.8,416.40200000000004,979.6,1102.1960000000001,2943.2,1155.1632000000002,3025.2,172.9308,588.0,3.91708,34.6,5.478638704279298,14.476638978569152,2.593547064506108,1.3095324782380566,3.2555650689423565,-1.3203835146733112,1.1948197073078297,3.011023897890714,-1.1188162936492692,1.4803892501540064,2.366764775288152,0.07594263309280266,-1.5209059835800005,27.24508948,129.68000800000002,0.00024400000000000002,3.1148399999999996,5.2,44.6,2.7659172478924,0.827755600175917,3364.0,2907.4,978.8,979.6,2944.0,3215.4,588.0,560.8,4.0,0.2,19.6,35.4,261.0,0.4,0.4,1.2,2.9462887195159366,2.593547064506108,2.2248213950910256,-179.91102528345135,32.00256067421294,23.826728,123.07055500371537,90.47285600000001,2.658193874922968,0.001136,4.734548009451121,1.0,37.14444455262227,3.6,1.9616310615021058,0.04422757000819644,1.8178602036136682,0.025378030008187037,2.089691041330511,0.4464361248661783,4.290907828757083,0.8,9.303305677845263,3.4,0.18781411960605218,-179.85928515173978,2.0370072754849735,-319.7169207237535
40.0,5.0,30.0,5,1787.01656,4108.6,986.3830799999998,2511.0,915.33264,1913.2,918.58384,1916.6,1848.0968,4212.2,1995.70324,4399.4,307.05176,782.2,0.046200000000000005,2.4,3.4279736921941435,14.465597743853953,2.598525152704583,1.9045588589585498,3.3624915790122523,-0.9216748278520797,1.7538436471017669,3.0995588068029853,-0.8385260485997907,2.0407302338550215,2.3599885065271513,0.07605850169898268,-0.0060683336805561925,28.941996324799998,129.93922,0.00023600000000000002,4.08464,5.2,33.2,2.657514823548436,0.8213106431937118,4515.0,3898.8,1913.2,1916.6,4241.8,4526.4,830.4,128.4,2.4,1.0,79.2,11.0,214.8,0.4,0.4,2.8,2.725359949622693,2.598525152704583,1.4888281834963206,-179.9081534860205,30.11366667780863,21.143028,123.44363056506862,81.47853,2.0085899136414396,0.000268,3.065787818654665,1.0,38.76647099559661,3.2,2.0500888651500864,0.20407482178857625,1.8940793756870051,0.1425888654896866,2.223271016430659,0.4480651576320632,4.402952456398654,1.0,7.726991676345987,3.2,0.6630699767328083,-179.86289246975974,0.825758206763512,-344.28595908869454
40.0,5.0,45.0,5,1744.52612,3784.6,1313.10324,3247.6,938.0792799999999,1945.2,942.40648,1987.2,2045.59596,4502.8,2234.7092000000002,4722.0,0.0,0.0,0.0,0.0,3.094331852199598,14.475005785446763,2.5766540242661837,3.1836288719298595,3.548111883540686,-0.17072201024103184,2.953318659591538,3.2786592956383758,-0.10880801678353198,2.18046074569308,2.3986457439945883,0.07595972326497254,-1.6403090458300897,30.330519616799997,130.05282,0.00012200000000000001,4.356879999999999,5.6,24.6,3.618552434001489,0.8192126229316786,4263.6,4707.2,1972.8,1991.4,4517.0,4722.0,0.0,0.0,1.0,0.0,0.0,197.8,71.6,4.2,0.8,1.6,2.6578685833580016,2.5766540242661837,-0.9548480390812071,-179.96938844944373,31.19137516635566,24.932271999999994,125.40316345757341,101.02416799999999,1.226548177064196,0.00012200000000000001,3.708449773182936,1.0,35.18693397717262,4.6,3.3189084795298256,1.9973471053113827,3.0815980736968926,1.8795492800485298,2.2962240028188656,0.44632790447728815,4.523199998897209,2.0,10.368775596361505,4.0,-0.45036704326623334,-179.93716600382865,-0.5044809958149739,-327.43681729220833
40.0,5.0,60.0,5,2126.76516,4598.6,781.65228,1803.4,0.00015999999999999999,0.4,0.00664,0.8,1944.60324,4398.0,2144.4192799999996,4618.0,0.0,0.0,0.0,0.0,3.268993268086672,14.476847781670292,2.612395784991547,2.9018982408215015,3.200941737057483,-0.1559596521740058,2.421752346433114,2.669085733064788,-0.10768839679990072,2.079755932759591,2.332818799317144,0.07594042717535888,-0.11913864998421597,32.9162244804,128.176906,4.599999999999999e-05,3.2193199999999997,5.6,33.2,2.758354925503363,0.8759647835351725,4630.2,4191.4,0.8,31.8,4408.8,4618.0,0.0,0.0,1.0,0.0,0.0,4.8,450.2,0.8,30.4,3.0,2.6969472702182067,2.612395784991547,0.45830617255001516,-179.87138513589477,34.18198896971163,25.864279999999997,122.27965614191007,107.680598,0.30490649973608275,5e-05,9.180114256679861,1.4,25.665447318156104,4.0,3.0925474651593015,1.5819354906867535,2.5861216063141095,1.293049756953937,2.237786867284757,0.447767918754161,3.3829134952376863,0.6,8.600142766148426,3.4,0.6151287936921387,-179.9545668166631,-0.1568226211421238,-301.97426512854463
40.0,10.0,0.0,5,169.53055999999998,659.2,4.612,99.0,0.0,0.0,0.0,0.0,169.5352,655.8,182.59235999999999,772.4,165.94559999999998,576.0,165.37,575.0,9.92227126782105,14.489669947143991,3.3894880787794675,-0.3848094725891914,1.971763389952106,-1.8724950423496494,-0.3618286948250647,1.7497710961183799,-1.6249595656023612,0.4528933883291696,1.6415267852768998,0.07580621569672216,-5.347952677754075,16.971284038,126.54974999999999,0.0,1.08932,4.2,46.2,1.5002098737543137,0.8657915447786444,659.4,584.6,0.0,0.0,655.8,915.0,576.0,575.0,2.4,0.2,0.2,0.8,54.4,0.0,0.0,0.4,4.127407988559137,3.3894880787794675,-2.6151636802206073,-178.5889732587064,23.08191287975966,13.799856,91.14891126155553,38.563084,1.721184056387979,0.00211,10.050272882608944,1.0,31.52386087900735,1.8,0.08083069055048231,-1.3530827418605322,0.057722533649381624,-1.1966089495577625,1.281015344084496,0.4467353108152025,2.3231297765162227,0.0,8.157433126710922,2.0,0.6821046038718934,-179.54853216097376,-3.2972682840924974,-314.1833729246055
40.0,10.0,0.5,5,356.3728,1181.0,2.88688,36.8,228.55704,676.0,229.63863999999998,677.6,355.551,1179.6,412.51196,1305.6,126.5548,503.0,124.3518,498.6,9.26927670808034,14.479755334780492,4.089003351145222,0.1631103842459784,1.6916799137279799,-1.5854584954079889,0.1446578417037443,1.4508872340195063,-1.325177330688494,0.6668750194373297,1.3508097405438861,0.0759103494459905,-1.9600503874854944,18.0908079648,111.60725399999998,0.00026000000000000003,1.54384,3.4,45.8,1.4030249142818696,0.8885694279918092,1192.4,1020.8,677.6,677.6,1179.6,1322.6,503.0,500.6,2.2,0.2,0.8,1.8,98.6,0.4,0.2,0.4,4.437029941379346,4.089003351145222,46.175955949212465,-84.56723779842409,21.529831308912645,14.727886000000002,81.04486452809815,44.296868,1.7335239880838962,0.015482000000000001,11.29190884618867,2.6,30.822815503291327,1.2,0.04427490411689729,-1.1659583808188425,0.024774821319582717,-0.9882246920980062,1.2070592390366444,0.44530689803459544,2.224917813781418,0.0,5.740411349938629,2.0,-5.712406788506536,-146.3039872413741,51.888362737719014,-180.0348949160416
40.0,10.0,1.0,5,212.22611999999998,651.4,1.5524,20.2,211.185,649.8,211.70524,650.6,212.6172,652.0,219.02583999999996,702.8,0.0,0.0,0.0,0.0,10.228656966306104,14.46555999190756,4.718783221158964,0.5166097995136263,1.8031798058479125,-1.0113066685698635,0.4788355590875928,1.502323076409398,-0.8670385418435543,0.42594059570975384,1.073305307059225,0.07605896309981061,-0.4339036962275246,16.6587098732,118.446806,7.8e-05,1.0727600000000002,3.4,44.4,1.2145211346021079,0.8973260827550973,651.4,575.8,649.8,650.6,652.0,726.2,0.0,0.0,2.0,0.0,0.0,0.2,47.4,0.2,0.2,0.2,4.728488824312439,4.259955396903299,9.42139902177355,-178.8885327029738,21.58388842812383,15.892644999999998,86.82953406527643,44.4822925,1.3494261385898403,0.0036799999999999997,12.482974249840504,3.75,29.444594279301846,2.75,0.9139741124936176,-0.2809411852750818,0.8231155687585977,-0.27905704767218753,1.0198684653210026,0.44522246421071887,1.7078318492898092,0.0,5.711070843406688,2.0,-17.04031157199305,-179.2769477363208,26.461710593766604,-314.16239314160856
40.0,10.0,2.0,5,78.3684,395.8,0.73132,15.8,0.0,0.0,0.0,0.0,78.52684,396.2,97.59132,496.8,77.89408,394.6,77.3426,393.2,10.544449891338285,14.48070036573464,4.588387982179628,-0.2704856395270297,1.1407583562437948,-1.7786073769406603,-0.2776389585322963,0.9736013119118958,-1.5345810709109213,0.32263497845696965,1.0641453001885024,0.07590038279217128,-0.9799008348220604,16.108137562000003,122.859294,2.4e-05,0.84332,4.0,47.4,1.2459039600918964,0.9018272062997594,395.8,329.2,0.0,0.0,396.2,531.6,394.8,393.8,1.2,0.4,0.6,0.2,38.8,0.0,0.0,0.2,4.134939595158421,3.433179080131836,0.2459735344928505,-178.73866305267327,21.95528922646585,13.774880000000001,92.37982437722519,37.485793333333326,1.5423156701304659,0.00044666666666666666,10.089477485193722,1.0,30.852877580214585,1.0,-1.4824881668554084,-2.4110467991867726,-1.3593050309922585,-2.1467958711785164,1.2043881925928959,0.44262410486487647,2.0583535634440384,0.0,8.619273879193905,2.0,16.448813648843657,-179.12339038129028,-16.202840114350806,-324.0531410975336
40.0,10.0,5.0,5,86.43292,422.0,1.5446000000000002,26.2,84.17304,410.2,85.2432,412.8,85.49112,413.4,110.51183999999998,511.6,0.0,0.0,0.0,0.0,10.466839115531956,14.488511970306527,4.359270867698945,0.38696358196370084,1.7410963573680363,-0.9149120958660163,0.3394682150968634,1.5562126051504843,-0.6993547937969355,0.3358146159204382,1.2070223384120566,0.07581808050335455,2.6506841324233372,16.6834053572,123.96667399999998,2.2e-05,0.8926399999999999,3.4,49.4,1.3472321726634524,0.9026960702497382,481.2,398.6,410.2,412.8,413.4,565.2,0.0,0.0,1.6,0.0,0.0,7.2,32.2,0.2,0.2,0.2,4.4189982626578255,3.823713224682092,12.083791259089136,-107.71493265435902,24.171226939611703,19.206020000000002,99.07321229429752,64.41602250000001,1.224429600224029,0.0227025,16.331716853116053,6.5,23.614576045348254,1.5,1.2006047044034074,-0.15223429607589556,1.0106827818537516,-0.17881682824383316,1.0893322754254948,0.44342088153561326,1.9002774663225028,0.25,8.11292532099943,2.0,-22.797657863078477,-151.2102998629982,34.881449122167616,-204.6511319441533
40.0,10.0,10.0,5,132.09232,703.0,95.15688,455.4,0.0,0.0,0.0,0.0,114.87647999999999,618.6,140.64048000000003,774.0,14.36512,169.4,2.52244,46.4,9.854937229765962,14.472199194545874,2.917895302233636,0.26528420034702854,1.9609253599458865,-1.5777544710663776,0.2055630558457857,1.8480972704776863,-1.0637273902649866,0.44579234681997393,1.924615768028272,0.07598931344248444,-2.779028021721431,18.057091110400002,128.246404,3.4e-05,1.0055599999999998,4.6,49.6,2.2650823289178663,0.8674512745379612,801.0,640.4,0.0,0.0,618.6,859.4,169.4,164.8,4.0,0.2,2.2,22.0,87.0,0.0,0.0,0.6,3.8217988476333415,2.917895302233636,-1.8167368706136742,-179.34309493243398,28.732394177660534,19.548856,112.8197033115431,66.784186,1.508118253550848,0.0034360000000000003,14.5653609955672,1.0,30.777302070401497,1.0,0.3943161317254019,-0.878561826590231,0.25457849424791756,-0.8687458896659145,1.3884523530123292,0.4428077224833646,2.3496241319150935,0.0,12.658051770089402,2.0,5.373623089798455,-178.80727226649907,-7.190359960412131,-324.5776038821699
40.0,10.0,15.0,5,305.59340000000003,918.8,206.66996,698.4,0.0,0.0,0.0,0.0,281.78292,834.8,312.25508,1008.4,0.0,0.0,0.0,0.0,9.65837072391437,14.47563957437321,3.486428992366392,0.6086658865294156,2.088147636318882,-0.8321112882119825,0.5323221219603415,1.8380520312841906,-0.5173933415885855,0.5309370136711028,1.585009767674026,0.0759532438543095,-4.219524750512205,18.2857541172,128.604086,1.8e-05,1.1453600000000002,4.4,49.8,2.5409362178710113,0.8684600153474686,1063.6,1001.8,0.0,0.0,841.8,1051.4,0.0,0.0,2.8,0.0,0.0,22.6,126.2,0.0,0.0,0.8,4.065744351179114,3.486428992366392,21.595978440105736,-141.80385824775377,28.524705169247046,21.080514,115.72219646416616,85.314688,0.9354898647962393,0.0028840000000000003,16.91574157428105,4.6,27.233306413231663,1.0,1.3685844346668037,0.08764860120063481,1.1333559713644585,-0.1204565563776836,1.2660915645104658,0.4445600513991166,1.9879776823963684,0.0,11.537803831821579,2.0,-30.634296419022156,-173.11079379193535,52.230274859127896,-250.61702269401502
40.0,10.0,30.0,5,760.66028,2108.6,676.14716,1855.8,8e-05,0.2,0.006840000000000001,3.6,1031.2529200000001,2690.4,1216.72104,2992.8,125.88216,438.2,0.02712,1.4,5.56677176674212,14.47259356662378,2.623943454957718,0.7647084739835616,3.0843391240585993,-1.2106527776490006,0.6382456987689854,2.8376094206595504,-0.8450345794131413,1.4043298541233875,2.3148742199827357,0.07598500870833196,-3.32291047162776,24.8712220548,130.46421600000002,0.000136,2.84728,5.0,40.0,3.3765913732930364,0.8278598550261705,3126.0,2503.2,0.4,3.6,2720.2,3171.6,852.8,81.8,4.0,1.2,52.6,27.8,355.4,0.4,0.2,4.0,3.067912353796409,2.623943454957718,1.6138971336784054,-179.7058856720551,30.402424596975163,20.515501999999998,122.28469899009886,88.15126000000001,2.000042913087336,0.00042400000000000006,6.509131457661613,1.0,34.98438703096337,1.2,1.3782037115630725,-0.4106221530763882,1.218868164676501,-0.39399535632292504,1.955072916874299,0.4473324658081804,3.8065319459118343,0.4,11.400300905383933,4.0,0.556623298242075,-179.68905413185425,1.0572738354363291,-335.98686989072974
40.0,10.0,45.0,5,759.575,1962.4,703.1631600000001,1770.8,716.5316,1687.4,722.5226399999999,1694.2,725.15368,1776.0,768.2615600000001,1996.2,0.0,0.0,0.0,0.0,6.407017288089065,14.467185512700443,2.6831383247659852,1.7275604827390065,3.0255975366596486,-0.4056472833305659,1.4587025506072564,2.6362402513969174,-0.1824618817575927,1.1019048560764995,2.2318590260915174,0.07604182135942841,1.088231223208452,22.6730333392,129.815852,0.00019,2.44048,5.0,50.0,3.04776499993399,0.8338733129635116,2467.0,2668.6,1690.6,1694.2,1776.6,2539.2,0.0,0.0,5.2,0.0,0.0,38.4,426.8,0.8,0.4,0.8,3.5608848436889717,2.6831383247659852,-4.841792803934816,-179.79283542261672,30.378859866535663,19.129932000000004,121.42090728310018,88.414172,1.3701555294207557,0.000662,11.703210839643706,1.0,32.16785814664594,3.2,2.2588496074938815,0.6745501751621618,1.866232287310884,0.4842451158897039,1.60167471027424,0.44380857255712425,3.1827083854976213,0.6,12.276530242555614,2.8,1.3334816576571837,-179.64051988829368,-6.175274461592,-339.25821162121684
40.0,10.0,60.0,5,1371.4606399999998,3536.0,750.38324,2339.0,0.0,0.0,0.0,0.0,1186.44832,3212.4,1723.9029999999998,4107.6,0.0,0.0,0.0,0.0,3.840490977871988,14.47729588985528,2.6100447511792364,2.180988017943366,3.01446932954492,-0.13216799601986484,1.8729734255332826,2.7296128108691686,-0.10167558031657735,1.7650630149888618,2.3366446848458393,0.0759358220564016,-2.1594044006775146,32.062916108799996,129.16528399999999,0.00019199999999999998,3.2388,6.0,42.8,5.032845010978093,0.8511355795628648,4166.4,3939.2,0.0,0.0,3281.8,4323.4,0.0,0.0,2.8,0.0,0.0,28.8,313.2,0.0,0.0,3.0,3.0041888262954175,2.6100447511792364,-1.9445661221778514,-179.91816226769865,34.69020531875689,22.041806,122.63724453678428,95.28552400000001,0.5299284821750398,0.0002,12.132243749273579,1.2,26.86479960155784,2.2,2.4255558281497684,0.7995380185140943,2.0986874643775524,0.31931951797486796,1.9868659526677608,0.44435678807771606,3.5448236021031576,0.2,16.163456960518168,2.4,-0.11612685998693326,-179.95739555691634,-1.8284392621909185,-335.875731644786
40.0,50.0,0.0,5,0.0,0.0,0.0,0.0,0.0,0.0,0.0,0.0,0.0,0.0,0.0,0.0,0.0,0.0,0.0,0.0,13.73531751434266,14.47094800726425,11.371007897028168,0.0007058659005823,0.5148138545719357,-0.4336679961050893,0.00016219603441808015,0.30735686063394774,-0.2825411299895753,0.08473584219352434,0.12378664413004112,0.07600243864177915,-17.12690010173589,6.4886825728,38.228638,0.0,0.49524000000000007,1.0,2.0,0.9936264865018847,0.9710349452407293,0.0,0.0,0.0,0.0,0.0,0.0,0.0,0.0,0.0,0.0,0.0,0.0,0.0,0.0,0.0,0.0,,,,,,,,,,,,,,,,,,,,,,,,,,,,
40.0,50.0,0.5,5,0.0,0.0,0.0,0.0,0.0,0.0,0.0,0.0,0.0,0.0,0.0,0.0,0.0,0.0,0.0,0.0,13.729665382071442,14.483432160477378,11.420433067430604,0.0038803104333355,0.5072511472312897,-0.4501374092374711,0.00163849130259398,0.3242334754607189,-0.2737879874429935,0.08480825352117995,0.12251279552764385,0.0758713355634703,-1.5628369706352259,6.500586867199999,40.368266,0.0,0.49728000000000006,1.0,2.0,0.9935850898942681,0.9712449355534943,0.0,0.0,0.0,0.0,0.0,0.0,0.0,0.0,0.0,0.0,0.0,0.0,0.0,0.0,0.0,0.0,,,,,,,,,,,,,,,,,,,,,,,,,,,,
40.0,50.0,1.0,5,0.0,0.0,0.0,0.0,0.0,0.0,0.0,0.0,0.0,0.0,0.0,0.0,0.0,0.0,0.0,0.0,13.746819779627113,14.48729957740286,11.292146281344795,0.004435367708740959,0.4425832569878995,-0.46830284357742047,0.0015815601197203398,0.29318019817199525,-0.29201248117537915,0.08461058200264683,0.12534232965504782,0.0758309866974161,-7.215353158062067,6.493221664400001,38.964958,0.0,0.50268,1.0,2.0,0.9936859333685952,0.9695984547261307,0.0,0.0,0.0,0.0,0.0,0.0,0.0,0.0,0.0,0.0,0.0,0.0,0.0,0.0,0.0,0.0,,,,,,,,,,,,,,,,,,,,,,,,,,,,
40.0,50.0,2.0,5,0.0,0.0,0.0,0.0,0.0,0.0,0.0,0.0,0.0,0.0,0.0,0.0,0.0,0.0,0.0,0.0,13.713975422798256,14.474250176512857,11.233027830318015,-0.0063563987087584,0.5302063996727777,-0.5252765060675066,-0.00383042596939676,0.2853454899899829,-0.3048762089682594,0.08510764217046263,0.1269129582192175,0.07596773667284099,-15.309855689644966,6.5190882956,40.060866000000004,0.0,0.49632000000000004,1.0,2.0,0.9936190993971603,0.9706179019809321,0.0,0.0,0.0,0.0,0.0,0.0,0.0,0.0,0.0,0.0,0.0,0.0,0.0,0.0,0.0,0.0,,,,,,,,,,,,,,,,,,,,,,,,,,,,
40.0,50.0,5.0,5,0.0,0.0,0.0,0.0,0.0,0.0,0.0,0.0,0.0,0.0,0.0,0.0,0.0,0.0,0.0,0.0,13.703248439759246,14.47627717889236,10.740191523218368,0.012705587602499041,0.4926906322031158,-0.4135902752605515,0.004226244855328258,0.29369618534458886,-0.27450737358490923,0.08530959752597864,0.13962179970405775,0.07594637391204896,-10.385292218644642,6.6661089775999995,48.62046,0.0,0.49456,1.0,2.0,0.9935672474397912,0.9685133822357841,0.0,0.0,0.0,0.0,0.0,0.0,0.0,0.0,0.0,0.0,0.0,0.0,0.0,0.0,0.0,0.0,,,,,,,,,,,,,,,,,,,,,,,,,,,,
40.0,50.0,10.0,5,0.0,0.0,0.0,0.0,0.0,0.0,0.0,0.0,0.0,0.0,0.0,0.0,0.0,0.0,0.0,0.0,13.548212091779721,14.477337053301174,9.392156000952834,0.024286516545804097,0.5497820571429834,-0.35829777906327714,0.00842801377434628,0.34465454539935225,-0.22591845451497666,0.08799233172002746,0.19028873683925968,0.0759351682317379,1.7537215847851229,7.117715367600001,82.70157400000001,0.0,0.49548000000000003,1.0,2.0,0.993715594011119,0.97213808994526,0.0,0.0,0.0,0.0,0.0,0.0,0.0,0.0,0.0,0.0,0.0,0.0,0.0,0.0,0.0,0.0,,,,,,,,,,,,,,,,,,,,,,,,,,,,
40.0,50.0,15.0,5,0.0,0.0,0.0,0.0,0.0,0.0,0.0,0.0,0.0,0.0,0.0,0.0,0.0,0.0,0.0,0.0,13.319077504285364,14.469336238935384,8.795761468831497,0.032614333999051504,0.5998460845655484,-0.3930521307515379,0.010314536693160438,0.31386554447423853,-0.21701990735813573,0.09199354950051059,0.2140511382534755,0.07601929028208176,-18.20383468603695,7.5613415451999995,112.202646,0.0,0.49944,1.0,2.0,0.9936982815898533,0.9715542092049703,0.0,0.0,0.0,0.0,0.0,0.0,0.0,0.0,0.0,0.0,0.0,0.0,0.0,0.0,0.0,0.0,,,,,,,,,,,,,,,,,,,,,,,,,,,,
40.0,50.0,30.0,5,0.0,0.0,0.01204,1.8,0.0,0.0,0.0,0.0,0.0,0.0,0.024560000000000002,10.4,0.0,0.0,0.0,0.0,12.343691126998998,14.488179122448722,6.120615922835134,0.08337761258136116,0.7201023880236489,-0.385442610014159,0.024496487165668178,0.36954098505606775,-0.18261509917451663,0.11745953841949293,0.4375174570923595,0.07582162595292492,-12.776679770082586,8.601190715200001,124.28123599999999,0.0,0.4928800000000001,1.0,11.6,0.9936509287777241,0.9571932579240287,0.0,58.6,0.0,0.0,0.0,13.2,0.0,0.0,0.8,0.0,0.0,0.0,57.0,0.0,0.0,0.0,5.800511783739332,5.649492109717403,27.07675923545165,3.1768152009714092,17.41216708355485,15.02563,105.58757558701045,88.47362,0.2678913024986709,0.004763333333333333,30.580675172780435,17.666666666666668,17.512714867978023,1.3333333333333333,0.42740546559842113,0.3023064962343976,0.17056580472212615,0.029799269125608634,0.4739196129530085,0.44558896360776545,0.5101896154527733,0.0,6.017543859649123,2.0,-26.776571394730762,-94.02477308832493,53.853330630182406,-145.79205665500047
40.0,50.0,45.0,5,0.0,0.0,0.06771999999999999,3.4,0.0,0.0,0.0,0.0,0.0,0.0,1.08384,81.6,0.0,0.0,0.0,0.0,11.923613034287028,14.487827332863137,4.964641338620153,0.12939999546592768,1.1195757108943902,-0.4149050935339913,0.03330549164855656,0.8551562692989702,-0.17403318330193143,0.14141997180555513,0.6854702061901671,0.07582539037106219,-9.933556262315403,8.432516605600002,125.626542,0.0,0.53172,3.8,50.0,1.3019161344927628,0.8863531051597763,0.0,291.8,0.0,0.0,0.0,114.4,0.0,0.0,2.6,0.0,0.0,0.0,251.2,0.0,0.0,0.0,5.293658580801529,4.626610361679204,18.60686753699163,-179.15583996856546,17.18881595813427,13.2204225,111.08586234095601,83.61979500000001,0.33008557216172474,0.0008475000000000001,25.337561426922754,6.25,24.119488920265887,1.0,0.7413409499308722,0.23807031676274626,0.2716065091798296,-0.08185451420450526,0.5845138823131397,0.4437230491789047,1.045421880943631,0.0,13.017603399031612,2.0,-16.00467493113533,-165.3842899117762,34.61154246812697,-296.93013928321
40.0,50.0,60.0,5,0.125,15.8,5.53404,112.0,0.0,0.0,0.0,0.0,7.825239999999999,125.0,85.7842,566.2,0.0,0.0,0.0,0.0,10.502010549605751,14.469073968120153,4.594622011024513,0.3658108660969331,1.4446136892472896,-0.3447446529664647,0.1339266567126684,0.9758932922389368,-0.17340275968457558,0.27440009780340896,1.0553026426831063,0.07602210899021522,2.554614981999213,10.1488645384,127.835208,0.0,0.7906000000000001,3.8,50.0,2.5559358144045374,0.8796196536420393,30.8,807.4,0.0,0.0,125.6,681.0,0.0,0.0,3.0,0.0,0.0,3.4,436.4,0.0,0.0,0.4,4.816671414126745,4.2130087595805,8.07320466449842,-109.27520071245722,18.60740051980307,12.962280000000002,115.6850282069918,86.79598,0.4771056260177937,0.0081875,23.82987691194759,8.75,24.460850585478013,1.5,1.1850949428917552,0.5348683464576937,0.47056193827526316,-0.1126288944714874,0.8925392630287114,0.44314559989200597,1.4656100415589157,0.0,10.583587335600793,2.0,-22.23974821384526,-128.84486869955145,30.31295287834368,-148.78316031798445
40.0,75.0,0.0,5,0.0,0.0,0.0,0.0,0.0,0.0,0.0,0.0,0.0,0.0,0.0,0.0,0.0,0.0,0.0,0.0,13.996331189576043,14.482413191037352,11.908553442656066,-0.00698161648284532,0.3914107415842133,-0.41416364251798904,-0.0033154963664144797,0.2340463958111291,-0.25202192715257554,0.08142771098831666,0.11480419315231201,0.07588221327326519,-29.201873599681978,5.281062066,32.264224,0.0,0.49896,1.0,2.0,0.9935176897108591,0.9700232248042642,0.0,0.0,0.0,0.0,0.0,0.0,0.0,0.0,0.0,0.0,0.0,0.0,0.0,0.0,0.0,0.0,,,,,,,,,,,,,,,,,,,,,,,,,,,,
40.0,75.0,0.5,5,0.0,0.0,0.0,0.0,0.0,0.0,0.0,0.0,0.0,0.0,0.0,0.0,0.0,0.0,0.0,0.0,13.968664825850917,14.491700996412078,12.722460554067364,0.006003229108675141,0.3625434643302886,-0.37266006797288825,0.00317101554591222,0.2321927183135788,-0.2333168632268877,0.08169917486376974,0.09867318199335068,0.07578474273361008,-17.782814986958872,5.297683512800001,32.379096,0.0,0.49251999999999996,1.0,2.0,0.9936018919669742,0.9709774048783947,0.0,0.0,0.0,0.0,0.0,0.0,0.0,0.0,0.0,0.0,0.0,0.0,0.0,0.0,0.0,0.0,,,,,,,,,,,,,,,,,,,,,,,,,,,,
40.0,75.0,1.0,5,0.0,0.0,0.0,0.0,0.0,0.0,0.0,0.0,0.0,0.0,0.0,0.0,0.0,0.0,0.0,0.0,13.937800000976102,14.488975982940683,11.757290782379389,0.0035132291036381997,0.4012637559233836,-0.375359713870074,0.001112976742866,0.27345362016543506,-0.25299295751198836,0.08215900097344711,0.11635243892031377,0.07581331519542654,-0.7172822456759157,5.3284880836,31.861154,0.0,0.49744,1.0,2.0,0.9936015234772059,0.968883731498356,0.0,0.0,0.0,0.0,0.0,0.0,0.0,0.0,0.0,0.0,0.0,0.0,0.0,0.0,0.0,0.0,,,,,,,,,,,,,,,,,,,,,,,,,,,,
40.0,75.0,2.0,5,0.0,0.0,0.0,0.0,0.0,0.0,0.0,0.0,0.0,0.0,0.0,0.0,0.0,0.0,0.0,0.0,13.958830371631212,14.498288962545232,11.616469251010852,-0.0006563696725926802,0.4138855625289545,-0.39214046022872134,-0.0007723537218572404,0.25010267909438655,-0.23110988645914543,0.08187225284891728,0.1185402908376807,0.07571615879467408,-4.371125840542311,5.309701636400001,32.104984,0.0,0.5024400000000001,1.0,2.0,0.9937192167090767,0.9678153175699393,0.0,0.0,0.0,0.0,0.0,0.0,0.0,0.0,0.0,0.0,0.0,0.0,0.0,0.0,0.0,0.0,,,,,,,,,,,,,,,,,,,,,,,,,,,,
40.0,75.0,5.0,5,0.0,0.0,0.0,0.0,0.0,0.0,0.0,0.0,0.0,0.0,0.0,0.0,0.0,0.0,0.0,0.0,13.892120051573238,14.490679019542537,11.895828918680412,0.0058665287133809405,0.40369117378136876,-0.38069618422308127,0.0011547351559065798,0.23871156461109236,-0.24229945425105362,0.08272546723881816,0.11288396418352431,0.07579543382050466,-0.27130005195476486,5.416188823600001,39.550108,0.0,0.496,1.0,2.0,0.9936622590155281,0.9691472319738338,0.0,0.0,0.0,0.0,0.0,0.0,0.0,0.0,0.0,0.0,0.0,0.0,0.0,0.0,0.0,0.0,,,,,,,,,,,,,,,,,,,,,,,,,,,,
40.0,75.0,10.0,5,0.0,0.0,0.0,0.0,0.0,0.0,0.0,0.0,0.0,0.0,0.0,0.0,0.0,0.0,0.0,0.0,13.79045679161899,14.490683382087568,10.783248416062227,0.02338667981353466,0.49805613295159157,-0.2963939909108984,0.00853636796041044,0.2475883599909948,-0.18771859961348974,0.08429479992550297,0.13759814511815738,0.07579535614201026,-10.783939285488117,5.7426078671999985,60.31412399999999,0.0,0.5019199999999999,1.0,2.0,0.9935759947099934,0.9714242438311549,0.0,0.0,0.0,0.0,0.0,0.0,0.0,0.0,0.0,0.0,0.0,0.0,0.0,0.0,0.0,0.0,,,,,,,,,,,,,,,,,,,,,,,,,,,,
40.0,75.0,15.0,5,0.0,0.0,0.0,0.0,0.0,0.0,0.0,0.0,0.0,0.0,0.0,0.0,0.0,0.0,0.0,0.0,13.60669236790317,14.479722689181148,8.939694691717527,0.03496866417771526,0.5839144337021898,-0.3040290372150995,0.01235904611316334,0.30880439486069305,-0.1799404403015966,0.08761208940656673,0.20226203705116158,0.07591041907393514,-0.9670201214331169,6.158180895199999,95.60902999999999,0.0,0.49399999999999994,1.0,2.0,0.9936243875940385,0.9697660085505972,0.0,0.0,0.0,0.0,0.0,0.0,0.0,0.0,0.0,0.0,0.0,0.0,0.0,0.0,0.0,0.0,,,,,,,,,,,,,,,,,,,,,,,,,,,,
40.0,75.0,30.0,5,0.0,0.0,0.00104,0.8,0.0,0.0,0.0,0.0,0.0,0.0,0.00023999999999999998,0.6,0.0,0.0,0.0,0.0,12.921085928473882,14.504383842137685,6.78322232259743,0.05913319244006173,0.7027311944648421,-0.34949854214969855,0.0174720265237857,0.3332856986460322,-0.15471813825172942,0.10317882407927122,0.3564167805514215,0.07565233867108294,15.25917152547743,7.0941626092,121.05725199999999,0.0,0.49559999999999993,1.2,11.6,0.9936244059735987,0.9658800475121628,0.0,5.2,0.0,0.0,0.0,0.6,0.0,0.0,0.2,0.0,0.0,0.0,5.2,0.0,0.0,0.0,5.984679071880457,5.983241184140915,-70.08868652006545,-74.66494304464355,14.895516666666667,14.25381,105.95506333333331,97.18561,0.5532966666666667,0.02289,33.666666666666664,20.0,18.666666666666668,3.0,0.433221301392641,0.4165317978585366,0.1265812370602995,0.1191328060999344,0.4443636164977645,0.444031025423477,0.3333333333333333,0.0,2.0,2.0,85.87098198128531,81.28902359592817,-155.95966850135076,-163.57317970194208
40.0,75.0,45.0,5,0.0,0.0,0.01892,2.2,0.0,0.0,0.0,0.0,0.0,0.0,0.008400000000000001,4.0,0.0,0.0,0.0,0.0,12.624892911438536,14.483804830429818,6.3537912302937425,0.06068032699983098,0.6795144293076614,-0.3558236170084234,0.00567656313361126,0.41443192741659196,-0.17150970580487387,0.11357949115468106,0.4011820922951044,0.07586749957344271,-3.68894463800335,6.8256876775999995,124.97183399999999,0.0,0.49432,2.0,40.4,1.000301211218036,0.9230025568072773,0.0,89.6,0.0,0.0,0.0,4.0,0.0,0.0,0.2,0.0,0.0,0.0,84.8,0.0,0.0,0.0,5.80286956722952,5.6940344848103095,-63.50752313004127,-75.68624331332212,15.4597375,14.52305,104.9384105,83.65331,0.2337729999999999,0.00625,24.7,16.0,22.7,2.0,0.4877102018215012,0.4163865023332814,0.2223857409895366,0.0017560085276165,0.4730192878118029,0.4428912068825638,0.85,0.0,20.35,2.0,112.06814952569914,86.2747280002851,-175.57567265574045,-195.18394877104728
40.0,75.0,60.0,5,0.0,0.0,0.07016,3.8,0.0,0.0,0.0,0.0,0.0,0.0,0.037239999999999995,12.0,0.0,0.0,0.0,0.0,11.877284860625178,14.48101686709975,6.192469772443791,0.16930305779798321,0.8348491000375441,-0.3343147790466025,0.0404817563820866,0.4910124176385331,-0.16345069480575444,0.1402590562308146,0.4203859987718914,0.07589661921360684,-7.836297378768627,7.217117358,126.636852,0.0,0.59004,3.0,50.0,1.1822748737026172,0.883692522569595,0.0,291.4,0.0,0.0,0.0,12.0,0.0,0.0,0.4,0.0,0.0,0.0,239.2,0.0,0.0,0.0,5.853335023859741,5.761540186647524,-37.07427122051336,-55.76497385187727,13.399356896551724,11.88034,109.33996159065629,84.89063,0.29224245272525035,0.0068000000000000005,29.92324805339266,16.0,22.086206896551722,2.0,0.7838293480188141,0.7369397459226463,-0.059258847058602196,-0.09679224532051635,0.46482958934255847,0.4435782830041828,0.4360400444938821,0.0,2.0,2.0,-114.89570593374029,-123.59199408446545,77.82143471322689,54.14668364876506
40.0,100.0,0.0,5,0.0,0.0,0.0,0.0,0.0,0.0,0.0,0.0,0.0,0.0,0.0,0.0,0.0,0.0,0.0,0.0,14.104457043121238,14.486179484200889,13.145455621665041,0.00334835990716372,0.3048785299600314,-0.31215893070281175,0.0016125335882092,0.1746762558858119,-0.18142463011402604,0.08006383725903961,0.09224160588087701,0.07584249718634148,9.092932773053475,4.5621522348,26.468364,0.0,0.49588,1.0,2.0,0.99365944570212,0.9706610902441287,0.0,0.0,0.0,0.0,0.0,0.0,0.0,0.0,0.0,0.0,0.0,0.0,0.0,0.0,0.0,0.0,,,,,,,,,,,,,,,,,,,,,,,,,,,,
40.0,100.0,0.5,5,0.0,0.0,0.0,0.0,0.0,0.0,0.0,0.0,0.0,0.0,0.0,0.0,0.0,0.0,0.0,0.0,14.087408345795826,14.495213043403908,12.72030185622621,-0.01162862498539638,0.3243616069376363,-0.32153023098261896,-0.005737024817707456,0.20030461901154215,-0.2020579726331011,0.08027815700702293,0.09850292977154596,0.07574833897985216,-11.23781209389822,4.581084918399999,27.465020000000003,0.0,0.49504000000000004,1.0,2.0,0.9936739150476741,0.9712389360099143,0.0,0.0,0.0,0.0,0.0,0.0,0.0,0.0,0.0,0.0,0.0,0.0,0.0,0.0,0.0,0.0,,,,,,,,,,,,,,,,,,,,,,,,,,,,
40.0,100.0,1.0,5,0.0,0.0,0.0,0.0,0.0,0.0,0.0,0.0,0.0,0.0,0.0,0.0,0.0,0.0,0.0,0.0,14.063726197372358,14.494644248491474,12.498438369814009,0.008075447497578821,0.3773921074427019,-0.3138285806758701,0.0037698538664952203,0.22011079150944868,-0.19896105210170462,0.08058125184403424,0.10250184052664131,0.0757540101585525,5.063265591824022,4.5992147260000005,27.877022,0.0,0.49456,1.0,2.0,0.9936437912404639,0.9700494606995502,0.0,0.0,0.0,0.0,0.0,0.0,0.0,0.0,0.0,0.0,0.0,0.0,0.0,0.0,0.0,0.0,,,,,,,,,,,,,,,,,,,,,,,,,,,,
40.0,100.0,2.0,5,0.0,0.0,0.0,0.0,0.0,0.0,0.0,0.0,0.0,0.0,0.0,0.0,0.0,0.0,0.0,0.0,14.076012232484302,14.49237949857346,12.672165286628283,0.00962715968979226,0.34029186377367143,-0.3283530403855085,0.00460588578757522,0.21117955566992364,-0.1868147517936265,0.0804305227633932,0.09955555943423401,0.0757776616249007,-17.82672553022858,4.6078937468,28.697062,0.0,0.49535999999999997,1.0,2.0,0.9935940063230964,0.9701452976723581,0.0,0.0,0.0,0.0,0.0,0.0,0.0,0.0,0.0,0.0,0.0,0.0,0.0,0.0,0.0,0.0,,,,,,,,,,,,,,,,,,,,,,,,,,,,
40.0,100.0,5.0,5,0.0,0.0,0.0,0.0,0.0,0.0,0.0,0.0,0.0,0.0,0.0,0.0,0.0,0.0,0.0,0.0,14.075046893459936,14.487791680896795,12.46973936496376,-0.015641675544638363,0.3791817904819784,-0.3338636138250576,-0.00893673153254448,0.20420944761902934,-0.18552729582847943,0.0804611816248204,0.10258032480337939,0.0758258761201558,-28.172706844576407,4.5988286588000005,31.005453999999997,0.0,0.49135999999999996,1.0,2.0,0.9936250915190226,0.9713642200240518,0.0,0.0,0.0,0.0,0.0,0.0,0.0,0.0,0.0,0.0,0.0,0.0,0.0,0.0,0.0,0.0,,,,,,,,,,,,,,,,,,,,,,,,,,,,
40.0,100.0,10.0,5,0.0,0.0,0.0,0.0,0.0,0.0,0.0,0.0,0.0,0.0,0.0,0.0,0.0,0.0,0.0,0.0,14.01580009998714,14.49109526452612,11.741813416873981,0.006943516634982261,0.45835451668482874,-0.2686404311133967,0.0012470226376277798,0.2244993738674363,-0.17225221924417927,0.08127204956817799,0.11633770705079441,0.07579115792204306,19.510782148968904,4.8392371232,41.777736000000004,0.0,0.49132,1.0,2.0,0.9936597101942294,0.9685350554458652,0.0,0.0,0.0,0.0,0.0,0.0,0.0,0.0,0.0,0.0,0.0,0.0,0.0,0.0,0.0,0.0,,,,,,,,,,,,,,,,,,,,,,,,,,,,
40.0,100.0,15.0,5,0.0,0.0,0.0,0.0,0.0,0.0,0.0,0.0,0.0,0.0,0.0,0.0,0.0,0.0,0.0,0.0,13.797988025394279,14.482105729983385,10.599187757032912,0.035810177806770815,0.4563266396054059,-0.26618118196942814,0.013961757489874802,0.22288060027034304,-0.14485422317150706,0.08431289187390276,0.14491884194716662,0.07588517695521055,-5.507325948733687,5.381273448,72.763112,0.0,0.4944,1.0,2.0,0.9937705772943101,0.9707252269741261,0.0,0.0,0.0,0.0,0.0,0.0,0.0,0.0,0.0,0.0,0.0,0.0,0.0,0.0,0.0,0.0,,,,,,,,,,,,,,,,,,,,,,,,,,,,
40.0,100.0,30.0,5,0.0,0.0,4e-05,0.2,0.0,0.0,0.0,0.0,0.0,0.0,0.0048000000000000004,3.0,0.0,0.0,0.0,0.0,13.337851448808717,14.4838938443763,7.628107809641577,0.03530696341010216,0.5866055460596019,-0.3210565869584151,0.0077931654913926006,0.26093554501000416,-0.14926270662131466,0.09393320683061993,0.29464561045436255,0.0758664768629658,-26.966484349305585,6.0350186732,116.319106,0.0,0.49248000000000003,1.0,2.0,0.9936754840481237,0.9703396331561688,0.0,0.2,0.0,0.0,0.0,3.0,0.0,0.0,0.2,0.0,0.0,0.0,0.2,0.0,0.0,0.0,5.794423924864983,5.681077877903103,125.1073257174672,110.17065341184932,14.397028,13.77002,89.75325533333333,75.125,0.360838,0.02966,28.866666666666667,17.0,22.533333333333335,2.0,0.4546552968183895,0.4030839925817198,0.100568731632141,-0.0218031000587503,0.4744236406952969,0.4422669101169809,0.3333333333333333,0.0,2.0,2.0,-71.2167674279126,-88.22439947344239,196.32409314537975,175.78436592387905
40.0,100.0,45.0,5,0.0,0.0,0.0037600000000000003,1.2,0.0,0.0,0.0,0.0,0.0,0.0,0.07288,15.6,0.0,0.0,0.0,0.0,12.634602999291683,14.490121297323094,5.956135898667744,0.06072784362331098,0.698409834153733,-0.3450736897452833,0.00627729464126036,0.3794318593921669,-0.15585739439905524,0.11416853485729109,0.4628755888570691,0.07580131035658062,2.0894795654810956,6.328184125999999,123.59537399999999,0.0,0.49219999999999997,2.0,40.4,0.9961464350379847,0.9483354571199394,0.0,18.6,0.0,0.0,0.0,22.6,0.0,0.0,1.0,0.0,0.0,0.0,18.4,0.0,0.0,0.0,5.797320000200762,5.663736947612806,57.84225618572971,37.33936858184993,15.165315507326008,14.306862500000001,104.77086902472527,83.85509,0.25379566666666664,0.0052274999999999995,28.618956043956043,19.5,21.749084249084248,3.5,0.3630070744026813,0.2593875085516661,0.08916547051822729,0.010779310312352778,0.4753578615059284,0.44330591733079777,0.3477106227106227,0.0,2.0,2.0,38.524802970695006,-20.815641619070856,19.317453215034707,-63.89396480057606
40.0,100.0,60.0,5,0.0,0.0,0.04512,4.4,0.0,0.0,0.0,0.0,0.0,0.0,9.519639999999999,158.8,0.0,0.0,0.0,0.0,11.68810790103806,14.489108111331788,5.17002567367414,0.2148433807540556,1.088194736930557,-0.30768154387100316,0.052546732244434714,0.8003249777876954,-0.1494489886348856,0.16576779767550848,0.6994393379786442,0.07581221340192887,10.605532285741834,7.1252488012,124.72518199999999,0.0,0.64484,4.2,50.0,2.4025921435011726,0.8760221305757406,0.0,180.4,0.0,0.0,0.0,322.4,0.0,0.0,2.4,0.0,0.0,0.0,145.4,0.0,0.0,0.0,5.112148792095364,4.187387128648536,-60.1630537686876,-162.3159373058315,14.761982625624446,11.060083333333333,107.20633461841827,75.81702,0.29391734331375746,0.00298,21.2108665479285,7.666666666666667,25.38925459709252,1.0,0.9562605201463757,0.643951566244951,0.6479824346518267,0.4828255675228326,0.6273958636248727,0.4429383517282685,2.8651064899500445,0.6666666666666666,28.985355960442007,10.333333333333334,-0.41201033037566265,-178.2849341343124,-59.75104343831194,-326.66292421601446
40.0,200.0,0.0,5,0.0,0.0,0.0,0.0,0.0,0.0,0.0,0.0,0.0,0.0,0.0,0.0,0.0,0.0,0.0,0.0,14.26350727866936,14.49977328620825,13.419499231446087,0.004739037352479535,0.2320529483844691,-0.24219737947375714,0.002525020302006127,0.14487832901540973,-0.13842832342252193,0.07825188069890618,0.08850823418329681,0.0757005400255424,-25.852785757507597,3.2397978804,19.203912,0.0,0.49612,1.0,2.0,0.9934762111641497,0.9709009591999228,0.0,0.0,0.0,0.0,0.0,0.0,0.0,0.0,0.0,0.0,0.0,0.0,0.0,0.0,0.0,0.0,,,,,,,,,,,,,,,,,,,,,,,,,,,,
40.0,200.0,0.5,5,0.0,0.0,0.0,0.0,0.0,0.0,0.0,0.0,0.0,0.0,0.0,0.0,0.0,0.0,0.0,0.0,14.252626860446924,14.492335728319892,13.601363301430007,-0.00690579540830938,0.24074378177435135,-0.2467697937126292,-0.0034642917676630802,0.154541435251289,-0.14552397161054395,0.0783701331943623,0.08604363094373367,0.07577812973352573,-29.93822780789673,3.2433477304,18.82958,0.0,0.4967599999999999,1.0,2.0,0.9935562422086143,0.9686273651559713,0.0,0.0,0.0,0.0,0.0,0.0,0.0,0.0,0.0,0.0,0.0,0.0,0.0,0.0,0.0,0.0,,,,,,,,,,,,,,,,,,,,,,,,,,,,
40.0,200.0,1.0,5,0.0,0.0,0.0,0.0,0.0,0.0,0.0,0.0,0.0,0.0,0.0,0.0,0.0,0.0,0.0,0.0,14.258073314824525,14.478262483630488,13.612380034350394,0.00489721048851278,0.2358396832434467,-0.22163911130303368,0.0023614188246911002,0.13924917405708953,-0.12795693707506012,0.07830738930677128,0.08594475854861724,0.0759255844559689,8.649329299709988,3.2425857192,20.011418,0.0,0.49471999999999994,1.0,2.0,0.9936141020434525,0.9719324746349389,0.0,0.0,0.0,0.0,0.0,0.0,0.0,0.0,0.0,0.0,0.0,0.0,0.0,0.0,0.0,0.0,,,,,,,,,,,,,,,,,,,,,,,,,,,,
40.0,200.0,2.0,5,0.0,0.0,0.0,0.0,0.0,0.0,0.0,0.0,0.0,0.0,0.0,0.0,0.0,0.0,0.0,0.0,14.275409161156327,14.483336811456017,13.615787517819546,-0.00625530952925044,0.2177379710023243,-0.2174154387209434,-0.0031864675425290596,0.13514473200439103,-0.1382478381884278,0.07811512401606122,0.08594928504015939,0.07587256666095618,-34.131314802466655,3.2274889964000004,19.135112,0.0,0.49808,1.0,2.0,0.9935278310792688,0.9695075749644719,0.0,0.0,0.0,0.0,0.0,0.0,0.0,0.0,0.0,0.0,0.0,0.0,0.0,0.0,0.0,0.0,,,,,,,,,,,,,,,,,,,,,,,,,,,,
40.0,200.0,5.0,5,0.0,0.0,0.0,0.0,0.0,0.0,0.0,0.0,0.0,0.0,0.0,0.0,0.0,0.0,0.0,0.0,14.240044122890293,14.482444931515962,13.489003970384616,0.006789107300772821,0.2655682546297096,-0.21859369979034393,0.0027851346199410003,0.15580184451073875,-0.1416616338713571,0.07851411414973697,0.08756078344429671,0.07588169349243803,-15.236246966292407,3.2738470748,19.970792,0.0,0.49295999999999995,1.0,2.0,0.9936059070158592,0.9711512711029966,0.0,0.0,0.0,0.0,0.0,0.0,0.0,0.0,0.0,0.0,0.0,0.0,0.0,0.0,0.0,0.0,,,,,,,,,,,,,,,,,,,,,,,,,,,,
40.0,200.0,10.0,5,0.0,0.0,0.0,0.0,0.0,0.0,0.0,0.0,0.0,0.0,0.0,0.0,0.0,0.0,0.0,0.0,14.214083544027133,14.49524723885563,13.048655693847342,0.012707400244108599,0.3186608133502507,-0.19680193573309837,0.0052915215193337,0.17050527815224076,-0.11860110527558923,0.0788371077655616,0.09369906684722122,0.07574770770794924,-20.611012027920502,3.3604431704,24.402002,0.0,0.49168,1.0,2.0,0.9935779401008015,0.9708082558644217,0.0,0.0,0.0,0.0,0.0,0.0,0.0,0.0,0.0,0.0,0.0,0.0,0.0,0.0,0.0,0.0,,,,,,,,,,,,,,,,,,,,,,,,,,,,
40.0,200.0,15.0,5,0.0,0.0,0.0,0.0,0.0,0.0,0.0,0.0,0.0,0.0,0.0,0.0,0.0,0.0,0.0,0.0,14.174196298341547,14.499618886005004,12.560999812177972,0.013287814447511839,0.33353880403113323,-0.20972089953539225,0.004244896204446018,0.16007703110625632,-0.12164208603380829,0.07932923836698025,0.10130296573746593,0.0757020591340504,-40.2635096444311,3.4918243855999997,32.665908,0.0,0.49420000000000003,1.0,2.0,0.9935739073060154,0.9703890169608822,0.0,0.0,0.0,0.0,0.0,0.0,0.0,0.0,0.0,0.0,0.0,0.0,0.0,0.0,0.0,0.0,,,,,,,,,,,,,,,,,,,,,,,,,,,,
40.0,200.0,30.0,5,0.0,0.0,0.0,0.0,0.0,0.0,0.0,0.0,0.0,0.0,0.0,0.0,0.0,0.0,0.0,0.0,13.848894775793989,14.487060029478062,9.375553017022485,0.02168751030741106,0.5016946396751851,-0.2566798749231206,0.004880997462602947,0.1745765245284337,-0.12018370395965325,0.08437197529694546,0.18436329938975,0.07583352671146973,-16.367967195227124,4.1316111184,77.736758,0.0,0.49604,1.0,2.0,0.9935414009342078,0.9683414215256863,0.0,0.0,0.0,0.0,0.0,0.0,0.0,0.0,0.0,0.0,0.0,0.0,0.0,0.0,0.0,0.0,,,,,,,,,,,,,,,,,,,,,,,,,,,,
40.0,200.0,45.0,5,0.0,0.0,0.0,0.0,0.0,0.0,0.0,0.0,0.0,0.0,0.0,0.0,0.0,0.0,0.0,0.0,13.478535196684003,14.48526145063868,7.493453667622037,0.02098214244503256,0.48591357797035223,-0.2935396575556222,-0.00178862431253554,0.16774756440825253,-0.13411974715179226,0.09203006035576088,0.28518764937129637,0.07585243064435587,-11.99653227758409,4.553189536,96.28340999999999,0.0,0.4934,1.0,2.0,0.9936459641186788,0.9702887994773415,0.0,0.0,0.0,0.0,0.0,0.0,0.0,0.0,0.0,0.0,0.0,0.0,0.0,0.0,0.0,0.0,,,,,,,,,,,,,,,,,,,,,,,,,,,,
40.0,200.0,60.0,5,0.0,0.0,0.0,0.0,0.0,0.0,0.0,0.0,0.0,0.0,0.08180000000000001,17.8,0.0,0.0,0.0,0.0,12.923764783569004,14.484319151492013,6.11123566262973,0.06695424140823145,0.7848422157554651,-0.2846280286232923,-6.579046700442015e-05,0.5111553674577044,-0.1403872296421523,0.1115633173042141,0.4409678944047001,0.07586207919545913,15.43733435222911,4.822265825200001,113.522066,0.0,0.50716,3.0,50.0,1.0434186061091661,0.9020237915963015,0.0,0.0,0.0,0.0,0.0,17.8,0.0,0.0,0.4,0.0,0.0,0.0,0.0,0.0,0.0,0.0,5.612586326422342,5.365891599804498,-15.853344796541283,-41.61682948620252,13.56003418622449,12.381454999999999,79.54732631632653,67.52605,0.2236888775510204,0.0035050000000000003,26.607397959183672,16.5,27.49107142857143,1.0,0.6762093472503546,0.5824093347188738,0.08657898176712331,-0.043836803227076,0.5070105028611542,0.4441135059129699,0.7285714285714285,0.0,9.714285714285714,2.0,-114.0506328476381,-152.524989804359,98.19728805109685,-50.40874854129198
40.0,300.0,0.0,5,0.0,0.0,0.0,0.0,0.0,0.0,0.0,0.0,0.0,0.0,0.0,0.0,0.0,0.0,0.0,0.0,14.309703316962972,14.497886736801991,13.834789318994723,-0.0018670552970789195,0.1836756672804723,-0.20505844624890973,-0.0010479413381948,0.11919008249851885,-0.1208173066382953,0.07773589858606464,0.08315469175137315,0.07572006153999536,-16.90640107678206,2.652971112,15.633583999999999,0.0,0.49219999999999997,1.0,2.0,0.9934382020256785,0.9713550111980249,0.0,0.0,0.0,0.0,0.0,0.0,0.0,0.0,0.0,0.0,0.0,0.0,0.0,0.0,0.0,0.0,,,,,,,,,,,,,,,,,,,,,,,,,,,,
40.0,300.0,0.5,5,0.0,0.0,0.0,0.0,0.0,0.0,0.0,0.0,0.0,0.0,0.0,0.0,0.0,0.0,0.0,0.0,14.308326502545796,14.48675101029032,13.838144122108336,-0.00247117527581808,0.21077630367039762,-0.19771334520383227,-0.0010669624802889799,0.11892505462476519,-0.1241127105515096,0.07775019030847538,0.08312734161401542,0.07583650143544649,-20.555333143203406,2.6589306047999997,15.241677999999999,0.0,0.49412,1.0,2.0,0.9936034274934833,0.968300559943595,0.0,0.0,0.0,0.0,0.0,0.0,0.0,0.0,0.0,0.0,0.0,0.0,0.0,0.0,0.0,0.0,,,,,,,,,,,,,,,,,,,,,,,,,,,,
40.0,300.0,1.0,5,0.0,0.0,0.0,0.0,0.0,0.0,0.0,0.0,0.0,0.0,0.0,0.0,0.0,0.0,0.0,0.0,14.319652769513516,14.483678680355325,13.92838541389602,0.004295726242108741,0.18799501454308948,-0.18150858544097806,0.00210675191709818,0.11416485264865661,-0.11288607466842618,0.0776253086652985,0.08204111083616396,0.07586874406499697,-40.84547576518618,2.648399226,15.064386000000002,0.0,0.49992000000000003,1.0,2.0,0.9936138677269362,0.972486753789806,0.0,0.0,0.0,0.0,0.0,0.0,0.0,0.0,0.0,0.0,0.0,0.0,0.0,0.0,0.0,0.0,,,,,,,,,,,,,,,,,,,,,,,,,,,,
40.0,300.0,2.0,5,0.0,0.0,0.0,0.0,0.0,0.0,0.0,0.0,0.0,0.0,0.0,0.0,0.0,0.0,0.0,0.0,14.311213796577011,14.484170210206202,13.705449786574514,0.0018177933948651398,0.21289704344050664,-0.18018310079852054,0.00078843816355172,0.13127660142913541,-0.11293435028852924,0.07771939725111877,0.08480914343811694,0.07586360274263547,-26.239640449090636,2.6556161792,15.654150000000001,0.0,0.49291999999999997,1.0,2.0,0.9935116318613059,0.9701017300952938,0.0,0.0,0.0,0.0,0.0,0.0,0.0,0.0,0.0,0.0,0.0,0.0,0.0,0.0,0.0,0.0,,,,,,,,,,,,,,,,,,,,,,,,,,,,
40.0,300.0,5.0,5,0.0,0.0,0.0,0.0,0.0,0.0,0.0,0.0,0.0,0.0,0.0,0.0,0.0,0.0,0.0,0.0,14.311665523057181,14.48690738317211,13.860235914352335,0.0023055544248611,0.20220886035383484,-0.1909456088931598,0.0005389689629917802,0.12288668144861965,-0.11754088267958265,0.0777129082556334,0.08286045079413429,0.07583488456559488,-66.80043569393584,2.653972168,16.02758,0.0,0.49392,1.0,2.0,0.9934287274870733,0.9689278019464863,0.0,0.0,0.0,0.0,0.0,0.0,0.0,0.0,0.0,0.0,0.0,0.0,0.0,0.0,0.0,0.0,,,,,,,,,,,,,,,,,,,,,,,,,,,,
40.0,300.0,10.0,5,0.0,0.0,0.0,0.0,0.0,0.0,0.0,0.0,0.0,0.0,0.0,0.0,0.0,0.0,0.0,0.0,14.294820807916745,14.490775964831474,13.589287003585625,0.01002786680499824,0.22294243199746186,-0.17109038719445321,0.00404434522888908,0.12437840890960397,-0.10201873543214277,0.07790611770921432,0.08623992487214734,0.07579452562275182,-8.009668369815678,2.7000520779999997,17.805544,0.0,0.49548,1.0,2.0,0.9935104570074393,0.9703026045567327,0.0,0.0,0.0,0.0,0.0,0.0,0.0,0.0,0.0,0.0,0.0,0.0,0.0,0.0,0.0,0.0,,,,,,,,,,,,,,,,,,,,,,,,,,,,
40.0,300.0,15.0,5,0.0,0.0,0.0,0.0,0.0,0.0,0.0,0.0,0.0,0.0,0.0,0.0,0.0,0.0,0.0,0.0,14.291740294970618,14.49134671788056,13.30077504641201,0.002508732374392,0.26247656052220986,-0.164205895611495,8.883880135018013e-05,0.12346064492836768,-0.10283484751908842,0.07794911254826492,0.09006668427824036,0.0757885445523663,-33.13882888848631,2.7320453464000005,22.498762,0.0,0.49036,1.0,2.0,0.993525643963687,0.9687969810534744,0.0,0.0,0.0,0.0,0.0,0.0,0.0,0.0,0.0,0.0,0.0,0.0,0.0,0.0,0.0,0.0,,,,,,,,,,,,,,,,,,,,,,,,,,,,
40.0,300.0,30.0,5,0.0,0.0,0.0,0.0,0.0,0.0,0.0,0.0,0.0,0.0,0.0,0.0,0.0,0.0,0.0,0.0,14.080050689935899,14.476298177446846,10.92007311202689,0.016326942888407896,0.4719814458465489,-0.18754269043491045,0.004121102956641159,0.15283138795815582,-0.09414358038782836,0.08080196571818514,0.1341603085993605,0.07594617314940501,-40.4054194826253,3.2226736244,55.544731999999996,0.0,0.50064,1.0,2.0,0.9936547914975613,0.9714591395991338,0.0,0.0,0.0,0.0,0.0,0.0,0.0,0.0,0.0,0.0,0.0,0.0,0.0,0.0,0.0,0.0,,,,,,,,,,,,,,,,,,,,,,,,,,,,
40.0,300.0,45.0,5,0.0,0.0,0.0,0.0,0.0,0.0,0.0,0.0,0.0,0.0,0.0,0.0,0.0,0.0,0.0,0.0,13.676838706406127,14.483321209816722,7.478936715219312,0.024194874630499665,0.49836857480061847,-0.2759064777827868,0.0006292566510205601,0.1878925933468513,-0.13017948177553154,0.08875383211102127,0.2932886946765047,0.07587267817364127,13.120962729745084,3.816753478,71.985548,0.0,0.49164,1.0,2.0,0.9936541650269529,0.9696742864298719,0.0,0.0,0.0,0.0,0.0,0.0,0.0,0.0,0.0,0.0,0.0,0.0,0.0,0.0,0.0,0.0,,,,,,,,,,,,,,,,,,,,,,,,,,,,
40.0,300.0,60.0,5,0.0,0.0,0.0,0.0,0.0,0.0,0.0,0.0,0.0,0.0,0.0,0.0,0.0,0.0,0.0,0.0,13.356373909031557,14.493504140984959,6.966876321591995,0.0389712082532035,0.7433659716389339,-0.27215826655161074,-0.006136239047952239,0.40171243771175985,-0.1309322053993846,0.09889065908806442,0.3310056884643336,0.07576587290224142,-11.771613347660795,3.9616427548000006,81.171172,0.0,0.48924,2.0,40.4,0.9995593048632566,0.9381886920290124,0.0,0.0,0.0,0.0,0.0,0.0,0.0,0.0,0.0,0.0,0.0,0.0,0.0,0.0,0.0,0.0,,,,,,,,,,,,,,,,,,,,,,,,,,,,
60.0,5.0,0.0,5,1082.09196,3106.8,1060.9102,3065.6,916.9074400000002,2322.2,917.32228,2322.8,1059.36032,3061.2,1122.50344,3163.0,0.0,0.0,0.0,0.0,4.914494947676604,14.48109043128567,2.5527330083238238,1.7878761027874819,3.524140950075858,-1.9127126719130394,1.680824717275985,3.295412998167386,-1.7801510921548682,1.6093226427105276,2.442680994756675,0.07589585214603932,-2.0445383264498704,27.212974904,130.772478,0.0005740000000000001,3.3014400000000004,5.0,50.0,2.649842707342329,0.8073454307599812,3331.2,3226.0,2322.2,2322.8,3064.8,3468.4,0.0,0.0,4.8,0.0,0.0,37.4,49.2,0.6,0.6,1.6,2.811649268409997,2.5527330083238238,0.0011613946719479906,-179.91835121793798,30.105980639344853,19.72811,123.78567876603022,56.83491,3.7551485318041364,0.001216,3.4801351409905976,1.0,34.95103842160073,1.2,2.3511490647222013,-1.882629821825342,2.206160557268343,-1.7386031349585989,2.198568330690242,0.44252138383434314,4.424531469012738,0.0,8.524722113863492,2.0,-0.47818014914000634,-179.86964546059102,0.4793415438119538,-333.6325660235183
60.0,5.0,0.5,4,1726.0101,4116.5,1644.26075,3993.5,858.2748999999999,2044.25,860.2820999999999,2046.5,1696.34845,4081.0,1751.4942,4146.25,501.648,1119.75,501.20015,1119.25,3.801317598949674,14.480248543866086,2.54623193182471,0.14818015532300077,2.6013347878535544,-2.2478942797896226,0.1401762707389821,2.4063050533549615,-2.08026963081874,2.016670926353313,2.454999147831458,0.07590480764339183,-1.0484691247909979,29.693720958,130.2292775,0.0004275,4.1939,5.0,47.5,2.504585774087788,0.8057806889351883,4156.5,4120.25,2045.75,2046.5,4081.0,4208.75,1119.75,1119.25,1.75,0.25,0.25,13.0,14.75,0.75,0.5,1.0,2.626785055027215,2.54623193182471,-0.059950117305460085,-179.90891823737212,31.551355957383294,21.07873,125.4764417972846,64.70710999999999,4.309813166664738,0.0016224999999999998,1.997579054748797,1.0,36.68969007424856,1.5,0.20594036135589877,-1.9145570517808244,0.19553159926217223,-1.739037795108297,2.3594928059695035,0.44906362711164916,4.883450291456233,0.0,7.867955189729777,2.0,-0.2741331487368242,-179.89620600524756,0.21418303143136402,-312.36380276750117
60.0,5.0,1.0,5,1594.7304,3851.0,1580.1130799999999,3829.6,515.74636,1313.0,517.17696,1315.0,1573.55964,3823.8,1616.3568799999998,3876.6,0.0,0.0,0.0,0.0,4.1086949023639665,14.481588391883136,2.564700209255341,1.3696391961849115,3.0644791951021135,-1.895217407917889,1.2643237145486608,2.8203404307821875,-1.7507647654479808,1.8790916292342879,2.4203041418627,0.07589068196173684,1.1770103147333681,30.979398905200004,130.79639000000003,0.000678,3.7827600000000006,5.0,49.8,3.331005567505051,0.8120539852013516,3945.4,3888.2,1313.0,1315.0,3823.8,4035.0,0.0,0.0,3.4,0.0,0.0,26.0,27.2,0.4,0.4,1.0,2.733080376565796,2.564700209255341,0.7962946170648039,-179.90638716925392,33.06409878434219,19.522346000000002,125.2373057387509,63.204291999999995,3.6089453427311833,0.0024980000000000002,3.7396221329793833,1.0,34.796277196248944,2.0,1.879256972037581,-1.435080080740382,1.739704528812688,-1.3358776306965918,2.2604380035407354,0.4460481286515335,4.508076824113895,0.0,10.348032502304642,2.0,-0.4701481595366931,-179.95233446258993,1.2664427766014967,-329.9499223514429
60.0,5.0,2.0,5,1831.2882000000002,4251.8,1807.8252800000002,4224.0,681.37884,1637.2,682.50444,1638.6,1806.1760000000002,4225.0,1862.29892,4286.2,290.70312,762.4,290.24580000000003,761.8,3.468463649360049,14.47662824158574,2.5438210759886126,1.9582471066169531,3.3050638684835283,-1.6596128193769022,1.820385618653362,3.102231342837185,-1.5621844358690111,2.107917792454686,2.459560275599184,0.07594280969189307,0.14807484796124598,29.093640895199997,130.75818600000002,0.0009880000000000002,4.35876,5.0,49.4,2.41439483458464,0.7927377025855655,4417.4,4329.2,1637.2,1638.6,4228.0,4451.8,762.4,761.8,2.8,0.2,0.2,15.0,23.6,0.4,0.4,1.4,2.647666828110767,2.5438210759886126,0.07555504242345382,-179.87027852990175,30.117411733646556,20.729156000000003,126.05185070863101,66.82654199999999,4.324159753936074,0.001822,2.0774935883680543,1.0,36.048307795290725,2.0,2.0709469707731913,-1.3937356315648923,1.9250172274794592,-1.4710547330636785,2.3426092047858242,0.44535602003584823,4.819881758361381,0.0,7.584061695370333,2.0,0.14694979402709202,-179.93816183472575,-0.07139475160363822,-320.221601456624
60.0,5.0,5.0,5,984.9547599999999,3060.8,967.43076,3042.0,346.34067999999996,1161.8,347.27092000000005,1163.4,965.9801199999999,3037.2,1011.4976800000001,3097.0,333.33612,816.4,333.0096,816.0,5.011922922161578,14.471493460977658,2.5352710557038494,1.1039215677291092,3.224636217390193,-2.1427795988854537,1.0284232987280764,2.9828926288271367,-1.9993829339700742,1.6346430330870003,2.4762029699321544,0.07599674143784212,-3.3534315668044776,27.254603472400003,130.89196600000002,0.00046,3.3993200000000003,5.0,49.4,2.5357171483332466,0.7975191819846088,3490.8,3325.4,1161.8,1163.4,3145.8,3467.6,816.4,816.0,4.8,0.2,0.2,38.6,67.8,0.4,0.4,1.8,2.7442083693420556,2.5352710557038494,-0.5976736877438309,-179.8747716918487,30.528551284012213,15.785654,124.98458336490508,48.467288,3.995063647108148,0.0024299999999999994,3.1726350099188307,1.0,35.65307251482053,1.0,1.8862434843528155,-1.9859927523596543,1.7496404985369203,-1.8676562858000778,2.2738658228060507,0.4443787084974769,4.643595509009984,0.0,8.070926339922835,2.0,-0.4975785425088032,-179.93261971916192,-0.10009514523502756,-333.86540733135087
60.0,5.0,10.0,5,1590.29664,3914.4,1546.48704,3860.2,880.4769199999998,2235.8,882.9153999999999,2239.2,1534.65452,3846.0,1583.40536,3906.4,0.0,0.0,0.0,0.0,4.046031626148481,14.475063685100446,2.535036507941469,2.8428297448419286,3.665830068629991,-0.8160888261078781,2.6551918921537108,3.410485660383798,-0.499983096515226,1.9476444624225295,2.4772198374584797,0.07595946447099641,1.396269130606674,30.062549436,130.95968599999998,0.00017400000000000003,3.9185199999999996,5.0,48.6,2.910843096213422,0.8050512705819545,4152.8,4046.8,2236.8,2239.2,3863.8,4079.4,0.0,0.0,4.2,0.0,0.0,25.0,84.2,1.0,0.6,1.4,2.6548061301910773,2.535036507941469,1.0524942528285428,-179.8913440687656,32.378187965823564,21.408905999999998,126.6234983094159,84.47887200000001,3.4310269721914053,0.0014399999999999999,3.9074431398930245,1.0,35.22961278459703,1.4,3.4765413774933984,-0.13746741511635935,3.250789336940921,-0.14149821299764304,2.3449025555815197,0.44395844139639856,4.676632690001563,0.0,9.014778693543594,2.0,-0.7282843076430229,-179.9610455854499,1.7807785604715658,-342.7829208346134
60.0,5.0,15.0,5,1220.4527600000001,3298.2,1209.90564,3292.2,513.11564,1249.0,514.42084,1251.2,1195.42384,3271.0,1219.06468,3298.8,0.0,0.0,0.0,0.0,4.86840451251962,14.46298868902459,2.5331450907606294,1.5091918441814776,3.322649374349377,-1.443538944884764,1.3987948141753932,3.1379023933190706,-1.0004036544197157,1.709846247727872,2.48142013542422,0.07608604747571056,-2.08590323247193,27.724213908000003,130.744666,0.000306,3.58552,5.2,40.6,2.9593979656373173,0.7954559654485307,3761.0,3639.8,1249.0,1251.2,3301.6,3596.0,0.0,0.0,5.0,0.0,0.0,39.2,148.2,0.4,0.4,1.8,2.7368485784339414,2.5331450907606294,0.1172433336050311,-179.89963073205783,31.403165232334022,21.208721999999998,126.5951983653234,85.845618,3.3213603104918974,0.002146,4.391657935336132,1.0,36.10199700735201,2.8,1.9851190216190495,-0.4718297661674534,1.8481244570356385,-0.45121538379402004,2.2741397573566124,0.44488937367394393,4.664522968732506,0.4,9.617078716822826,2.6,-1.5450503363864074,-179.95138818362776,1.6622936699914388,-339.0204176862202
60.0,5.0,30.0,5,2275.9161999999997,4758.4,1315.3524,2830.4,0.0,0.0,0.0,0.0,2173.53528,4649.6,2270.24248,4752.2,871.2109199999999,1865.2,70.87224,243.0,2.990113426375456,14.4654559505637,2.585170353762177,0.28176269167684004,2.5697378633739643,-1.821214413511108,0.224569240413918,2.3959016148882206,-1.5396169834390434,2.2094298693368164,2.385732949740774,0.07606011380863838,0.21798119248850015,33.800152413199996,130.592914,0.000692,4.44716,5.4,31.4,4.073726607178615,0.8182344671290467,4795.6,4264.8,0.0,0.0,4668.0,4781.6,1865.2,1853.0,1.4,0.4,8.2,4.4,344.8,0.0,0.0,2.6,2.640064429897582,2.585170353762177,0.46504194804775445,-179.91355795920225,34.534171397425595,28.81191,125.18563040275471,105.006142,2.2894214511673328,0.000692,4.187899641071528,1.4,35.1873736322428,5.4,0.35494538407866816,-0.8684328623661972,0.29513047187690955,-0.7588637308856995,2.305254902115524,0.45538874156433423,4.59635856418218,1.2,11.712979248007537,7.6,0.0458248520375029,-179.97522471438234,0.41921709601025103,-268.04243590336307
60.0,5.0,45.0,5,2203.23632,4685.8,1897.08848,4152.8,391.87804,885.2,393.2958,886.8,2132.498,4614.4,2196.00256,4680.0,0.0,0.0,0.0,0.0,2.955025157912336,14.471018693838767,2.5431219481158065,3.101581867402001,3.3336988927182842,-0.05685181625909409,2.862775963365985,3.074206085934173,-0.06661114654756985,2.2779883534681304,2.4643303508544423,0.07600156697064049,1.0645610353807733,34.13992577199999,131.35779,0.000426,4.496840000000001,5.6,43.4,3.753728930636697,0.825365713461151,4792.4,4848.4,885.2,886.8,4623.8,4744.2,0.0,0.0,1.4,0.0,0.0,2.4,43.8,0.2,0.2,2.0,2.5931178696032786,2.5431219481158065,0.5245783820851068,-179.92876090778222,34.85631250022122,27.382830000000002,127.726966582323,114.40112400000001,1.1222004937361314,0.000634,7.074027322678338,1.0,30.47503014456687,2.6,3.234787098833891,1.3695200647738512,2.9925482435662145,1.2734184919401967,2.3893910686779996,0.4532700743678862,4.646405632739606,1.4,11.037211019095349,7.0,0.33292107283770267,-179.96316415103075,0.19165730924740398,-297.8305898168437
60.0,5.0,60.0,5,2257.15324,4747.2,1800.8817199999999,3801.8,834.6981599999999,1825.8,838.17952,1830.0,2168.31944,4653.6,2266.0002,4756.6,0.0,0.0,0.0,0.0,2.9892319859379706,14.473444094362112,2.5126489291340635,3.4847843629831927,3.7017187461816925,-0.06204680313360983,3.254297242286121,3.444872467157907,-0.06589835807963515,2.335645466387102,2.5240719341575644,0.07597605900913872,-0.7187544061146129,32.541072102,131.150942,0.000144,4.67532,5.6,33.6,2.388726715136614,0.8106833062504973,4752.6,4718.4,1832.2,1905.2,4654.2,4756.6,0.0,0.0,1.0,0.0,0.0,3.2,180.0,7.0,66.4,1.2,2.569091621169955,2.5126489291340635,0.2768061764449266,-179.9216086057412,33.3086991552795,25.967611999999995,126.96372937465976,115.917832,1.1820013775836666,0.000158,4.002908688802085,1.6,33.6615850986945,6.2,3.6306931552227324,1.923518234484972,3.389198203907397,1.6343296940818604,2.4497388655822263,0.448510360040547,4.777845802972701,2.4,7.218827436536154,5.0,0.26523323910492064,-179.94308121075852,0.011572937340005918,-322.8066540984328
60.0,10.0,0.0,5,143.5974,538.2,142.10088000000002,534.6,0.0,0.0,0.0,0.0,142.84512,534.4,147.19208,609.0,142.84512,534.4,142.52460000000002,533.8,10.271698310174832,14.479157635301686,3.5436168877646743,-0.41567265231375145,1.5942308212796055,-1.9343044503401998,-0.3919195566980526,1.3347381872261246,-1.7137201550498922,0.3997976769830832,1.434695470155021,0.07591607869845622,-3.8889760464955003,16.6363208796,125.100326,2.9999999999999997e-05,1.0008,4.2,44.6,1.4108274260036173,0.8730227057455096,540.4,544.6,0.0,0.0,534.4,720.4,534.4,533.8,2.6,0.2,0.2,1.8,8.8,0.0,0.0,0.2,4.428054718244823,3.5436168877646743,8.455743072004575,-177.42853732857063,21.56814825614864,15.602908000000003,85.4990629140481,43.043378,1.4250127272431752,0.003868,13.477109463241527,1.0,27.613014084825874,1.4,-0.5318118584088236,-1.5016164428108394,-0.56213769589276,-1.448413474911294,1.0521709633348757,0.4439596787491834,1.7149922534719135,0.0,9.450343802043646,2.0,12.274783587861837,-173.8060674455706,-3.8190405158572545,-265.67653016510934
60.0,10.0,0.5,5,0.9438000000000001,63.2,0.8184400000000001,53.6,0.0,0.0,0.0,0.0,0.72004,47.6,3.00948,138.8,0.0,0.0,0.0,0.0,11.223271271415522,14.477582014618264,3.45785443607694,0.06276527295939649,2.1128729657176457,-1.1280285925115634,0.04918013472981508,1.8533988436535278,-0.9328245312746063,0.17267524605100196,1.6610187034573634,0.07593274724277124,-1.444002858837046,15.095073569599998,127.398252,0.0,0.5568799999999999,4.4,49.0,1.4443900108089711,0.8609813493458605,68.8,69.0,0.0,0.0,47.6,186.4,0.0,0.0,2.6,0.0,0.0,3.0,7.4,0.0,0.0,0.4,4.423422680389232,3.45785443607694,11.675002733959726,-171.42101030520504,23.70136252914207,15.26189,86.93143240433744,43.499953999999995,0.9658876311828862,0.0044080000000000005,14.54349468713105,2.4,26.52137347500984,1.4,0.8077081172217208,-0.795491017828413,0.741527812385448,-0.7695984017456916,1.0521224019585649,0.44399188641485815,1.5858798560746612,0.0,10.947254361799818,2.0,10.410694034807983,-172.4182389695788,1.264308699151743,-300.10801711596184
60.0,10.0,1.0,5,126.27043999999998,507.2,124.35919999999999,501.2,0.0,0.0,0.0,0.0,123.85264,497.6,128.90976,594.2,0.0,0.0,0.0,0.0,10.361096211671141,14.474868942645866,3.131893282199703,0.28988562296221193,2.024774993399009,-1.5797380889029173,0.25396161796967237,1.835055220254927,-1.2853371874288462,0.368161997712403,1.6931119421469087,0.07596105685297529,5.173153708026837,17.4256424068,126.43694,2.0000000000000003e-06,0.8865999999999999,4.2,50.0,1.8183196609300167,0.8758899558688743,512.2,514.2,0.0,0.0,497.6,698.2,0.0,0.0,3.0,0.0,0.0,2.0,8.6,0.0,0.0,0.2,4.141866696466979,3.131893282199703,5.800329249144008,-177.00195918339801,24.00504550992677,13.913574,91.95633936326416,40.919008000000005,0.7347945382557161,0.005332000000000001,12.916406610826442,1.0,25.632945457791504,1.0,0.5021209291445328,-1.1692073402259584,0.4635623163547756,-1.0642738381247459,1.165006978134318,0.443639333571911,1.6834516048641404,0.0,12.182372281178768,2.0,-9.73475144151477,-178.02199695528748,15.535080690658779,-286.4504000819501
60.0,10.0,2.0,5,5.04028,122.0,4.74884,103.4,0.0,0.0,0.0,0.0,4.71432,97.4,9.03916,204.0,0.0,0.0,0.0,0.0,11.182663201457075,14.48327917125356,3.094100493640198,0.08703997182189152,1.9169691281911967,-1.3849225470392734,0.07062197066673195,1.7633035883032524,-1.1319547840550774,0.19466877008393763,1.7525772251380143,0.07587312839176996,4.33478259989315,15.5377360072,126.669092,5.599999999999999e-05,0.60076,4.6,49.8,1.6237995398045286,0.8631208481159784,130.4,119.2,0.0,0.0,97.4,260.8,0.0,0.0,2.4,0.0,0.0,2.4,11.0,0.0,0.0,0.4,4.228805078340521,3.094100493640198,2.486313984073213,-179.0669284899607,24.892716364271962,15.936518000000001,95.48359071322,45.148456,1.040884371661559,0.0020559999999999997,13.206836781804977,1.0,26.99945511848116,1.0,0.5477863049491161,-1.2775630789286725,0.4706645948629811,-0.9896506700672884,1.111063026888674,0.44349673585087307,1.7184768946832665,0.0,12.844345562373704,2.0,-1.9263080476538055,-176.78809011584357,4.412622031727018,-325.23157857184754
60.0,10.0,5.0,5,515.71596,1491.6,289.28128,975.4,488.48884,1288.2,489.96156,1290.4,503.8532,1459.8,540.6276,1562.2,14.569239999999999,170.6,14.467400000000001,170.0,8.598237830924166,14.480172703432482,3.279345145735216,0.9239104846100918,2.615079151243089,-1.4540908159742647,0.8623091640571368,2.355186342064445,-1.1817356584750776,0.8297887283049716,1.865714057146155,0.07590561593750349,1.9891793461581109,19.568640438,128.081584,8.6e-05,1.8633600000000001,4.6,49.6,1.706501669719795,0.84657323656252,1562.4,1503.6,1288.2,1290.6,1461.2,1646.4,170.6,170.8,3.0,0.2,0.4,10.8,21.2,0.4,0.6,1.0,3.7940781470816645,3.279345145735216,15.00056742075131,-171.54081978684118,27.895706273500856,19.019954000000002,113.15302997664688,68.65498199999999,2.76608599661445,0.001124,8.427646441099974,1.4,31.010755219087695,1.0,1.320244399340294,-0.6713319622919489,1.1338318463444066,-0.722536577168671,1.5664115290294816,0.4430943174094851,3.116623105085298,0.0,10.08374652510334,2.0,7.543907873607472,-165.1524976933228,7.456659547143836,-315.96127620361835
60.0,10.0,10.0,5,1065.8615599999998,2537.2,461.35344,1155.6,414.14243999999997,910.0,415.41612,911.4,1048.6591199999998,2497.4,1097.5672,2597.0,628.59364,1580.4,627.79092,1579.4,6.69490261809307,14.478938786533286,2.811143263982682,-0.46268857354190496,2.1443059097647668,-2.178616432771375,-0.45331429564542985,1.9046414163379057,-1.884513607012901,1.3044475289241675,2.09772935311393,0.07591853238780846,0.17547244122429176,22.706702214799996,127.835492,0.000628,2.8045199999999997,4.8,50.0,1.8020423098076641,0.8346375689345337,2682.6,2583.4,911.6,911.4,2497.4,2708.4,1580.4,1579.4,3.8,0.4,0.4,17.4,72.0,0.4,0.2,0.6,3.3492890621356617,2.811143263982682,12.8443974110638,-178.96703243032712,28.390816271164983,18.512206,116.7511229636959,68.756122,3.031790561987248,0.004002,10.251319445015849,1.0,32.65644763979392,1.2,-0.4942827021746556,-1.8154260188883142,-0.534249088208234,-1.8282749432630088,1.7746177671504562,0.44428083557168163,3.4476719344480515,0.0,9.719715818459123,2.0,3.442234201572422,-171.65966646842776,9.402163209491384,-289.2922864191293
60.0,10.0,15.0,5,651.87052,1963.8,265.68636,1081.0,0.0,0.0,0.0,0.0,618.99132,1875.4,664.32496,1984.6,366.62484,856.2,365.94012,855.4,7.641303490447953,14.47705875904425,2.8191829464354443,-1.24728445950583,2.0913441635299628,-2.602819799917463,-1.206732145282781,1.9173532309471704,-2.195165775490135,1.0197949140626508,2.128601688812389,0.07593813191384921,-3.1550456937939435,21.8676465164,129.879298,0.0,2.28076,5.0,50.0,2.4728587071138026,0.8223769732386664,2207.6,2106.0,0.0,0.0,1886.6,2169.2,856.2,855.4,5.8,0.2,0.2,27.8,173.2,0.0,0.0,1.4,3.526384895826412,2.8191829464354443,4.590180941180586,-179.33254670284674,30.35880114806531,19.981812,120.34292433374489,84.218122,2.990041042062832,0.0018,9.819149320178653,1.0,34.26871712611711,1.0,-1.6167165540336756,-2.2403211667859124,-1.5982815908634376,-2.0975038316327295,1.6845016523163232,0.4461986279951128,3.4243076575221005,0.0,10.19927189577926,2.0,6.769912554820334,-179.64150446160994,-2.1797316136397513,-300.37245178911746
60.0,10.0,30.0,5,1872.65508,4281.8,989.80284,2446.4,377.14639999999997,868.4,378.537,870.0,1795.4108,4197.4,1990.28472,4416.0,802.30284,1789.2,33.31816,186.6,3.5480403630785275,14.484487183932341,2.550793564921372,0.4651860099028952,3.1675788049801143,-1.7923506522438735,0.39098082104453125,2.8665943616741427,-1.5737343199043514,2.0664643310311925,2.4499079220004396,0.07586048618815641,0.3770009203590122,28.056523261999995,130.98424200000002,0.00024199999999999997,4.2403200000000005,5.0,49.8,2.523854431432055,0.8069480165176255,4451.4,3704.4,869.2,870.0,4265.6,4451.8,1789.2,1762.6,2.4,0.4,20.8,8.2,422.8,0.6,0.2,1.8,2.673428397244732,2.550793564921372,0.09786900127684946,-179.9709653555864,29.70048115708937,21.060422,124.70761460819003,88.414074,3.222013625217884,0.001008,1.9823606984781166,1.0,38.79303340878239,1.4,0.75036893800882,-1.310045328962516,0.6669128088126263,-1.3723011999688204,2.3061140231426958,0.45145860773446544,4.7015265067300955,0.2,7.8032909948181315,2.0,-0.18274364627214998,-179.9403323656377,0.2806126475489995,-333.0724024295426
60.0,10.0,45.0,5,1950.8752799999997,4374.6,1966.5144800000003,4392.0,1655.00372,3609.6,1660.0039600000005,3615.2,1937.7223999999999,4360.8,1965.24584,4392.4,0.0,0.0,0.0,0.0,3.39316020857967,14.482962269044185,2.502197696729214,3.3439996908129066,3.757493114915127,-0.23186584821280715,3.1351962377224014,3.5241078110083683,-0.1150383529910288,2.225244538608028,2.5449693731342764,0.07587631803244044,0.3881376134437085,30.464382814000004,131.68991400000002,0.00034599999999999995,4.50548,5.6,35.4,2.3182409415238063,0.7993920611519602,4445.6,4588.6,3609.6,3615.2,4372.6,4451.4,0.0,0.0,1.4,0.0,0.0,6.4,93.0,0.8,0.8,1.6,2.55765994058198,2.502197696729214,-0.4701188086637549,-179.85979076156315,32.57521412105307,24.721809999999998,128.22665901823984,110.251964,1.8285606980302809,0.00034599999999999995,3.8536375160804495,1.0,34.747201794945774,5.6,3.668803778147044,1.910624608013363,3.4543220685784277,1.75416010813594,2.466859468418088,0.4484894841890458,4.908068060675385,2.4,7.373245453835469,4.8,0.11102644074429291,-179.90530992345288,-0.581145249408048,-336.98908175008376
60.0,10.0,60.0,5,2093.61516,4570.0,2089.8079599999996,4566.0,353.7246,841.0,355.2402,842.8,1988.65144,4454.8,2144.6586799999995,4624.2,0.0,0.0,0.0,0.0,3.1830237296286237,14.481396025349486,2.530220745774767,3.1801821354008197,3.5039518044694065,-0.1477311470420816,2.942233433485205,3.2539532386028336,-0.10366073077258546,2.223540861678761,2.4882267478593336,0.07589286532893416,-1.4548295564430165,30.987213198400003,131.722862,5.2000000000000004e-05,4.66944,5.6,42.4,3.104590193836942,0.8150890320910598,4609.4,4759.8,841.0,842.8,4461.6,4651.8,0.0,0.0,2.4,0.0,0.0,8.0,67.6,0.2,0.2,1.4,2.639111912706986,2.530220745774767,-0.9082547526951812,-179.9501240618866,32.18581630357263,22.450342,128.06637768827838,102.61744000000002,0.9586404043948702,7.4e-05,3.4958634958567942,1.2,31.680617657605165,2.0,3.3879710632682474,1.0163231048590065,3.1433314465854245,0.4068149202471524,2.378638257376009,0.44635023027287246,4.901384620266929,0.8,9.394058378681702,3.4,-0.4357754332961054,-179.95193324537496,-0.47247931939907567,-339.4483623807606
60.0,50.0,0.0,5,0.0,0.0,0.0,0.0,0.0,0.0,0.0,0.0,0.0,0.0,0.0,0.0,0.0,0.0,0.0,0.0,13.727586516028984,14.493447183963664,10.9445054763652,-0.01699003773503096,0.46015603440052183,-0.5354802356391819,-0.00847694190135824,0.278520412924774,-0.3137007279450484,0.08491179558878832,0.13477762219115344,0.07576660522343996,2.556980288738251,6.499079453199999,39.378282,0.0,0.49356,1.0,2.0,0.9937107546360711,0.970184984623279,0.0,0.0,0.0,0.0,0.0,0.0,0.0,0.0,0.0,0.0,0.0,0.0,0.0,0.0,0.0,0.0,,,,,,,,,,,,,,,,,,,,,,,,,,,,
60.0,50.0,0.5,4,0.0,0.0,0.0,0.0,0.0,0.0,0.0,0.0,0.0,0.0,0.0,0.0,0.0,0.0,0.0,0.0,13.7018850725601,14.486659169422667,11.053095187741505,-0.0005665845030597496,0.5345261830909783,-0.4716403969103488,-0.0005019450862169748,0.3200331538217654,-0.29588578295392925,0.08523920453778346,0.13107972115425662,0.0758374476777739,-3.7638767849635224,6.5205213969999996,38.524392500000005,0.0,0.49450000000000005,1.0,2.0,0.9937483203234394,0.9702016278377823,0.0,0.0,0.0,0.0,0.0,0.0,0.0,0.0,0.0,0.0,0.0,0.0,0.0,0.0,0.0,0.0,,,,,,,,,,,,,,,,,,,,,,,,,,,,
60.0,50.0,1.0,5,0.0,0.0,0.0,0.0,0.0,0.0,0.0,0.0,0.0,0.0,0.0,0.0,0.0,0.0,0.0,0.0,13.774874472318704,14.487184092165219,11.469273254498777,0.006772311255820601,0.459738711414878,-0.41896685808816886,0.00293417344550168,0.27522853586653445,-0.25340753334151783,0.08414771400288086,0.12256829949923143,0.0758320015439721,-0.14500775749646805,6.4796849896,39.183586,0.0,0.49304,1.0,2.0,0.9935295556511742,0.967652419647359,0.0,0.0,0.0,0.0,0.0,0.0,0.0,0.0,0.0,0.0,0.0,0.0,0.0,0.0,0.0,0.0,,,,,,,,,,,,,,,,,,,,,,,,,,,,
60.0,50.0,2.0,5,0.0,0.0,0.0,0.0,0.0,0.0,0.0,0.0,0.0,0.0,0.0,0.0,0.0,0.0,0.0,0.0,13.723015838830113,14.490894158509741,10.843580356361114,0.016759313287683937,0.5282294325149774,-0.42557532921665475,0.00750528855671824,0.30592566154510986,-0.2597674978905835,0.08491726976169194,0.13635016465076927,0.07579358163428701,-4.259130508812999,6.556136102000001,41.23192,0.0,0.49772,1.0,2.0,0.9936212613509439,0.9716439131054593,0.0,0.0,0.0,0.0,0.0,0.0,0.0,0.0,0.0,0.0,0.0,0.0,0.0,0.0,0.0,0.0,,,,,,,,,,,,,,,,,,,,,,,,,,,,
60.0,50.0,5.0,5,0.0,0.0,0.0,0.0,0.0,0.0,0.0,0.0,0.0,0.0,0.0,0.0,0.0,0.0,0.0,0.0,13.6762770064534,14.48154212915558,11.004049525048885,0.015052521404651981,0.49938965411077296,-0.40900130196951573,0.0057310046617228,0.2969351871187592,-0.2643612011987342,0.08564149421538429,0.13177144439290125,0.0758911654334032,-7.2455973066968795,6.7553747848,53.431268,0.0,0.4924799999999999,1.0,2.0,0.9936126156598842,0.9703019454937107,0.0,0.0,0.0,0.0,0.0,0.0,0.0,0.0,0.0,0.0,0.0,0.0,0.0,0.0,0.0,0.0,,,,,,,,,,,,,,,,,,,,,,,,,,,,
60.0,50.0,10.0,5,0.0,0.0,0.0,0.0,0.0,0.0,0.0,0.0,0.0,0.0,0.0,0.0,0.0,0.0,0.0,0.0,13.520765831681178,14.48624060393323,9.66157204061941,0.020989753045770283,0.5801807846075064,-0.39009058543584096,0.00625964660872288,0.30099202200136765,-0.23144394413345756,0.08834307594285878,0.17090618586343423,0.07584190117167598,2.2139390612013887,7.2310371316,104.418696,0.0,0.48872,1.0,2.0,0.9936370100980992,0.9714995377560427,0.0,0.0,0.0,0.0,0.0,0.0,0.0,0.0,0.0,0.0,0.0,0.0,0.0,0.0,0.0,0.0,,,,,,,,,,,,,,,,,,,,,,,,,,,,
60.0,50.0,15.0,5,0.0,0.0,0.00031999999999999997,0.6,0.0,0.0,0.0,0.0,0.0,0.0,0.0,0.0,0.0,0.0,0.0,0.0,13.284623010477171,14.485005758187281,8.02073999504959,0.03515946699209096,0.6261888417883706,-0.3924716745880747,0.01121046749402688,0.32826307581805414,-0.22756008345634093,0.09344133912595298,0.2578946314440727,0.0758550075159666,-12.10625842233205,7.7808982704,119.51042199999999,0.0,0.49692,1.0,2.0,0.9936353757461751,0.9722965746163252,0.0,1.6,0.0,0.0,0.0,0.0,0.0,0.0,0.0,0.0,0.0,0.0,1.6,0.0,0.0,0.0,,,,,,,,,,,,,,,,,,,,,,,,,,,,
60.0,50.0,30.0,5,0.0,0.0,0.036520000000000004,2.4,0.0,0.0,0.0,0.0,0.0,0.0,0.01756,7.4,0.0,0.0,0.0,0.0,12.471199522957114,14.487870691620028,5.8998188617637926,0.07411433951957083,0.7564558371919088,-0.37806638296329076,0.02045411328693522,0.4074056358192156,-0.173584373946563,0.1152222542475209,0.47444236611126234,0.0758248927625847,-14.115691238221894,8.4587601808,125.252684,0.0,0.48972,1.2,21.2,0.9936505841181468,0.9625945263439037,0.0,176.8,0.0,0.0,0.0,9.0,0.0,0.0,0.6,0.0,0.0,0.0,171.6,0.0,0.0,0.0,5.6086700149256075,5.221144196687737,52.21503058701796,23.811087121245087,19.388831515151512,18.115544999999997,110.20512696969698,95.67292499999999,0.2906635606060606,0.008795,27.662878787878785,13.5,20.757575757575758,4.5,0.5137402058016021,0.3193779217618361,0.15835781104937585,-0.01174065820125655,0.512125353930529,0.4474822622572457,0.29166666666666663,0.0,2.0,2.0,17.616050130140184,-177.13672953978352,34.59898045687778,-130.51752117704163
60.0,50.0,45.0,5,0.06736,10.8,0.12808,6.2,0.0,0.0,0.0,0.0,0.0,0.0,1.05668,57.8,0.0,0.0,0.0,0.0,11.947886260395446,14.474701789993418,5.1140231378190695,0.11883730061156728,1.1700171680100038,-0.38591587225551716,0.024017771287954258,0.6653939175057011,-0.1752211461103524,0.1412611509780057,0.7195838664835799,0.07596292768653765,-4.470358628227235,8.224633778400001,127.163816,0.0,0.5258800000000001,3.6,50.0,1.2951916907446746,0.8847630889924742,19.2,550.6,0.0,0.0,0.0,59.0,0.0,0.0,1.0,0.0,0.0,2.2,490.4,0.0,0.0,0.0,5.148182557388548,4.811052008563916,18.371439281118505,-47.102557572749205,18.86194115033059,15.35694,114.72363389128267,93.91376,0.36580535060014235,0.0062375,27.290154104363744,12.5,23.846968772251042,1.5,0.690980540614967,0.41194594944136553,0.14813498232667366,-0.05042836408923735,0.6796719271446022,0.4444045770747014,0.7647019631777032,0.0,5.702433628318584,2.0,28.88726576091373,-65.86450935897278,-10.515826479795226,-158.33484034911538
60.0,50.0,60.0,5,0.42715999999999993,34.0,0.60772,30.0,0.0,0.0,0.0,0.0,0.051000000000000004,10.0,51.47284,622.6,0.0,0.0,0.0,0.0,10.480126589556924,14.484463887444623,3.2379881499556475,0.34128584479442,2.034152593388125,-0.3794331362624836,0.08823603250637073,1.2390841327464464,-0.1583422736950331,0.26340948826648347,1.5896195728107716,0.07586049542365389,6.159311509494952,10.4018497744,128.058944,0.0,0.81128,5.0,50.0,3.33707944817784,0.8479215506658292,99.0,1190.8,0.0,0.0,10.0,687.2,0.0,0.0,2.8,0.0,0.0,8.4,691.2,0.0,0.0,0.2,4.431866930734309,3.2379881499556475,22.86163596370549,-138.8667499686423,21.711256670133583,13.816896,117.11477538528527,86.95554200000001,0.5305172500416394,0.000898,26.597507026294863,2.8,24.66361327453556,1.0,1.157775985983331,0.34026161208252653,0.3485432089935241,-0.10854732171946124,0.9240905707401085,0.4450977283623807,1.9597779483815536,0.0,23.222108699481048,2.0,6.497441410432001,-178.46859573098573,16.364194553273485,-299.3770419059355
60.0,75.0,0.0,5,0.0,0.0,0.0,0.0,0.0,0.0,0.0,0.0,0.0,0.0,0.0,0.0,0.0,0.0,0.0,0.0,13.97617600475274,14.481719937123126,12.247620207231279,0.00477004873706806,0.42883080662700157,-0.3616340552172436,0.00218407321617768,0.23835704480166334,-0.227371024359344,0.08163533391788734,0.10615386568889187,0.07588921379415696,-14.662148818999631,5.288312306,31.073054000000003,0.0,0.49939999999999996,1.0,2.0,0.9935602679390809,0.9705676762736349,0.0,0.0,0.0,0.0,0.0,0.0,0.0,0.0,0.0,0.0,0.0,0.0,0.0,0.0,0.0,0.0,,,,,,,,,,,,,,,,,,,,,,,,,,,,
60.0,75.0,0.5,5,0.0,0.0,0.0,0.0,0.0,0.0,0.0,0.0,0.0,0.0,0.0,0.0,0.0,0.0,0.0,0.0,13.985403016222723,14.487473889321212,12.289043059292647,-0.009722520263543201,0.32486265724065333,-0.4073706833094771,-0.0050284030028082,0.20141910455197692,-0.2483278551320931,0.08149521473642134,0.10614580940865828,0.0758292449005711,10.635985497161453,5.281893426800001,32.669956,0.0,0.50404,1.0,2.0,0.9935716350456298,0.9712545653572485,0.0,0.0,0.0,0.0,0.0,0.0,0.0,0.0,0.0,0.0,0.0,0.0,0.0,0.0,0.0,0.0,,,,,,,,,,,,,,,,,,,,,,,,,,,,
60.0,75.0,1.0,5,0.0,0.0,0.0,0.0,0.0,0.0,0.0,0.0,0.0,0.0,0.0,0.0,0.0,0.0,0.0,0.0,13.99317568041992,14.483545129469935,12.19286732856548,-0.0005928079025408802,0.38841726351539296,-0.3701728455427682,-0.0006655261451368997,0.2335216364818348,-0.2242584366547657,0.08142093343030207,0.10738958666453761,0.07587029754511357,-4.722367673142097,5.288436906399999,32.074217999999995,0.0,0.50004,1.0,2.0,0.993595013285035,0.9717161973423722,0.0,0.0,0.0,0.0,0.0,0.0,0.0,0.0,0.0,0.0,0.0,0.0,0.0,0.0,0.0,0.0,,,,,,,,,,,,,,,,,,,,,,,,,,,,
60.0,75.0,2.0,5,0.0,0.0,0.0,0.0,0.0,0.0,0.0,0.0,0.0,0.0,0.0,0.0,0.0,0.0,0.0,0.0,13.957270114776055,14.473146829382841,12.055274433968558,0.00536648571229454,0.4053171765152449,-0.3788422550387813,0.0022339836579616397,0.24111439736945442,-0.23051717021310264,0.0818698056547905,0.1097200305721294,0.07597920617129476,-14.258184298206768,5.3098213528,33.09858,0.0,0.5010399999999999,1.0,2.0,0.9935543965633041,0.9707991730063391,0.0,0.0,0.0,0.0,0.0,0.0,0.0,0.0,0.0,0.0,0.0,0.0,0.0,0.0,0.0,0.0,,,,,,,,,,,,,,,,,,,,,,,,,,,,
60.0,75.0,5.0,5,0.0,0.0,0.0,0.0,0.0,0.0,0.0,0.0,0.0,0.0,0.0,0.0,0.0,0.0,0.0,0.0,13.910393005973884,14.502229572382797,11.455341808586635,0.0148279132428663,0.44162900097458735,-0.3236221819707993,0.00568795656069058,0.2509515129512515,-0.19498134961753538,0.08254273669806696,0.12253042191534406,0.07567506440321456,-7.613799761650649,5.4589712144,41.10193,0.0,0.50008,1.0,2.0,0.9936212116262974,0.970893936596093,0.0,0.0,0.0,0.0,0.0,0.0,0.0,0.0,0.0,0.0,0.0,0.0,0.0,0.0,0.0,0.0,,,,,,,,,,,,,,,,,,,,,,,,,,,,
60.0,75.0,10.0,5,0.0,0.0,0.0,0.0,0.0,0.0,0.0,0.0,0.0,0.0,0.0,0.0,0.0,0.0,0.0,0.0,13.811856937902277,14.488249609893916,10.266628478194768,0.02071218452605388,0.5281972582946096,-0.33915667703643904,0.007296214899610599,0.2686709310207415,-0.2018695800909054,0.08403142989957321,0.15238274487025585,0.07582100440433885,-5.668471046272404,5.8676841060000005,72.79613400000001,0.0,0.49108,1.0,2.0,0.9935747059924008,0.9692691557143762,0.0,0.0,0.0,0.0,0.0,0.0,0.0,0.0,0.0,0.0,0.0,0.0,0.0,0.0,0.0,0.0,,,,,,,,,,,,,,,,,,,,,,,,,,,,
60.0,75.0,15.0,5,0.0,0.0,0.0,0.0,0.0,0.0,0.0,0.0,0.0,0.0,0.0,0.0,0.0,0.0,0.0,0.0,13.659846268990396,14.489508990773587,9.070263083811046,0.023904648980840038,0.5857464167062005,-0.33370110635253025,0.007783344718410979,0.28752047792798346,-0.18892734638677272,0.08669402122755811,0.1938527310201498,0.07580792643985922,7.708912635417643,6.2466313291999995,104.64170399999998,0.0,0.49539999999999995,1.0,2.0,0.9936058972028956,0.9708357481651083,0.0,0.0,0.0,0.0,0.0,0.0,0.0,0.0,0.0,0.0,0.0,0.0,0.0,0.0,0.0,0.0,,,,,,,,,,,,,,,,,,,,,,,,,,,,
60.0,75.0,30.0,5,0.0,0.0,0.00948,1.6,0.0,0.0,0.0,0.0,0.0,0.0,0.0,0.0,0.0,0.0,0.0,0.0,13.007735672713315,14.485206979681399,7.16169674076635,0.04884242989547761,0.6271950208079755,-0.3371038192473702,0.012981667374521059,0.2740638923431936,-0.15826261080905504,0.10087561119439055,0.31698613602762343,0.07585266070742812,-0.5731461709733032,7.1015683156,124.039012,0.0,0.49024,1.0,2.0,0.99368992342173,0.9719295365764508,0.0,46.4,0.0,0.0,0.0,0.0,0.0,0.0,0.0,0.0,0.0,0.0,45.6,0.0,0.0,0.0,,,,,,,,,,,,,,,,,,,,,,,,,,,,
60.0,75.0,45.0,5,4e-05,0.2,0.06488000000000001,3.8,0.0,0.0,0.0,0.0,0.0,0.0,0.20867999999999998,31.4,0.0,0.0,0.0,0.0,12.460649694726888,14.490188176509658,5.075336767967516,0.07065729615262131,0.8669535250387181,-0.36657254038687637,0.010254088970469501,0.6776652920065148,-0.16415204157555438,0.12288566686752285,0.6892981220000198,0.07580061154934195,-1.9078800670630607,6.965648197600001,125.69175400000002,0.0,0.50704,3.6,50.0,1.3235891438649536,0.8782013011890359,0.2,296.8,0.0,0.0,0.0,43.0,0.0,0.0,1.2,0.0,0.0,0.2,275.6,0.0,0.0,0.0,5.16032603685159,4.283259966424107,-37.10425038816527,-89.86341517934217,19.469191129975915,13.98995,112.74316984020822,87.10210666666667,0.3756342056277388,0.006683333333333334,22.912416716521705,7.666666666666667,25.22455629017166,1.0,0.6904261670821744,0.39035887188650564,0.3942461677115709,-0.05210622766658551,0.6246202375540028,0.44446352220321356,1.8391170289466015,0.0,17.41528580997817,2.0,7.859852545322771,-168.7444109846427,-44.96410293348805,-230.79174233224123
60.0,75.0,60.0,5,0.0009599999999999999,1.2,0.26280000000000003,6.0,0.0,0.0,0.0,0.0,0.0,0.0,34.99068,241.6,0.0,0.0,0.0,0.0,10.933322843382069,14.493453396428347,5.005880244634964,0.2921270063560836,1.251113149248742,-0.3321673918236898,0.05766553062247516,0.6335939206719511,-0.15174669811971814,0.20697489974441746,0.7075938319473405,0.07576646164665453,2.284300413327097,8.6989440944,127.01507999999998,0.0,0.68232,3.6,50.0,1.7098970884666507,0.8759312091606954,1.8,904.4,0.0,0.0,0.0,470.4,0.0,0.0,3.0,0.0,0.0,0.8,614.2,0.0,0.0,0.0,5.251884171898331,4.59229123944003,-30.124499877322727,-144.4115592739361,16.668417219627738,11.982245,114.7708453507043,88.05090750000001,0.3396864579505342,0.0037275,28.846577159179617,9.25,23.962937278034392,1.0,0.9272780616050027,0.4935357003570391,0.032274659071673005,-0.10775045304684822,0.5984300218785952,0.44356108930797455,0.7478141497965092,0.0,9.979073078560784,2.0,-53.476799602679165,-167.23865643277358,23.352299725356445,-231.02127708232615
60.0,100.0,0.0,5,0.0,0.0,0.0,0.0,0.0,0.0,0.0,0.0,0.0,0.0,0.0,0.0,0.0,0.0,0.0,0.0,14.058165177311025,14.489753631785351,12.880170590403855,0.0019098044468174001,0.3671406173235329,-0.3414690814018114,0.0010165683011175398,0.21724961402842635,-0.19745456085008084,0.08062251688445204,0.09599008866523284,0.07580524780764489,13.178841258459164,4.5893026308,27.149412,0.0,0.4950799999999999,1.0,2.0,0.9936933979529741,0.9714737111461881,0.0,0.0,0.0,0.0,0.0,0.0,0.0,0.0,0.0,0.0,0.0,0.0,0.0,0.0,0.0,0.0,,,,,,,,,,,,,,,,,,,,,,,,,,,,
60.0,100.0,0.5,5,0.0,0.0,0.0,0.0,0.0,0.0,0.0,0.0,0.0,0.0,0.0,0.0,0.0,0.0,0.0,0.0,14.101562464372032,14.48035990010214,12.808265046266206,-0.0038347991000571,0.3374275452989114,-0.3169683864170993,-0.0017905175450688999,0.1972339085870099,-0.19291961373626615,0.0801094684734086,0.09713468730428527,0.07590358162374772,4.36670060644713,4.565996268000001,26.752281999999997,0.0,0.5002800000000001,1.0,2.0,0.9935884207788295,0.9699286199961007,0.0,0.0,0.0,0.0,0.0,0.0,0.0,0.0,0.0,0.0,0.0,0.0,0.0,0.0,0.0,0.0,,,,,,,,,,,,,,,,,,,,,,,,,,,,
60.0,100.0,1.0,5,0.0,0.0,0.0,0.0,0.0,0.0,0.0,0.0,0.0,0.0,0.0,0.0,0.0,0.0,0.0,0.0,14.090406625843732,14.497409862117626,12.770519366642135,0.00516570544450586,0.3654237599599685,-0.33415107030296687,0.0022171192521333602,0.21277442059304028,-0.19639277809615469,0.08024708284470286,0.0976149015417277,0.07572515679277127,-6.368785423629978,4.5854175468000005,26.648754000000004,0.0,0.49000000000000005,1.0,2.0,0.9934785303332843,0.96903302932838,0.0,0.0,0.0,0.0,0.0,0.0,0.0,0.0,0.0,0.0,0.0,0.0,0.0,0.0,0.0,0.0,,,,,,,,,,,,,,,,,,,,,,,,,,,,
60.0,100.0,2.0,5,0.0,0.0,0.0,0.0,0.0,0.0,0.0,0.0,0.0,0.0,0.0,0.0,0.0,0.0,0.0,0.0,14.073008556457841,14.485243205462684,12.702331555276054,-0.0004784447913455,0.3853739718881771,-0.30224682792127944,-0.00066624849788596,0.20929152542823443,-0.19849517210022607,0.08045252866741438,0.0989960128298002,0.07585256948300131,-10.93827061395727,4.602075048800001,28.016496,0.0,0.49867999999999996,1.0,2.0,0.9935610169065459,0.9711705133457181,0.0,0.0,0.0,0.0,0.0,0.0,0.0,0.0,0.0,0.0,0.0,0.0,0.0,0.0,0.0,0.0,,,,,,,,,,,,,,,,,,,,,,,,,,,,
60.0,100.0,5.0,5,0.0,0.0,0.0,0.0,0.0,0.0,0.0,0.0,0.0,0.0,0.0,0.0,0.0,0.0,0.0,0.0,14.048652842637676,14.477119331560772,11.651216311122111,0.00889720132484682,0.396499742745881,-0.31459792360576727,0.00331055102848974,0.24319542152797918,-0.1986973656317063,0.08080551816246037,0.11970861821552761,0.07593752549388647,2.3169218233896567,4.690545122800001,33.96301,0.0,0.50452,1.0,2.0,0.9935874348181727,0.971743390975058,0.0,0.0,0.0,0.0,0.0,0.0,0.0,0.0,0.0,0.0,0.0,0.0,0.0,0.0,0.0,0.0,,,,,,,,,,,,,,,,,,,,,,,,,,,,
60.0,100.0,10.0,5,0.0,0.0,0.0,0.0,0.0,0.0,0.0,0.0,0.0,0.0,0.0,0.0,0.0,0.0,0.0,0.0,13.993837442931909,14.495048322638374,10.798224096588092,0.0103366400220181,0.4488849924572089,-0.2630045152043415,0.0028668142402350797,0.24142000171178496,-0.17432410119988645,0.08162054609711465,0.1369812889664183,0.07574974376931523,-9.213875944088972,4.902085316,55.354319999999994,0.0,0.49444,1.0,2.0,0.9935937839978924,0.9711339208796985,0.0,0.0,0.0,0.0,0.0,0.0,0.0,0.0,0.0,0.0,0.0,0.0,0.0,0.0,0.0,0.0,,,,,,,,,,,,,,,,,,,,,,,,,,,,
60.0,100.0,15.0,5,0.0,0.0,0.0,0.0,0.0,0.0,0.0,0.0,0.0,0.0,0.0,0.0,0.0,0.0,0.0,0.0,13.842445476960796,14.494591188582518,10.430745372868904,0.014521270817265041,0.4959999384706357,-0.28672643588888236,0.0032638212075836795,0.22800611060263506,-0.16887766730879586,0.08378805137812581,0.1466023854393256,0.07575453731109309,-14.661396634290156,5.3319981992,83.421414,0.0,0.489,1.0,2.0,0.9934462957009791,0.9703512345739759,0.0,0.0,0.0,0.0,0.0,0.0,0.0,0.0,0.0,0.0,0.0,0.0,0.0,0.0,0.0,0.0,,,,,,,,,,,,,,,,,,,,,,,,,,,,
60.0,100.0,30.0,5,0.0,0.0,0.0014,1.0,0.0,0.0,0.0,0.0,0.0,0.0,0.0,0.0,0.0,0.0,0.0,0.0,13.260624410142336,14.475550393267486,6.776467758488311,0.040301948631345355,0.6353485863749354,-0.3240015932615431,0.01020379500447448,0.3083471831874872,-0.1388059410256391,0.09624429548038756,0.3507853177903785,0.07595395582736078,-1.4963699978753666,6.2568211788,122.72272000000001,0.0,0.49024,1.2,11.6,0.9936571495873407,0.9603332431715469,0.0,7.0,0.0,0.0,0.0,0.0,0.0,0.0,0.0,0.0,0.0,0.0,7.0,0.0,0.0,0.0,,,,,,,,,,,,,,,,,,,,,,,,,,,,
60.0,100.0,45.0,5,0.0,0.0,0.02912,2.4,0.0,0.0,0.0,0.0,0.0,0.0,0.02848,11.2,0.0,0.0,0.0,0.0,12.723580999644133,14.501755346790953,5.895290183003322,0.0478360147691235,0.6399729507807533,-0.35107808657061434,0.0014931557624007401,0.38916358086978253,-0.1603490183833407,0.11209902730746273,0.4734265454481016,0.0756797483131019,-7.3388292364129075,6.2521881392,125.12870600000001,0.0,0.4793200000000001,2.0,30.6,1.0042497603524911,0.9374975213765928,0.0,142.6,0.0,0.0,0.0,14.6,0.0,0.0,1.0,0.0,0.0,0.0,140.4,0.0,0.0,0.0,5.675591180511638,5.430075630556423,-46.95545810641689,-101.84567395797215,15.184246965240641,14.128806666666668,108.95242490450727,90.95056,0.20228788833715305,0.011236666666666666,24.951044053985232,14.0,27.706709956709958,2.6666666666666665,0.48669929699087017,0.37214862740785665,0.16893048709025124,-0.012878101359994733,0.49791529852112415,0.44525245478034686,0.6217850776674306,0.0,13.730519480519481,2.0,68.0041879699602,-95.88165544452865,-114.95964607637711,-216.2317949916288
60.0,100.0,60.0,5,0.0,0.0,0.14628000000000002,5.6,0.0,0.0,0.0,0.0,0.0,0.0,1.34736,51.8,0.0,0.0,0.0,0.0,11.696635181153377,14.493298132864163,5.331318413738853,0.19789698787205054,1.1185047535825607,-0.3264703522915059,0.035711909137662826,0.6281459287295793,-0.14513255473394085,0.1570543020866077,0.6421933392236359,0.07576801183487349,3.2086895543901024,7.215560712,125.921048,0.0,0.61432,3.4,50.0,1.6434975656170585,0.8732411844789553,0.0,573.2,0.0,0.0,0.0,195.6,0.0,0.0,3.6,0.0,0.0,0.0,445.4,0.0,0.0,0.0,5.44097059798713,5.009892377158592,27.83626688030374,-33.28732520383905,16.4560848022529,14.095095,114.39676158168625,92.6616275,0.3903262627829872,0.042682500000000005,25.171502104275003,13.0,22.42867072805052,2.75,0.8365553616328116,0.6159121398251859,0.26171515349561375,-0.018136691658048,0.5734385180836076,0.44507038879135125,1.555966206031602,0.0,17.25899511639436,2.0,-19.148032788329253,-107.34532772074229,46.98429966863298,-86.70836775492234
60.0,200.0,0.0,5,0.0,0.0,0.0,0.0,0.0,0.0,0.0,0.0,0.0,0.0,0.0,0.0,0.0,0.0,0.0,0.0,14.252893979907963,14.489681754561479,13.662370057467504,-0.001160016202247815,0.23772615406548958,-0.2434759503911979,-0.0007486770450983998,0.12948703079659202,-0.14397174692255538,0.07836435685833357,0.08527750939037174,0.07580587293579286,-44.34806448122197,3.2358571076000002,19.392786000000005,0.0,0.49636,1.0,2.0,0.9934996339438381,0.9716565688039438,0.0,0.0,0.0,0.0,0.0,0.0,0.0,0.0,0.0,0.0,0.0,0.0,0.0,0.0,0.0,0.0,,,,,,,,,,,,,,,,,,,,,,,,,,,,
60.0,200.0,0.5,5,0.0,0.0,0.0,0.0,0.0,0.0,0.0,0.0,0.0,0.0,0.0,0.0,0.0,0.0,0.0,0.0,14.25033583433741,14.486413480068004,13.423709760401476,-0.00420807051283518,0.2567435304615388,-0.2384651581238494,-0.00218834789581086,0.16508513306149752,-0.14398821101179624,0.0783963179334824,0.08838712572721522,0.07584038259130046,-24.829278754753624,3.2518480232,19.074158,0.0,0.48916000000000004,1.0,2.0,0.9934992898274869,0.9708559560538038,0.0,0.0,0.0,0.0,0.0,0.0,0.0,0.0,0.0,0.0,0.0,0.0,0.0,0.0,0.0,0.0,,,,,,,,,,,,,,,,,,,,,,,,,,,,
60.0,200.0,1.0,5,0.0,0.0,0.0,0.0,0.0,0.0,0.0,0.0,0.0,0.0,0.0,0.0,0.0,0.0,0.0,0.0,14.2571686660755,14.500889329300445,13.481788873757784,-0.00337290100623868,0.2538502154227128,-0.24524396101800955,-0.00189513260062654,0.15832544974159868,-0.1481466501483398,0.07832359210970904,0.08767468720947853,0.07568878450863084,-5.600609907167112,3.2394705424000003,19.087946,0.0,0.49836,1.0,2.0,0.9933669703616926,0.9713882019080277,0.0,0.0,0.0,0.0,0.0,0.0,0.0,0.0,0.0,0.0,0.0,0.0,0.0,0.0,0.0,0.0,,,,,,,,,,,,,,,,,,,,,,,,,,,,
60.0,200.0,2.0,5,0.0,0.0,0.0,0.0,0.0,0.0,0.0,0.0,0.0,0.0,0.0,0.0,0.0,0.0,0.0,0.0,14.262664473727764,14.486474166405111,13.525679757710638,-0.0033041881498684007,0.2523881143369143,-0.25402434922041367,-0.0019050184333626401,0.15268367807844285,-0.1502013846155136,0.0782574938714415,0.08704590384446335,0.07583980699810824,-33.350541538933015,3.2376726836000005,19.269057999999998,0.0,0.49539999999999995,1.0,2.0,0.9934271930542693,0.9719869103242182,0.0,0.0,0.0,0.0,0.0,0.0,0.0,0.0,0.0,0.0,0.0,0.0,0.0,0.0,0.0,0.0,,,,,,,,,,,,,,,,,,,,,,,,,,,,
60.0,200.0,5.0,5,0.0,0.0,0.0,0.0,0.0,0.0,0.0,0.0,0.0,0.0,0.0,0.0,0.0,0.0,0.0,0.0,14.245244682839015,14.49645024337226,13.47195714183782,-0.00254558612347084,0.2534200031836634,-0.25239561223536267,-0.0019435649072608997,0.14604729456039225,-0.15785743129153992,0.07845581065595052,0.08785496463629881,0.07573526109617705,-6.38645508421949,3.27839734,19.75947,0.0,0.4862,1.0,2.0,0.9935996202344238,0.9708531135336573,0.0,0.0,0.0,0.0,0.0,0.0,0.0,0.0,0.0,0.0,0.0,0.0,0.0,0.0,0.0,0.0,,,,,,,,,,,,,,,,,,,,,,,,,,,,
60.0,200.0,10.0,5,0.0,0.0,0.0,0.0,0.0,0.0,0.0,0.0,0.0,0.0,0.0,0.0,0.0,0.0,0.0,0.0,14.214374349318058,14.489899395406928,12.823534698670283,0.008700040794235881,0.3067956963225834,-0.23663973192031634,0.00304764055386506,0.15449441721935858,-0.13160867952933017,0.07883551573130074,0.09704801504383553,0.07580357758455593,-24.238668876666082,3.3775124728000003,26.836692,0.0,0.48788,1.0,2.0,0.9934278386161102,0.9701245899266324,0.0,0.0,0.0,0.0,0.0,0.0,0.0,0.0,0.0,0.0,0.0,0.0,0.0,0.0,0.0,0.0,,,,,,,,,,,,,,,,,,,,,,,,,,,,
60.0,200.0,15.0,5,0.0,0.0,0.0,0.0,0.0,0.0,0.0,0.0,0.0,0.0,0.0,0.0,0.0,0.0,0.0,0.0,14.159795146312927,14.48716674352463,12.343340486111623,0.0052224328002210205,0.3410245093679029,-0.2181831666336153,0.0004701975557763402,0.1521672191037418,-0.13317476585925378,0.07953192504771875,0.10461056521078935,0.07583233089960975,-19.370791566563447,3.5601305331999997,43.687348,0.0,0.49260000000000004,1.0,2.0,0.9935265106098521,0.9702337951038642,0.0,0.0,0.0,0.0,0.0,0.0,0.0,0.0,0.0,0.0,0.0,0.0,0.0,0.0,0.0,0.0,,,,,,,,,,,,,,,,,,,,,,,,,,,,
60.0,200.0,30.0,5,0.0,0.0,0.0,0.0,0.0,0.0,0.0,0.0,0.0,0.0,0.0,0.0,0.0,0.0,0.0,0.0,13.839785447684871,14.483170010747989,8.684852725297228,0.01883638890110666,0.49035305654861483,-0.2796523570374986,0.00374527380697874,0.18748484821286868,-0.11793882518615888,0.0847151497023636,0.21517801850946264,0.07587399833548551,2.2749398963952423,4.2703104472,91.82512000000001,0.0,0.48916000000000004,1.0,2.0,0.9936363364298912,0.9727956170115949,0.0,0.0,0.0,0.0,0.0,0.0,0.0,0.0,0.0,0.0,0.0,0.0,0.0,0.0,0.0,0.0,,,,,,,,,,,,,,,,,,,,,,,,,,,,
60.0,200.0,45.0,5,0.0,0.0,0.00012000000000000002,0.4,0.0,0.0,0.0,0.0,0.0,0.0,0.00844,5.6,0.0,0.0,0.0,0.0,13.346412789551682,14.48973259177112,6.5536984166850685,0.022823515135281358,0.5509301027375744,-0.3193222276996122,-0.00237714444961896,0.2130571867392872,-0.15100625929760836,0.09620621761208978,0.39835124254114945,0.07580533924640805,2.249459351245574,4.7139913868,117.79455600000001,0.0,0.47984,1.0,2.0,0.9937039069634768,0.97171792166865,0.0,0.6,0.0,0.0,0.0,5.6,0.0,0.0,0.4,0.0,0.0,0.0,0.6,0.0,0.0,0.0,5.6519850403056004,5.442225324765821,39.6135391937603,-94.80177335796836,14.980108564102565,14.38659,92.36290046153846,78.49192,0.2876156410256411,0.050155,27.194871794871794,16.5,28.587179487179487,5.0,0.36298379699499306,0.29593641540615356,0.0890239181664352,-0.0191661505711989,0.4995874327148635,0.4466800010808944,0.4358974358974359,0.0,2.0,2.0,38.28770611195779,18.197579782541773,1.3258330818025144,-144.3034546158882
60.0,200.0,60.0,5,0.0,0.0,0.00428,1.8,0.0,0.0,0.0,0.0,0.0,0.0,0.08911999999999999,23.6,0.0,0.0,0.0,0.0,12.701723617035997,14.498020139414763,5.720560364179202,0.08833924345286637,0.8386763791923727,-0.3086359769332506,0.00395622008693894,0.4875496893705277,-0.14418497271518627,0.11846560086914246,0.4962588507137952,0.07571868056007233,-15.077779772776827,5.0688714176000005,123.36386999999999,0.0,0.5065999999999999,3.0,50.0,1.1175617341404103,0.8855527072195768,0.0,20.4,0.0,0.0,0.0,28.2,0.0,0.0,1.0,0.0,0.0,0.0,19.6,0.0,0.0,0.0,5.664904595496633,5.476871825062002,21.50409068968014,-17.61591710963796,12.614161205014197,11.3906775,95.28598000149252,76.6634325,0.21079483021299092,0.008342500000000001,31.863043405856835,17.5,21.4390842138569,1.0,0.7647520131131109,0.6930197139469945,-0.026506134564498948,-0.06261928033330585,0.49736776176385844,0.4454405995469028,0.3903558730713827,0.0,2.0,2.0,-63.18518458959992,-102.34675791999727,84.68927527928005,70.26910036273048
60.0,300.0,0.0,5,0.0,0.0,0.0,0.0,0.0,0.0,0.0,0.0,0.0,0.0,0.0,0.0,0.0,0.0,0.0,0.0,14.314067358225056,14.493072063884648,13.759335945346924,-0.0050899401208430815,0.1978046208824039,-0.20124989620525796,-0.0025153110175249603,0.12388427793369579,-0.12658936186732242,0.07768666490626097,0.08410465025124256,0.07577038554394008,-17.50047750575347,2.655028326,15.909386000000001,0.0,0.5005999999999999,1.0,2.0,0.9936514174993466,0.9695972257063243,0.0,0.0,0.0,0.0,0.0,0.0,0.0,0.0,0.0,0.0,0.0,0.0,0.0,0.0,0.0,0.0,,,,,,,,,,,,,,,,,,,,,,,,,,,,
60.0,300.0,0.5,5,0.0,0.0,0.0,0.0,0.0,0.0,0.0,0.0,0.0,0.0,0.0,0.0,0.0,0.0,0.0,0.0,14.312069371602671,14.488512985601943,13.827101821144685,-0.005811239680648619,0.196387893834378,-0.20697141420705933,-0.00289201140620314,0.11621103375035928,-0.1284318912585652,0.07770932559288343,0.08327023850841178,0.07581811735591713,25.249835606191343,2.6501805087999997,15.341288,0.0,0.49772,1.0,2.0,0.9934431527982961,0.970957829696282,0.0,0.0,0.0,0.0,0.0,0.0,0.0,0.0,0.0,0.0,0.0,0.0,0.0,0.0,0.0,0.0,,,,,,,,,,,,,,,,,,,,,,,,,,,,
60.0,300.0,1.0,5,0.0,0.0,0.0,0.0,0.0,0.0,0.0,0.0,0.0,0.0,0.0,0.0,0.0,0.0,0.0,0.0,14.312697588123623,14.487458514675035,13.892786001234976,0.006227103507723,0.21691336636443692,-0.1787241133715222,0.0029345557275506596,0.1229945368842295,-0.10704595728056017,0.07770022874309586,0.08246143799862007,0.0758291213915876,-12.580013972493438,2.6582644612,15.736132000000001,0.0,0.49763999999999997,1.0,2.0,0.9935152903171669,0.9700546707426703,0.0,0.0,0.0,0.0,0.0,0.0,0.0,0.0,0.0,0.0,0.0,0.0,0.0,0.0,0.0,0.0,,,,,,,,,,,,,,,,,,,,,,,,,,,,
60.0,300.0,2.0,5,0.0,0.0,0.0,0.0,0.0,0.0,0.0,0.0,0.0,0.0,0.0,0.0,0.0,0.0,0.0,0.0,14.309767739276008,14.490877750284174,13.635619330577061,0.0012230576129110802,0.21719795320943405,-0.19978237323744846,0.0003443954441210601,0.1314040173036403,-0.1275811343685719,0.07773613369881556,0.08564600751566002,0.07579333569774695,-30.914595504416543,2.6589916319999998,15.776076,0.0,0.50072,1.0,2.0,0.9934872521679354,0.969658618713319,0.0,0.0,0.0,0.0,0.0,0.0,0.0,0.0,0.0,0.0,0.0,0.0,0.0,0.0,0.0,0.0,,,,,,,,,,,,,,,,,,,,,,,,,,,,
60.0,300.0,5.0,5,0.0,0.0,0.0,0.0,0.0,0.0,0.0,0.0,0.0,0.0,0.0,0.0,0.0,0.0,0.0,0.0,14.309558880843795,14.505677252192168,13.590371501863057,0.0009289042729271402,0.21239704851123964,-0.20719149956130645,-0.0002466688300261399,0.1266143032396036,-0.1257465022945693,0.07774004541053767,0.0865315499088265,0.07563879915801852,0.32707935879801264,2.6642242960000004,16.284508000000002,0.0,0.49800000000000005,1.0,2.0,0.9934175017317808,0.9714566137048063,0.0,0.0,0.0,0.0,0.0,0.0,0.0,0.0,0.0,0.0,0.0,0.0,0.0,0.0,0.0,0.0,,,,,,,,,,,,,,,,,,,,,,,,,,,,
60.0,300.0,10.0,5,0.0,0.0,0.0,0.0,0.0,0.0,0.0,0.0,0.0,0.0,0.0,0.0,0.0,0.0,0.0,0.0,14.293824231389703,14.487954358410429,13.46126547392691,0.008109194486557461,0.24374161139710968,-0.2015123871262618,0.0031267133525953996,0.1312345664070366,-0.11598056125295117,0.07791977867318434,0.08797756138400663,0.07582393401004281,-24.083761698617643,2.718584826,19.61805,0.0,0.5010399999999999,1.0,2.0,0.9934432299778037,0.9701007306580356,0.0,0.0,0.0,0.0,0.0,0.0,0.0,0.0,0.0,0.0,0.0,0.0,0.0,0.0,0.0,0.0,,,,,,,,,,,,,,,,,,,,,,,,,,,,
60.0,300.0,15.0,5,0.0,0.0,0.0,0.0,0.0,0.0,0.0,0.0,0.0,0.0,0.0,0.0,0.0,0.0,0.0,0.0,14.2735893557755,14.487885671224978,12.89396935914046,0.00351901259273812,0.28524684599536426,-0.1693014350160201,0.00035462454181082,0.1367039102099829,-0.10620606115743932,0.07816923536746259,0.0958911750391042,0.07582473837837908,-47.953096364742095,2.79600518,27.762425999999998,0.0,0.4928,1.0,2.0,0.9935630440923671,0.9727923285553025,0.0,0.0,0.0,0.0,0.0,0.0,0.0,0.0,0.0,0.0,0.0,0.0,0.0,0.0,0.0,0.0,,,,,,,,,,,,,,,,,,,,,,,,,,,,
60.0,300.0,30.0,5,0.0,0.0,0.0,0.0,0.0,0.0,0.0,0.0,0.0,0.0,0.0,0.0,0.0,0.0,0.0,0.0,14.132981757009224,14.484046228837665,10.906540881018119,0.007922203939449559,0.4201659294293639,-0.20693154703995992,0.0002814350839777019,0.13965148970812022,-0.09620703809198604,0.08008261056498593,0.13513243673246605,0.07586503786494939,-2.7554504173071392,3.205916636,67.15309400000001,0.0,0.4946,1.0,2.0,0.9935381472666119,0.9706643060657031,0.0,0.0,0.0,0.0,0.0,0.0,0.0,0.0,0.0,0.0,0.0,0.0,0.0,0.0,0.0,0.0,,,,,,,,,,,,,,,,,,,,,,,,,,,,
60.0,300.0,45.0,5,0.0,0.0,0.0,0.0,0.0,0.0,0.0,0.0,0.0,0.0,0.0,0.0,0.0,0.0,0.0,0.0,13.737696818009585,14.492914173234102,8.057643956240454,0.015261301817170439,0.4515049947067505,-0.2861506091659902,-0.00133095358618482,0.14677355387327257,-0.1296108323854783,0.0871122134081342,0.2515673649296486,0.07577230744696095,-8.757059261934405,3.8402417772000006,93.91759400000001,0.0,0.49379999999999996,1.0,2.0,0.9936574678342369,0.9701821187756565,0.0,0.0,0.0,0.0,0.0,0.0,0.0,0.0,0.0,0.0,0.0,0.0,0.0,0.0,0.0,0.0,,,,,,,,,,,,,,,,,,,,,,,,,,,,
60.0,300.0,60.0,5,0.0,0.0,0.00048000000000000007,1.0,0.0,0.0,0.0,0.0,0.0,0.0,0.03848,10.4,0.0,0.0,0.0,0.0,13.085399297945878,14.506673952757092,6.254120586851567,0.057156574023564846,0.8321301491187312,-0.30404006896468444,-0.00581662397442012,0.47408723972960454,-0.13434622594615803,0.10741710741693244,0.4268510263737756,0.07562833695329693,11.145265926974053,4.2870023964,118.31503400000001,0.0,0.48936,2.8,50.0,1.0320018682673129,0.896936234259919,0.0,1.2,0.0,0.0,0.0,13.0,0.0,0.0,0.6,0.0,0.0,0.0,0.6,0.0,0.0,0.0,5.713366580042,5.409644738519844,-59.00171757396016,-162.02819739359435,11.37766576923077,10.311925,79.4332635576923,66.422755,0.17960826923076914,0.014145,35.02884615384616,20.0,21.932692307692307,1.0,0.8548353472747623,0.7882312810094616,-0.0338112546676934,-0.07185871400665025,0.49205742237447503,0.4449308951019722,0.41346153846153844,0.0,2.0,2.0,110.27746898341586,6.241829280856351,-169.27918655737602,-311.2315388229606
80.0,5.0,0.0,5,2141.40468,4618.2,2127.56556,4603.0,758.3378399999999,1738.0,758.26348,1737.8,2118.1778000000004,4592.8,2167.86632,4650.0,1359.36796,2854.4,1356.31792,2851.2,3.0489920257641225,14.482991865214462,2.513896080557437,-0.8955778752464525,1.9845696964527584,-3.1907656348651026,-0.841752904951955,1.7631816428341458,-2.9656487025673965,2.304831810803652,2.5184131142248583,0.07587594498822034,-0.11853278049309848,29.011795261600003,130.476528,0.001486,4.67604,5.0,29.8,1.9720278821517634,0.7942261639595773,4681.6,4639.8,1738.0,1737.8,4592.8,4678.6,2854.4,2851.2,1.8,0.6,0.6,8.6,11.4,0.4,0.4,1.0,2.560115401050786,2.513896080557437,0.1182518173476548,-179.94364119648205,29.588459054271812,23.572154,126.25342040700225,81.692104,3.764533039336874,0.003274,1.184100748302869,1.0,38.66637591884325,4.8,-0.8351988630795699,-3.1907656348651026,-0.7879906863776023,-2.9656487025673965,2.4499908665167824,0.45799831632085947,4.951845077174108,1.4,6.17737407208821,3.6,0.04408610869764722,-179.95276460643214,0.07416570865000764,-225.44294607139696
80.0,5.0,0.5,4,1834.6734500000002,4229.75,1829.89115,4224.75,0.0,0.0,0.0,0.0,1805.9207000000001,4197.75,1851.3196500000001,4246.75,235.69925,767.5,234.93225,766.25,3.610148292101011,14.466045577361472,2.544054154916832,-1.6058967226961092,1.6091885660361727,-3.3867787127800546,-1.526931481588304,1.4943480629911126,-3.1451573734431073,2.0793201221248854,2.4599635965927424,0.07605390797868875,0.1838153638530164,32.8159770835,131.45515,0.000905,4.2987,5.0,44.5,3.4575241395132372,0.7891794820683857,4342.75,4307.75,0.0,0.0,4203.25,4370.5,767.5,766.25,2.75,0.25,0.25,12.5,23.75,0.0,0.0,1.5,2.626957553795398,2.544054154916832,-0.018429563061812038,-179.90951097863618,34.13382803163641,20.27338,127.70475014872343,63.575265,3.3434419539600437,0.001085,3.558622997648624,1.5,34.991705187242125,1.5,-2.0158468129508647,-3.3867787127800546,-1.9103632134779853,-3.1451573734431073,2.3593710569283726,0.4495137081468969,4.8374157580479835,0.0,10.554020248952277,2.0,-0.942291061680747,-179.9215852198957,0.923861498618935,-336.0610093423775
80.0,5.0,1.0,5,1771.1790399999998,4172.6,1759.76296,4157.6,899.1920399999999,2303.6,900.6190399999999,2305.4,1755.73056,4154.0,1792.9928399999997,4199.6,853.91596,1845.6,852.67124,1844.2,3.6720357751671644,14.474294712046117,2.5132763399771973,0.3625618750588819,2.7551910672391804,-2.513150905223907,0.34325804012251177,2.436519614494825,-2.2754771520136208,2.109584364914059,2.519651668135102,0.07596732595880186,1.8362152183105862,28.279782748000002,130.28329200000002,0.00034999999999999994,4.2848,5.0,46.8,1.9740284578120275,0.7929125656533148,4244.0,4217.6,2303.6,2305.4,4156.2,4310.6,1845.6,1844.2,2.8,0.4,0.4,13.4,17.0,0.6,0.6,1.2,2.6023059543903875,2.5132763399771973,0.265322559609234,-179.88313684235996,29.555783860860288,19.072726,125.78710920688941,58.18175599999999,3.730538938241744,0.000984,1.437705911760493,1.0,38.40851009265627,1.0,0.690351861315025,-2.431704685880466,0.6526355409352597,-2.268047610139876,2.4166688718358595,0.44540649351338873,4.871908942572174,0.0,6.261670672465023,2.0,0.3129035343600323,-179.8811460742411,-0.047580974750798255,-313.61276908530533
80.0,5.0,2.0,5,1939.5785199999998,4353.6,1925.09444,4337.4,470.15904,969.6,470.93512,970.4,1917.9232800000002,4329.8,1953.318,4368.8,612.4690800000001,1535.4,611.60872,1534.2,3.4909232758777833,14.469539334188534,2.5234012618780364,0.7630449618781521,2.696658447228871,-2.0691806914088904,0.7043575756738177,2.5030129110230495,-1.8529575511595486,2.1568214597395228,2.4998102427011517,0.07601710585571628,-0.3516032308650461,29.6548800192,131.25566399999997,0.00024000000000000003,4.3919999999999995,5.0,38.6,2.676943785944216,0.7964907632160478,4400.8,4366.0,969.6,970.4,4329.8,4418.2,1535.4,1534.2,2.0,0.4,0.4,11.0,16.2,0.2,0.2,1.0,2.5899428575517236,2.5234012618780364,-0.06464043216734036,-179.939422699668,30.777695201111463,21.711983999999998,127.23895457545532,78.021618,3.5295668624225818,0.001576,2.7472841746074317,1.0,37.244480996424315,3.4,0.5783305512356078,-0.8187169117060122,0.5288696087561654,-0.7591672200517603,2.4151888245423203,0.45010864647072246,4.89262746926399,0.6,8.414350226081359,2.8,0.11482085417255479,-179.92428634057916,-0.17946128633989497,-334.77847328108317
80.0,5.0,5.0,5,1679.977,4043.0,1661.99784,4022.6,955.87524,2342.0,957.73224,2344.4,1654.24516,4013.2,1679.15112,4042.4,0.0,0.0,0.0,0.0,3.8740257684422774,14.477588858209947,2.513691195926028,2.9841654802086035,3.7348396837819826,-0.8924400522375577,2.8049304677459963,3.496957804079604,-0.6038098759216874,2.0499929347503603,2.51917694648805,0.07593252206586669,0.18169372272815704,29.1582548036,131.582514,0.000476,4.17324,5.0,47.2,2.7654691098928317,0.7921784984352579,4250.2,4166.6,2342.0,2344.4,4025.2,4185.6,0.0,0.0,3.2,0.0,0.0,19.8,51.0,0.6,0.6,1.4,2.602675071499551,2.513691195926028,0.08760733253555024,-179.95064359036198,30.958311816920734,23.343592,127.69094683478127,85.231752,3.1331086835117388,0.0027860000000000003,2.982884249773718,1.0,37.39800984001439,1.2,3.5446718340525343,-0.11601255538946362,3.3283683775826973,-0.05715973400446147,2.4100315183885312,0.44753520435412275,4.8545281529372195,0.2,8.726308043918293,2.0,-0.5758041841001351,-179.84916540409344,0.6634115166356855,-326.91666992775083
80.0,5.0,10.0,5,2081.71512,4544.6,2071.9962,4535.0,723.63264,1694.4,725.35852,1696.4,2057.22808,4519.0,2078.82444,4541.8,0.0,0.0,0.0,0.0,3.209671105078324,14.472491456272738,2.512890257473335,2.122178391014758,3.2069517352590298,-1.2075662743763158,1.9908844333478624,3.0145671493385557,-0.876990120736802,2.265596089488335,2.5208503722481916,0.07598632429433287,-0.28800022104680434,30.6611073292,131.696424,0.0014260000000000002,4.60408,5.2,39.2,2.6352253195639515,0.7894583836357824,4620.6,4618.6,1694.4,1696.4,4520.0,4583.4,0.0,0.0,2.4,0.0,0.0,11.8,41.4,0.4,0.4,1.2,2.559795715306536,2.512890257473335,-0.05313000942636927,-179.9379844822828,31.598929890127437,26.626423999999997,128.09368334163742,102.46021599999999,3.682251290136258,0.002798,2.7980402195317033,1.4,38.72259581967039,4.6,2.2586613341054638,-0.20993251629046994,2.124079295197292,-0.13935175969649408,2.4553808777822668,0.44627571413453937,4.95501784100694,0.6,8.120591820374324,3.4,0.2836176688961152,-179.900170694696,-0.33674767832248437,-300.50651517655604
80.0,5.0,15.0,5,1979.0080000000003,4426.8,1924.0689200000002,4364.0,1911.1495199999997,4349.8,1914.58888,4353.8,1916.4147999999998,4356.4,1974.2037600000003,4421.6,0.0,0.0,0.0,0.0,3.312080728798827,14.478839555492746,2.4855024908066135,3.5073002516496223,3.991363257911362,-0.7070244799355957,3.3078137942785135,3.758529785073745,-0.43360638301687293,2.2696478249802903,2.5762742036901924,0.07591949203042639,-0.052045686042318275,28.866510510399998,131.40410000000003,0.000326,4.520639999999999,5.0,37.0,2.071156693073648,0.791632178105228,4563.8,4555.6,4349.8,4353.8,4377.2,4529.8,0.0,0.0,3.2,0.0,0.0,11.2,61.0,1.0,1.0,2.4,2.5563028875880898,2.4855024908066135,0.020088108505827297,-179.91667782227915,29.995637620685,23.620334000000003,127.71343296172613,95.157322,2.6432239162379356,0.0009720000000000001,1.5955632504943225,1.0,38.80216770925105,2.6,3.8433712047341912,0.5580639159073681,3.627920832968652,0.40932129868872663,2.4851785155529744,0.45438072267878854,4.907292796862371,0.8,6.479965587882934,2.8,-0.007290505672150588,-179.91438364704936,0.02737861417797801,-352.3495480331883
80.0,5.0,30.0,5,2420.2912,4919.0,2411.35668,4909.8,956.59424,1955.8,958.74916,1958.0,2384.19544,4882.2,2415.7340400000003,4914.4,0.0,0.0,0.0,0.0,2.663086322670834,14.485580247564656,2.487636698767546,3.3800751426864073,3.4724075884348173,-0.06362264549659027,3.183788087190524,3.254113932254371,-0.07440823380874165,2.4831203619894113,2.572420165772241,0.07584886743174615,0.41659362415286044,30.520022286,132.484318,0.0005499999999999999,4.79116,5.0,33.2,3.002580142547514,0.7945849778735695,4925.4,4945.6,1955.8,1958.0,4882.2,4914.4,0.0,0.0,1.0,0.0,0.0,2.6,10.8,0.4,0.4,1.0,2.5163774881788705,2.487636698767546,-0.09692539518330254,-179.88308340629948,30.736251499469507,26.971388,129.1708795099827,121.374672,1.6780589120679203,0.0005499999999999999,1.4984619570464903,1.0,33.84501714797884,7.0,3.4228547821574473,1.9758983139054327,3.224492106282387,1.999961000816453,2.5233028965506863,0.46110006568721296,4.837851650435293,3.4,9.074179466317199,8.4,0.11714766806376824,-179.91733073655018,-0.21407306324707093,-345.52881315313596
80.0,5.0,45.0,5,2301.97536,4796.4,1875.6821599999998,3908.2,1360.93748,2856.8,1364.56276,2860.6,2248.73892,4739.4,2298.89712,4793.2,0.0,0.0,0.0,0.0,2.8235583690418764,14.466651928546039,2.4672369400079606,3.4976438192356705,3.6898616584072608,-0.15030004098198443,3.2647823234840603,3.461768739082442,-0.08822985604098552,2.4623769399472244,2.6154534622159864,0.07604767311148582,0.36251796947689263,30.496806245200002,132.24107,0.000202,4.689920000000001,5.4,42.2,2.806069073216789,0.7932156039767031,4815.2,4589.6,2856.8,2860.6,4739.4,4793.2,0.0,0.0,1.0,0.0,0.0,3.8,206.0,0.6,0.6,1.0,2.507223510967659,2.4672369400079606,0.25934778478705833,-179.93950245826713,31.049975693787268,27.427355999999996,128.0654033721839,119.64487800000002,1.3549686854393377,0.00020600000000000002,3.2788339539659916,1.2,36.70517961995878,6.2,3.6180720409719243,1.8798015663193102,3.381122743683746,1.6787867488355286,2.559018918054771,0.4622431945097866,4.824492902426531,2.4,8.924364832918945,4.8,-0.04440096398192946,-179.90781588736823,0.30374874876898766,-315.9292755617301
80.0,5.0,60.0,5,2346.44572,4843.4,2340.8736799999997,4836.8,1865.5923199999997,3862.8,1871.0019200000002,3868.4,2289.55856,4783.4,2363.4957600000002,4861.0,0.0,0.0,0.0,0.0,2.7524411723865176,14.478317776144959,2.459998402343591,3.6635613445622517,3.8155435512845117,-0.04785243101631281,3.4705155643425214,3.591697535425503,-0.04580622308009636,2.498993533323401,2.6311213333322288,0.07592488154470144,-0.014931712560082633,30.968105128,132.586898,0.00011600000000000003,4.920920000000001,5.2,17.2,2.2396782570027,0.7898842750116148,4856.2,4952.4,3862.8,3868.4,4783.4,4861.4,0.0,0.0,1.2,0.0,0.0,3.2,20.4,0.8,0.8,1.0,2.509916814772319,2.459998402343591,0.336582824198849,-179.89907679375762,31.345863303184892,25.721538,129.53017600198672,121.185032,0.9907845159540691,0.00017800000000000004,2.2659991826726604,1.0,36.2372318472809,6.8,3.7381677839072553,2.38079487337962,3.5385521410140512,2.30898213882762,2.566242068150147,0.45017784025066865,4.960845779404153,3.4,7.676828769922354,5.4,0.6305056994413424,-179.8515478061248,-0.2939228752424934,-336.44124377516727
80.0,10.0,0.0,5,520.90132,1277.4,505.97080000000005,1251.8,0.0,0.0,0.0,0.0,509.05176,1248.4,533.05232,1318.0,505.79064,1245.6,505.1808400000001,1244.4,9.019157667938412,14.480043035246158,3.6407909037916086,-0.9966399600568809,1.099157588936286,-2.5390224459914323,-0.9372687126853272,0.9321126956274892,-2.279666436602127,0.7352614399130603,1.632819348044892,0.07590681455078928,-3.53967123766857,18.634358155999998,121.53595800000001,0.000174,1.64244,4.2,45.4,1.4523440990356338,0.8382850571890703,1281.0,1278.4,0.0,0.0,1248.8,1381.0,1245.6,1244.4,2.4,0.4,0.4,3.2,11.8,0.0,0.0,0.6,3.79936576371249,3.0005991911015926,0.023692447772188263,-177.565541972448,25.91026753974143,14.163795,106.55968011546165,41.463260000000005,2.2187390895325776,0.002635,7.670955436211966,1.0,32.5071736945707,1.0,-1.9468183704271127,-2.9182443930772286,-1.8284479748300484,-2.695502576833651,1.5421311576432495,0.44575486208992215,2.9492652064141645,0.0,8.854430196064456,2.0,-1.8625973267978975,-177.1642967971004,1.8862897745700842,-317.77976578057144
80.0,10.0,0.5,5,71.49796,528.4,70.39128000000001,524.6,45.81364,302.6,45.8742,302.8,70.71348,525.8,82.2208,576.4,0.0,0.0,0.0,0.0,10.41472575904953,14.473109366960767,4.272495362852906,0.3715064492115493,2.0494867598953355,-1.4513336689850829,0.35764395427075146,1.793453437235969,-1.1426468840431023,0.3866277928027312,1.3550555846424728,0.07597953494049171,-0.3509867041558916,16.535577066400002,117.48603,0.0,0.9896800000000001,3.8,47.8,1.6164944153503584,0.8868783900025704,556.0,550.6,302.6,302.8,525.8,630.4,0.0,0.0,1.4,0.0,0.0,3.2,11.6,0.2,0.2,0.4,3.606923938400548,3.0074684616584,-9.100851149187488,-179.8269196269307,26.654525915491707,16.05099,113.43567558663449,43.46471333333333,2.4516347938966683,0.0017800000000000001,7.263928994655252,1.0,31.113607946987837,1.0,2.137028113961932,-1.364815286138117,2.041959270671773,-1.2630023018014684,1.667704834701835,0.4452369317370774,3.324019726394028,0.0,10.797966496569849,2.0,-5.435171826440005,-170.25615186867594,-3.66567932274749,-285.0954118405377
80.0,10.0,1.0,5,274.02428000000003,742.4,266.82475999999997,732.2,0.0,0.0,0.0,0.0,265.50728,728.6,279.02012,788.8,0.0,0.0,0.0,0.0,9.966210789843178,14.479298374182553,4.365386573523402,0.4881574242221725,1.5980730260198128,-1.0246555011721596,0.4527388418406247,1.4329623219275962,-0.7427666394862902,0.47867350978008816,1.0939927641260228,0.07591477882140045,1.287216341360511,18.5090386596,124.81551200000001,2.0000000000000003e-06,1.16144,4.2,45.6,1.7749573913383638,0.8751034237369257,744.0,745.8,0.0,0.0,731.8,809.8,0.0,0.0,1.6,0.0,0.0,1.6,6.8,0.0,0.0,0.4,4.616535899838827,3.955337682521656,9.424781108112622,-176.12793134912454,25.882681002726436,16.2128075,95.28561003007658,44.72824249999999,1.564816309643388,0.0089025,11.586245683250102,1.0,28.020046890909978,1.25,0.8896547547357603,-0.1919454384290261,0.8197562890103434,-0.222051461500123,1.0406074511270642,0.443491615539187,2.083560066352722,0.0,11.607100077653046,2.0,0.8245530084555215,-179.64540047040012,8.600228099657098,-296.38364914985107
80.0,10.0,2.0,5,793.12836,2219.6,786.8468,2211.2,461.23127999999997,1334.8,461.54848000000004,1335.2,787.97596,2211.4,821.6249199999999,2280.8,323.1276,803.8,322.80612,803.4,7.251041955962934,14.476785398749424,2.8030455773504013,0.48811573877494574,2.7150669292259835,-1.603172626095477,0.4554117906368519,2.556234648402602,-1.3255772172658635,1.1919888078322607,2.21027887595996,0.07594115762016398,-6.527045116451565,21.743435220000002,130.01496600000002,8.400000000000001e-05,2.525,4.8,47.8,1.7741115944637038,0.8093668661677149,2263.2,2244.0,1334.8,1335.4,2211.4,2380.4,803.8,803.4,2.8,0.2,0.2,5.8,14.8,0.4,0.6,0.8,3.1780762765274533,2.8030455773504013,-3.32398012758856,-179.5568456333132,27.493751807101688,16.153928,115.70756364429346,46.433328,3.1000549621100233,0.0018459999999999998,3.816217053072436,1.0,35.04296242472001,1.2,1.2368579689563775,-1.0807560166246721,1.157564988567438,-1.0052624833128438,1.9563642320995882,0.44640144018270284,3.896304265560076,0.0,7.582176636951343,2.0,-0.1517552679640204,-179.04089131604687,-3.1722248596245395,-325.3952219530479
80.0,10.0,5.0,5,977.9434800000001,2727.8,955.32968,2684.6,256.82956,716.6,257.54663999999997,717.6,951.5495200000001,2680.8,994.00876,2761.2,101.56523999999999,450.6,101.47512,450.4,6.511683039514553,14.484962293536663,2.7192895500616157,0.44064675213534965,2.317620396159794,-1.9418536540004752,0.40889754024757174,2.1178285549019695,-1.5909085836186105,1.3875157631818504,2.2492447458498352,0.07585530950453324,-0.6235460915473251,25.243488994400003,129.535502,0.000358,2.8140400000000003,4.6,42.6,2.7841416449163203,0.8224259516487745,2774.6,2728.2,717.0,717.6,2683.4,2818.8,450.6,450.4,2.6,0.2,0.2,6.4,23.0,0.4,0.2,1.0,3.060353008235143,2.7192895500616157,-6.780479234097145,-178.57204178128197,32.077618281037246,20.005906,120.8789800527798,67.295478,3.1018382931065913,0.001994,7.2098202907026545,1.0,31.606125094489634,1.2,0.17248138019912887,-1.1462784469077678,0.1352130668434488,-1.0519169816752718,2.046156778107148,0.4498636359557177,3.91135086750093,0.0,10.030170873147691,2.0,4.779507027546554,-179.73045242564922,-11.559986261643697,-329.3744018823869
80.0,10.0,10.0,5,1190.3031600000002,3042.2,1165.20356,3003.6,390.69284,1242.4,391.35532,1243.4,1164.08464,3007.2,1201.0783999999999,3061.6,0.0,0.0,0.0,0.0,5.94134331940296,14.466921578527263,2.558822291724451,0.9858271194927912,3.091824690384013,-1.5167192820220432,0.9149425737886435,2.932289007880846,-0.9811573824191274,1.5472862132265799,2.4375782500947607,0.07604460384983688,-2.0085653008971436,24.997491184399998,130.35234599999998,0.00020600000000000002,3.2305599999999997,5.0,46.0,2.2800175299811682,0.805694073460695,3116.2,3105.6,1243.4,1244.2,3007.2,3082.8,0.0,0.0,2.4,0.0,0.0,16.2,66.0,0.6,0.6,1.0,2.883482841478614,2.558822291724451,1.979615956465225,-177.67550689356375,30.044906479418234,21.994058,124.38689416055914,88.258572,3.021614711563535,0.0019060000000000001,5.952801923301161,1.0,33.18542046460142,1.6,1.690522028926344,-0.5331180794537917,1.564725650484177,-0.5525361114814278,2.187927527309344,0.44936476835060873,4.318172780762234,0.0,8.949124433461746,2.0,12.746734554011086,-179.3268111675747,-10.76711859754586,-289.7856314707962
80.0,10.0,15.0,5,1256.42972,3326.6,1235.52448,3301.8,0.0037600000000000003,0.4,482.65312000000006,982.4,1221.16168,3277.8,1261.12168,3332.8,0.0,0.0,0.0,0.0,5.162206788193634,14.478523330181128,2.533008345736862,2.23957531685339,3.314277785746282,-0.5627144546578343,2.0645357154339314,3.0670124551768985,-0.2505028683152781,1.7198087261550015,2.481148560030193,0.07592287690591519,1.0580796614621568,29.597284670000004,132.3081,0.000746,3.5014000000000003,5.4,47.0,3.8238207841629674,0.80220405591262,3589.0,3567.2,18.6,982.4,3406.6,3523.4,0.0,0.0,4.6,0.0,0.0,15.4,99.6,18.4,0.2,1.8,2.6372128560465944,2.533008345736862,-0.19888137858998742,-179.87654163877679,35.22299929706089,21.46791,128.71122644951075,89.80086600000001,2.2994550560213716,0.0016640000000000001,4.478724475335709,1.0,30.487768557023323,1.8,3.099417600990784,0.3232969797955898,2.8773213311804495,0.15124603394607108,2.370418380242234,0.446830976108183,4.737315377100818,0.4,12.181441161267394,2.6,-0.06579277129368197,-179.8877698848455,-0.13308860729630548,-323.82485047900917
80.0,10.0,30.0,5,2050.46808,4511.6,2040.13232,4501.6,1175.2102399999999,2643.8,1177.85584,2646.8,2018.7416400000002,4478.2,2054.18744,4515.8,0.0,0.0,0.0,0.0,3.1561561939437492,14.468500807904997,2.4718980717706542,3.435620002434601,3.807639530981544,-0.43209209111888824,3.2144431767460455,3.5597824249547436,-0.1551272404686263,2.341591287003755,2.6047972757307947,0.07602799337162774,-2.3962653213903957,29.4204879652,132.22088200000002,0.000428,4.57924,5.0,39.6,2.4420817074020045,0.789735064811435,4626.4,4666.0,2643.8,2646.8,4488.8,4607.0,0.0,0.0,2.4,0.0,0.0,8.2,64.6,0.6,0.6,1.6,2.5333524025665173,2.4718980717706542,0.1608060518498026,-179.92482564232074,30.51988247943957,24.945346,128.88765813875034,101.905486,2.1451430380775585,0.000564,1.78948581499908,1.0,38.62844022789578,3.0,3.6947015879830283,0.8093196773711278,3.4654869498707006,0.7236626910326629,2.524107745249139,0.45949634880962026,4.884822300121888,1.6,7.554536082844139,3.8,0.16324601192004196,-179.88481142202653,-0.002439960070239666,-343.03951988071606
80.0,10.0,45.0,5,2105.1768,4545.6,2128.68444,4573.2,899.6829600000001,1897.0,1385.19648,2882.2,2089.7093200000004,4531.0,2106.09024,4546.8,0.0,0.0,0.0,0.0,3.1352308009279164,14.467001384768128,2.467578118003472,3.435508735102006,3.7429617804963558,-0.19600994410633107,3.2211158278489185,3.5056313766473166,-0.10691573153213677,2.373102545563196,2.614090206876895,0.07604379298957724,-2.9718051527480815,29.9506200256,131.994022,0.00016999999999999996,4.62232,5.2,17.8,2.4600584883360574,0.7946099456299653,4639.0,4746.0,1904.6,2882.2,4537.0,4621.2,0.0,0.0,1.4,0.0,0.0,3.6,66.6,8.2,0.6,1.8,2.5099302960523278,2.467578118003472,-0.8666226466850159,-179.90685210941697,31.20840332308702,26.64803,129.03404304769418,121.22977799999998,1.6056543163577506,0.00016999999999999996,3.3473055571714405,2.8,35.7730836395539,6.8,3.6591176367734577,2.227856452542648,3.4356134356034644,2.205316193630076,2.5497755706239715,0.45401121100423253,4.892213004339398,3.2,7.6972834304936395,5.8,0.5385673722268858,-179.9588884231194,-1.4051900189119013,-296.6829204807045
80.0,10.0,60.0,5,2030.4384400000004,4493.4,1745.3937999999998,3827.4,403.23608,918.4,738.5116399999999,1717.0,1993.71308,4451.0,2033.4173600000001,4497.4,0.0,0.0,0.0,0.0,3.3122353078582543,14.494137952133624,2.4936931591542075,3.1399718500447253,3.4864691876342007,-0.2245245343142485,2.911951713331257,3.2438523140044437,-0.11884357069701532,2.273013840505473,2.563416112357106,0.07575928999880707,0.6229559163624211,31.787532142000003,131.701184,0.00011200000000000001,4.5955200000000005,5.2,35.6,2.7493810271471197,0.7949548542457946,4510.2,4729.6,1686.2,1717.0,4451.0,4516.8,0.0,0.0,1.4,0.0,0.0,3.6,93.4,26.4,0.4,1.0,2.552005186726664,2.4936931591542075,-0.33155994496371777,-179.94749070043093,33.65236640832099,25.717276000000005,127.94582972821892,114.68823,0.9740686305674167,0.00012200000000000001,5.2972078253641985,1.8,31.94279495627128,6.8,3.4178974187438,1.7317612671629246,3.177284707251231,1.4947518054312054,2.4915657755567695,0.44883453649372473,4.907094158885762,2.4,9.067089796777298,6.0,-0.042731729333421106,-179.9302787562699,-0.2888282156302967,-303.2940256949112
80.0,50.0,0.0,5,0.0,0.0,0.0,0.0,0.0,0.0,0.0,0.0,0.0,0.0,0.0,0.0,0.0,0.0,0.0,0.0,13.758808445014642,14.484029734600568,11.011804120596214,8.49675176004018e-06,0.5203864790799402,-0.5301371130093617,4.7574211971540115e-05,0.3083184987899906,-0.30323769874924866,0.08442175737709427,0.1339910635909312,0.07586532702891083,-19.35168865544035,6.4897326396,39.335212,0.0,0.49772,1.0,2.0,0.9935192516031833,0.9729153618445745,0.0,0.0,0.0,0.0,0.0,0.0,0.0,0.0,0.0,0.0,0.0,0.0,0.0,0.0,0.0,0.0,,,,,,,,,,,,,,,,,,,,,,,,,,,,
80.0,50.0,0.5,5,0.0,0.0,0.0,0.0,0.0,0.0,0.0,0.0,0.0,0.0,0.0,0.0,0.0,0.0,0.0,0.0,13.731708762665601,14.485825637561069,10.42252149279177,0.015736359894732162,0.5531319580264804,-0.4756446525689416,0.007563523899668781,0.3334420255171537,-0.30298848843065346,0.08484420787719552,0.1525556227056237,0.07584621669047893,-13.095122887803532,6.5114946348,39.79779,0.0,0.50104,1.0,2.0,0.9935979405918074,0.9672657492548993,0.0,0.0,0.0,0.0,0.0,0.0,0.0,0.0,0.0,0.0,0.0,0.0,0.0,0.0,0.0,0.0,,,,,,,,,,,,,,,,,,,,,,,,,,,,
80.0,50.0,1.0,5,0.0,0.0,0.0,0.0,0.0,0.0,0.0,0.0,0.0,0.0,0.0,0.0,0.0,0.0,0.0,0.0,13.72298076827328,14.482413650738044,10.577518558726965,0.01574102896198088,0.5502219955588394,-0.4347498194070769,0.00731291569852926,0.33382991483150937,-0.26317838627134693,0.08501471707637051,0.1466585721863403,0.07588212893518619,-19.93039870096111,6.5064090772,40.241672,0.0,0.50092,1.0,2.0,0.9936930399047922,0.97053203908766,0.0,0.0,0.0,0.0,0.0,0.0,0.0,0.0,0.0,0.0,0.0,0.0,0.0,0.0,0.0,0.0,,,,,,,,,,,,,,,,,,,,,,,,,,,,
80.0,50.0,2.0,5,0.0,0.0,0.0,0.0,0.0,0.0,0.0,0.0,0.0,0.0,0.0,0.0,0.0,0.0,0.0,0.0,13.77096241972589,14.483581611746349,11.523616538282456,0.00766592048971952,0.4879546259434555,-0.45162564188565,0.0031171072432031204,0.27474952086495213,-0.28071815361335617,0.0841979494648014,0.12027269279897976,0.07586991218947833,-10.935649383328244,6.540464351599999,40.592142,0.0,0.49223999999999996,1.0,2.0,0.9935182705199381,0.970613311492035,0.0,0.0,0.0,0.0,0.0,0.0,0.0,0.0,0.0,0.0,0.0,0.0,0.0,0.0,0.0,0.0,,,,,,,,,,,,,,,,,,,,,,,,,,,,
80.0,50.0,5.0,5,0.0,0.0,0.0,0.0,0.0,0.0,0.0,0.0,0.0,0.0,0.0,0.0,0.0,0.0,0.0,0.0,13.633892814361086,14.483331243286505,9.949546282732438,0.0192700104734606,0.608096990226461,-0.4446904413466285,0.00740151082075156,0.33597935357349273,-0.2697222157501589,0.08639786301630809,0.16663096207866443,0.0758723722726739,-17.547790675629255,6.865244301599999,63.69664,0.0,0.49396000000000007,1.0,2.0,0.9935742415683929,0.9676833455026699,0.0,0.0,0.0,0.0,0.0,0.0,0.0,0.0,0.0,0.0,0.0,0.0,0.0,0.0,0.0,0.0,,,,,,,,,,,,,,,,,,,,,,,,,,,,
80.0,50.0,10.0,5,0.0,0.0,0.0,0.0,0.0,0.0,0.0,0.0,0.0,0.0,0.0,0.0,0.0,0.0,0.0,0.0,13.5054402330455,14.488795933098647,8.95921203578067,0.028666891775559877,0.6602233286150575,-0.38742547633592456,0.01074769628717576,0.33174442104789054,-0.2320374133466828,0.0887315795680237,0.20415425959299677,0.07581529782827032,-3.213919454278544,7.4375501268,109.26976200000001,0.0,0.49508,1.0,2.0,0.9936113405720611,0.9728364273659258,0.0,0.0,0.0,0.0,0.0,0.0,0.0,0.0,0.0,0.0,0.0,0.0,0.0,0.0,0.0,0.0,,,,,,,,,,,,,,,,,,,,,,,,,,,,
80.0,50.0,15.0,5,0.0,0.0,0.0012799999999999999,1.2,0.0,0.0,0.0,0.0,0.0,0.0,0.0,0.0,0.0,0.0,0.0,0.0,13.126627024341659,14.489304260089753,7.302447187745348,0.05346367731596262,0.7174385767053668,-0.4140613656117301,0.020634007696530017,0.36240401287433666,-0.2191125368892391,0.0961056328208195,0.30279287747887784,0.07580981212171484,-13.768344709082323,8.361035342000001,121.77516400000002,0.0,0.49412,1.0,2.0,0.9936756610264116,0.9695508104709483,0.0,6.2,0.0,0.0,0.0,0.0,0.0,0.0,0.0,0.0,0.0,0.0,6.0,0.0,0.0,0.0,,,,,,,,,,,,,,,,,,,,,,,,,,,,
80.0,50.0,30.0,5,0.0,0.0,0.060520000000000004,4.6,0.0,0.0,0.0,0.0,0.0,0.0,0.009,7.2,0.0,0.0,0.0,0.0,12.510439217327276,14.469323464249777,5.707269959495558,0.07028110728305395,0.7248006323714081,-0.40025508280591265,0.019194514182702842,0.46880676743456495,-0.1814147998295411,0.11457919037429383,0.49455661408895324,0.07601954944521064,-12.300956650034774,8.45136545,125.97268999999999,0.0,0.48360000000000003,1.6,30.4,0.9936639223934687,0.948659397279837,0.0,276.4,0.0,0.0,0.0,7.2,0.0,0.0,0.8,0.0,0.0,0.0,257.4,0.0,0.0,0.0,5.723448578365631,5.592750083273042,51.85063098274583,34.60132063590339,18.231774958333332,17.341305000000002,113.55122804166665,101.85448249999999,0.3320739583333333,0.0296625,24.733333333333334,16.0,24.075,6.75,0.406221983034974,0.3431733076094383,0.17084409853429533,0.04005441920295748,0.4888829458344168,0.45399923476690485,0.8166666666666665,0.0,10.2375,2.0,-65.90945512466354,-89.02719486047219,117.76008610740936,20.52110315775805
80.0,50.0,45.0,5,0.14596,28.8,0.19428,9.6,0.0,0.0,0.0,0.0,0.0,0.0,0.59792,65.6,0.0,0.0,0.0,0.0,11.87377310482888,14.493573172124957,3.4003710669384235,0.1310413377672457,1.3409500405490047,-0.4468791926309711,0.03877145879968916,1.2016268901748348,-0.18858615817266924,0.14655366161902644,1.4171277275031127,0.07576512653782996,-3.8830884494018947,8.461982869600002,127.42866599999999,0.0,0.5686399999999999,5.0,50.0,1.9999641613533405,0.8416899373529174,38.4,786.6,0.0,0.0,0.0,99.8,0.0,0.0,2.4,0.0,0.0,4.8,697.4,0.0,0.0,0.0,4.494272785192889,3.4003710669384235,24.85956408502785,-137.00431283814555,25.34179108349686,16.78961,115.92304899278335,90.64442599999998,0.5961193579917919,0.002332,20.30489823138845,3.8,25.16814628446939,1.0,0.7641389251696185,0.29109576703479934,0.5424378900755362,-0.053345785927795084,0.8777072027309671,0.44598264020226736,2.5856261327837213,0.0,24.728606408222486,2.0,-6.685450311909003,-170.41010069907279,31.545014396936846,-255.61806670150662
80.0,50.0,60.0,5,1.10192,58.6,0.6772,28.0,0.0,0.0,0.0,0.0,0.037919999999999995,8.6,26.06644,366.6,0.0,0.0,0.0,0.0,10.467968251354128,14.519547317139972,3.4568993123013003,0.35469929502312836,1.8592060337130305,-0.364090124241535,0.10564994423400169,1.2869326042387441,-0.15597909843585117,0.25092002551149123,1.5364408817441884,0.0754943318767671,-0.9418643531214697,10.4505150848,128.65930000000003,0.0,0.8846399999999999,4.6,50.0,3.3925688923122026,0.8355361939204464,146.8,1482.2,0.0,0.0,9.0,557.0,0.0,0.0,4.6,0.0,0.0,10.2,927.6,0.0,0.0,0.6,4.729623513321825,3.4568993123013003,0.9487557245743095,-163.90491363336915,21.0326031045687,12.604754,118.24610676881716,90.35837599999999,0.4840659572833057,0.00177,26.350888963215557,4.8,23.39259557445401,1.0,1.1166511745842262,0.5732274812366241,0.3122473874986297,-0.10285097538221064,0.8176732671444527,0.4434565571735278,1.7422454872689475,0.0,18.13803830084537,2.0,1.9959385667489933,-176.72064085978795,-1.0471828421746832,-266.45293945675405
80.0,75.0,0.0,5,0.0,0.0,0.0,0.0,0.0,0.0,0.0,0.0,0.0,0.0,0.0,0.0,0.0,0.0,0.0,0.0,13.978951521312684,14.491458385374287,12.06261542996956,0.0030310737815955995,0.3984262312912396,-0.3836245994862733,0.0014310992379462397,0.2396305894683013,-0.23690278415185703,0.0815989223050608,0.11002008878057794,0.07578739660199293,-6.358006500380312,5.2851156848,31.9103,0.0,0.49796000000000007,1.0,2.0,0.9934778752505782,0.9700163480783189,0.0,0.0,0.0,0.0,0.0,0.0,0.0,0.0,0.0,0.0,0.0,0.0,0.0,0.0,0.0,0.0,,,,,,,,,,,,,,,,,,,,,,,,,,,,
80.0,75.0,0.5,4,0.0,0.0,0.0,0.0,0.0,0.0,0.0,0.0,0.0,0.0,0.0,0.0,0.0,0.0,0.0,0.0,13.971174335097881,14.487134483546134,11.93103387175493,0.006381633200505424,0.3598823374994649,-0.3844480913736667,0.0028989651438158497,0.22536530400617014,-0.21646570671669302,0.08168788126597094,0.11229832480483053,0.07583262217855452,12.530769086300378,5.290551312,30.284285,0.0,0.5021,1.0,2.0,0.9935898708086923,0.969106791184734,0.0,0.0,0.0,0.0,0.0,0.0,0.0,0.0,0.0,0.0,0.0,0.0,0.0,0.0,0.0,0.0,,,,,,,,,,,,,,,,,,,,,,,,,,,,
80.0,75.0,1.0,5,0.0,0.0,0.0,0.0,0.0,0.0,0.0,0.0,0.0,0.0,0.0,0.0,0.0,0.0,0.0,0.0,13.954141383553207,14.483948022845528,11.972544536055102,0.01362841842735256,0.4080384147081326,-0.37684052152455594,0.00652933720375926,0.2597710187226102,-0.2173539467940156,0.08189603493372019,0.11143758040261767,0.07586591172190742,1.7766699986267227,5.3266509952,31.414278000000003,0.0,0.4968,1.0,2.0,0.9935809264439935,0.9708981927052474,0.0,0.0,0.0,0.0,0.0,0.0,0.0,0.0,0.0,0.0,0.0,0.0,0.0,0.0,0.0,0.0,,,,,,,,,,,,,,,,,,,,,,,,,,,,
80.0,75.0,2.0,5,0.0,0.0,0.0,0.0,0.0,0.0,0.0,0.0,0.0,0.0,0.0,0.0,0.0,0.0,0.0,0.0,13.951253629673758,14.485557039674461,11.801099487217234,0.008005264828408219,0.4537102375066476,-0.386717025387873,0.003338775569312,0.2553055231654004,-0.24553469207596618,0.08195065444958458,0.11495725323343971,0.07584902510237937,-3.320228585845988,5.344012728,34.62362399999999,0.0,0.50188,1.0,2.0,0.9936393888055347,0.9698867577311777,0.0,0.0,0.0,0.0,0.0,0.0,0.0,0.0,0.0,0.0,0.0,0.0,0.0,0.0,0.0,0.0,,,,,,,,,,,,,,,,,,,,,,,,,,,,
80.0,75.0,5.0,5,0.0,0.0,0.0,0.0,0.0,0.0,0.0,0.0,0.0,0.0,0.0,0.0,0.0,0.0,0.0,0.0,13.904061516446427,14.49342923755197,11.57677906073973,0.015360837540084679,0.5008720051789842,-0.37143386866122885,0.006031184190910499,0.2577272035971216,-0.2310125310784194,0.0826142834893946,0.11930743688629401,0.07576678518012368,-2.758390821855273,5.5401488536,42.998856,0.0,0.5018400000000001,1.0,2.0,0.9937018632075185,0.9715159445216812,0.0,0.0,0.0,0.0,0.0,0.0,0.0,0.0,0.0,0.0,0.0,0.0,0.0,0.0,0.0,0.0,,,,,,,,,,,,,,,,,,,,,,,,,,,,
80.0,75.0,10.0,5,0.0,0.0,0.0,0.0,0.0,0.0,0.0,0.0,0.0,0.0,0.0,0.0,0.0,0.0,0.0,0.0,13.829188157191188,14.481581951696592,10.25327306618986,0.0066218340070003795,0.5134542447929329,-0.3330919800435522,0.0003488443288238403,0.2541523024644884,-0.2085111800378018,0.08377131002895319,0.151922730981271,0.07589084447827407,-4.479276829826068,5.84443991,78.13089,0.0,0.49588,1.0,2.0,0.9935421498553569,0.9705434068173225,0.0,0.0,0.0,0.0,0.0,0.0,0.0,0.0,0.0,0.0,0.0,0.0,0.0,0.0,0.0,0.0,,,,,,,,,,,,,,,,,,,,,,,,,,,,
80.0,75.0,15.0,5,0.0,0.0,8e-05,0.4,0.0,0.0,0.0,0.0,0.0,0.0,0.0,0.0,0.0,0.0,0.0,0.0,13.575821826083807,14.480867659503414,8.565404458567278,0.033056865574540364,0.5906235287752506,-0.344778784054505,0.01238387254070194,0.30255572562118693,-0.1782001370925898,0.08809305358306219,0.21893732425176182,0.07589825209123664,-12.86160035925528,6.579001708,117.40642,0.0,0.4969199999999999,1.0,2.0,0.9936549222626233,0.9710928334199693,0.0,0.4,0.0,0.0,0.0,0.0,0.0,0.0,0.0,0.0,0.0,0.0,0.4,0.0,0.0,0.0,,,,,,,,,,,,,,,,,,,,,,,,,,,,
80.0,75.0,30.0,5,0.0,0.0,0.027800000000000002,2.6,0.0,0.0,0.0,0.0,0.0,0.0,0.00756,5.6,0.0,0.0,0.0,0.0,12.89368222858622,14.494407209377158,5.87029576450802,0.04970084603452766,0.6541144222249968,-0.3796185685870472,0.01266497291567494,0.365199866723389,-0.1636295523968179,0.10416650475806102,0.47993502882262395,0.0757565353554174,0.45820912785363477,7.2845862904,125.168644,0.0,0.49047999999999997,1.0,2.0,0.9936824071101522,0.9716866423734898,0.0,134.8,0.0,0.0,0.0,5.6,0.0,0.0,0.6,0.0,0.0,0.0,131.8,0.0,0.0,0.0,5.661095730743047,5.474867470344584,-29.178783041833512,-38.5632631868994,17.653660980392157,16.92486,108.63328060784313,93.66917000000001,0.439315183006536,0.05816333333333334,26.951633986928105,17.666666666666668,19.459477124183007,1.0,0.41538408071215543,0.3545580296122836,0.11645695363858322,0.016133325268023566,0.5039610011801556,0.4489302107370001,0.4620915032679738,0.0,2.0,2.0,0.3594860145425116,-17.114507440114167,-29.53826905637599,-56.47758877384399
80.0,75.0,45.0,5,0.0,0.0,0.11424000000000001,7.0,0.0,0.0,0.0,0.0,0.0,0.0,0.08548,19.2,0.0,0.0,0.0,0.0,12.513833647577908,14.493814951112478,5.291881413633197,0.06228005673483776,0.7674519134308003,-0.36384896476508194,0.00663470412204772,0.6501604858361801,-0.16045000901178894,0.11914874115168736,0.6844302396448853,0.0757626205927359,-6.313852015628003,6.917813441199999,127.04412200000002,0.0,0.49260000000000004,3.8,50.0,1.1840389393026949,0.8869616553478326,0.0,501.6,0.0,0.0,0.0,23.8,0.0,0.0,1.0,0.0,0.0,0.0,466.2,0.0,0.0,0.0,5.156811862084061,4.642004267252351,-15.751362173552451,-148.31323838232802,18.836961292027784,16.244186666666668,115.8435628034913,95.82707999999998,0.3802463625606982,0.007846666666666667,23.188948306595364,9.666666666666666,24.075834408998713,1.6666666666666667,0.5880597394597221,0.33982656024035807,0.2755321947640606,-0.00227562914002623,0.6669413109203947,0.44670820095853564,1.3627604646874427,0.0,17.64575265843014,2.0,-30.18114861050135,-146.64019626557138,14.429786436948897,-221.12046839236734
80.0,75.0,60.0,5,0.14516,11.4,0.44128000000000006,17.0,0.0,0.0,0.0,0.0,0.0004,0.8,93.61564,465.6,0.0,0.0,0.0,0.0,11.003731224499012,14.519806565829592,4.397565625801937,0.29497498221887775,1.2967429794499097,-0.3581519043272048,0.061426308921042484,0.7409712091726373,-0.1550469718941804,0.22915385109097297,0.9841875210590647,0.07549159535456126,-7.295297103427383,8.9205624352,127.97788399999999,0.0,0.71984,3.8,50.0,2.4858001397615728,0.8578481928305546,69.0,1185.2,0.0,0.0,0.8,532.4,0.0,0.0,3.2,0.0,0.0,13.4,790.0,0.0,0.0,0.2,5.213863473862711,4.397565625801937,20.545723441536325,-84.51389663579299,17.354578743533928,13.121026,117.07811149974934,92.846504,0.36173329978103375,0.007008,27.61998322628577,8.4,22.349598314775164,1.0,0.9158936954887468,0.5580032015502427,0.09530499289317876,-0.1026472033702528,0.6321444026418711,0.44300936544430114,1.0116033740723147,0.0,10.431029984147894,2.0,-16.886908712564953,-131.91095398865787,37.43263215410127,-167.34055501220615
80.0,100.0,0.0,5,0.0,0.0,0.0,0.0,0.0,0.0,0.0,0.0,0.0,0.0,0.0,0.0,0.0,0.0,0.0,0.0,14.065755008310337,14.487032297338379,12.708535149614734,0.0002950117854907404,0.3254169912517898,-0.35391457123705045,-2.916634931879889e-06,0.20372279304937885,-0.21028629861420073,0.08053319736007525,0.0986037964871541,0.07583361570774524,-21.803838355066926,4.5846579444,27.880622,0.0,0.4968,1.0,2.0,0.9934690238749116,0.9711483343548833,0.0,0.0,0.0,0.0,0.0,0.0,0.0,0.0,0.0,0.0,0.0,0.0,0.0,0.0,0.0,0.0,,,,,,,,,,,,,,,,,,,,,,,,,,,,
80.0,100.0,0.5,4,0.0,0.0,0.0,0.0,0.0,0.0,0.0,0.0,0.0,0.0,0.0,0.0,0.0,0.0,0.0,0.0,14.081826510668414,14.476900812531888,12.486282933771673,0.0023977358543539,0.3619767033233501,-0.3549021624417735,0.001061861933912675,0.21170474353725735,-0.20737727355797805,0.08035280191976397,0.1021295760092551,0.07594015976678872,-34.45231342387689,4.580734541,26.61879,0.0,0.4965,1.0,2.0,0.993511133397762,0.9707517276923041,0.0,0.0,0.0,0.0,0.0,0.0,0.0,0.0,0.0,0.0,0.0,0.0,0.0,0.0,0.0,0.0,,,,,,,,,,,,,,,,,,,,,,,,,,,,
80.0,100.0,1.0,5,0.0,0.0,0.0,0.0,0.0,0.0,0.0,0.0,0.0,0.0,0.0,0.0,0.0,0.0,0.0,0.0,14.06663714221519,14.490815258391134,12.387150395029291,-7.927069842298007e-05,0.3958246068398218,-0.36798952195343687,-0.0004261376070683599,0.22680608269965513,-0.21678297435890576,0.08054074662022619,0.10402579923578689,0.07579413885302085,-8.854549222892377,4.6011959264,28.598857999999996,0.0,0.49736,1.0,2.0,0.9935546260143282,0.9698210368669201,0.0,0.0,0.0,0.0,0.0,0.0,0.0,0.0,0.0,0.0,0.0,0.0,0.0,0.0,0.0,0.0,,,,,,,,,,,,,,,,,,,,,,,,,,,,
80.0,100.0,2.0,5,0.0,0.0,0.0,0.0,0.0,0.0,0.0,0.0,0.0,0.0,0.0,0.0,0.0,0.0,0.0,0.0,14.056942157247846,14.487924292333428,12.3230277961051,0.01422770079786094,0.41279920921451296,-0.3441683149709032,0.00677969399634652,0.24130247310821118,-0.2126663836865,0.08066882925855468,0.10518062713754768,0.07582430945712809,-18.425468748933454,4.6365336648,28.46132,0.0,0.49388,1.0,2.0,0.993541623270192,0.9695760814052947,0.0,0.0,0.0,0.0,0.0,0.0,0.0,0.0,0.0,0.0,0.0,0.0,0.0,0.0,0.0,0.0,,,,,,,,,,,,,,,,,,,,,,,,,,,,
80.0,100.0,5.0,5,0.0,0.0,0.0,0.0,0.0,0.0,0.0,0.0,0.0,0.0,0.0,0.0,0.0,0.0,0.0,0.0,14.054553119314027,14.483436158052601,12.143144926881277,0.013413163624436439,0.38886084249877806,-0.2925519789225718,0.005636628251990123,0.21705346539116613,-0.1842655495578263,0.08070489378466923,0.10850190176327634,0.07587124927686792,-8.740071380878545,4.729252403599999,34.867584,0.0,0.4959200000000001,1.0,2.0,0.9935087217503427,0.9698677887316556,0.0,0.0,0.0,0.0,0.0,0.0,0.0,0.0,0.0,0.0,0.0,0.0,0.0,0.0,0.0,0.0,,,,,,,,,,,,,,,,,,,,,,,,,,,,
80.0,100.0,10.0,5,0.0,0.0,0.0,0.0,0.0,0.0,0.0,0.0,0.0,0.0,0.0,0.0,0.0,0.0,0.0,0.0,13.9359253099873,14.483413244735939,10.27226621591212,0.01841852003002624,0.49138052110187525,-0.28130408490607656,0.006612712851159721,0.2628454019385483,-0.17708755818336658,0.08238470753903299,0.15178702839473254,0.07587147785266912,3.353878990889305,5.1477408812,60.709976000000005,0.0,0.49627999999999994,1.0,2.0,0.9935576683428794,0.9695342495917011,0.0,0.0,0.0,0.0,0.0,0.0,0.0,0.0,0.0,0.0,0.0,0.0,0.0,0.0,0.0,0.0,,,,,,,,,,,,,,,,,,,,,,,,,,,,
80.0,100.0,15.0,5,0.0,0.0,0.0,0.0,0.0,0.0,0.0,0.0,0.0,0.0,0.0,0.0,0.0,0.0,0.0,0.0,13.778407167561358,14.49443429919992,10.334790049213074,0.026551361387481005,0.5171572618341159,-0.30544197672863316,0.009562770417838842,0.22981966466368578,-0.1773364072609128,0.0847273589967094,0.14974766227289876,0.07575629212260854,-3.249692658986672,5.6748191515999995,104.00716,0.0,0.49976000000000004,1.0,2.0,0.9937230872517814,0.971062530435735,0.0,0.0,0.0,0.0,0.0,0.0,0.0,0.0,0.0,0.0,0.0,0.0,0.0,0.0,0.0,0.0,,,,,,,,,,,,,,,,,,,,,,,,,,,,
80.0,100.0,30.0,5,0.0,0.0,0.0067599999999999995,1.0,0.0,0.0,0.0,0.0,0.0,0.0,0.00256,1.6,0.0,0.0,0.0,0.0,13.253724034041898,14.495715451130895,6.673917080719356,0.03450958867231776,0.6368048722735209,-0.33800357928208175,0.0076044255585691195,0.2822762937154609,-0.1352433063741262,0.09599105898265178,0.37154084732269843,0.07574279626525754,-9.228631992081262,6.408616589599999,124.279746,0.0,0.48344000000000004,1.0,2.0,0.9936279704142743,0.9697096626918762,0.0,33.8,0.0,0.0,0.0,3.0,0.0,0.0,0.4,0.0,0.0,0.0,33.8,0.0,0.0,0.0,5.821372945720117,5.6727418457564225,85.76592050739447,39.65179698227493,17.785387333333336,15.13017,109.44877199999998,94.29417,0.4703146666666666,0.0396,30.333333333333332,18.0,32.333333333333336,1.0,0.4099459377606475,0.3293972712718413,0.1321631992203846,0.001937109123996,0.4699705985127774,0.4439630594294923,0.5333333333333333,0.0,2.0,2.0,-126.6535418987724,-166.17601830595726,212.41946240616693,195.2979406604009
80.0,100.0,45.0,5,0.0,0.0,0.07555999999999999,4.0,0.0,0.0,0.0,0.0,0.0,0.0,0.012360000000000001,6.4,0.0,0.0,0.0,0.0,12.727121757542161,14.496943773001652,6.206232304820803,0.0496939016309091,0.6783528782631876,-0.36072800578356146,0.0010133788838324002,0.3643302997581598,-0.1584573829498996,0.11187068626347743,0.4294705901247178,0.07572990295437063,-1.5508798012856932,6.316884097600001,126.25438799999999,0.0,0.47928,2.0,30.8,0.9999332203491097,0.9271574836857306,0.0,349.6,0.0,0.0,0.0,7.6,0.0,0.0,0.6,0.0,0.0,0.0,331.4,0.0,0.0,0.0,5.724070951831148,5.4734605171430415,-30.06424764482812,-84.73350240068875,17.089440694444445,15.250265,115.49099766666669,102.81072,0.2685808055555555,0.00764,30.325,14.0,22.04722222222222,3.5,0.4085366245797485,0.19267337278925295,0.10059687869073515,-0.01447402113785155,0.48705462155254164,0.45095416708348446,0.4916666666666667,0.0,2.0,2.0,-2.9910627961186727,-126.8779739487239,-27.073184848709445,-197.86313956927415
80.0,100.0,60.0,5,0.0006000000000000001,0.6,0.20204,6.8,0.0,0.0,0.0,0.0,0.0,0.0,0.44963999999999993,47.2,0.0,0.0,0.0,0.0,11.890453839793391,14.525196283464073,4.530269445738396,0.1698801996916664,1.065731290427004,-0.3273976261624771,0.03836570574216926,0.7228414855958286,-0.15010438389135497,0.14816973221588495,0.8416815802219304,0.0754355716858197,-5.657310562023865,6.863133755600001,126.850424,0.0,0.62644,3.8,50.0,2.0249609007088836,0.8537681490292268,2.0,800.2,0.0,0.0,0.0,97.2,0.0,0.0,3.2,0.0,0.0,1.2,641.6,0.0,0.0,0.0,5.284672503109502,4.530269445738396,-1.389959505056307,-135.25967069432588,15.448915235340081,11.765350000000002,114.77595254411403,86.81766,0.3331633334364967,0.002804,26.749652791103482,11.4,21.751212016644715,1.0,0.8421385710520559,0.589955461675312,0.177121751831618,-0.09595400735545426,0.6010743526057855,0.44439170857316723,1.3467419834218586,0.0,10.52301728750065,2.0,-11.346320462185155,-164.15305857759486,9.95636095712884,-192.14652788251252
80.0,200.0,0.0,4,0.0,0.0,0.0,0.0,0.0,0.0,0.0,0.0,0.0,0.0,0.0,0.0,0.0,0.0,0.0,0.0,14.25398446141217,14.495348016408348,13.658867487825827,0.0015132166720917247,0.24743334266108974,-0.2511604860090062,0.0007376876120674498,0.15353792762663765,-0.13731961784135938,0.07835246407871735,0.08533649312937422,0.0757467705063994,-8.103010927362176,3.2494893350000003,18.7098025,0.0,0.498,1.0,2.0,0.993585049649338,0.9714625573788175,0.0,0.0,0.0,0.0,0.0,0.0,0.0,0.0,0.0,0.0,0.0,0.0,0.0,0.0,0.0,0.0,,,,,,,,,,,,,,,,,,,,,,,,,,,,
80.0,200.0,0.5,5,0.0,0.0,0.0,0.0,0.0,0.0,0.0,0.0,0.0,0.0,0.0,0.0,0.0,0.0,0.0,0.0,14.249900942058279,14.48644977356119,13.472939367432502,-0.00037040381834834,0.253351381988496,-0.2258625645739453,-0.00018817434933092008,0.1550738765967296,-0.1349781690351537,0.07839853321454042,0.08770422899247436,0.07584005206328429,-24.669047434376473,3.2551146799999997,19.117739999999998,0.0,0.48911999999999994,1.0,2.0,0.9932995432324916,0.9691483341999069,0.0,0.0,0.0,0.0,0.0,0.0,0.0,0.0,0.0,0.0,0.0,0.0,0.0,0.0,0.0,0.0,,,,,,,,,,,,,,,,,,,,,,,,,,,,
80.0,200.0,1.0,5,0.0,0.0,0.0,0.0,0.0,0.0,0.0,0.0,0.0,0.0,0.0,0.0,0.0,0.0,0.0,0.0,14.258495073535652,14.491534904329859,13.626933171392071,0.0017775350969534399,0.23409340667775164,-0.23812890699637573,0.0006849264729110801,0.13748551078927732,-0.14412987682911435,0.07830153922437204,0.08577995512413811,0.07578647897378078,-5.553047493500758,3.2415218712,18.838440000000002,0.0,0.49752,1.0,2.0,0.9933751267952807,0.9703766229900955,0.0,0.0,0.0,0.0,0.0,0.0,0.0,0.0,0.0,0.0,0.0,0.0,0.0,0.0,0.0,0.0,,,,,,,,,,,,,,,,,,,,,,,,,,,,
80.0,200.0,2.0,5,0.0,0.0,0.0,0.0,0.0,0.0,0.0,0.0,0.0,0.0,0.0,0.0,0.0,0.0,0.0,0.0,14.259098795327748,14.491407924793752,13.471576827321048,0.00301422736728952,0.25707974836161923,-0.25833055739622235,0.0013917200015532403,0.14697455619231187,-0.14712068637251258,0.07829833910684589,0.08774023484655705,0.0757879071736767,-5.435318727854186,3.2505529928000003,19.41341,0.0,0.49820000000000003,1.0,2.0,0.9934231471868357,0.9686226714575487,0.0,0.0,0.0,0.0,0.0,0.0,0.0,0.0,0.0,0.0,0.0,0.0,0.0,0.0,0.0,0.0,,,,,,,,,,,,,,,,,,,,,,,,,,,,
80.0,200.0,5.0,5,0.0,0.0,0.0,0.0,0.0,0.0,0.0,0.0,0.0,0.0,0.0,0.0,0.0,0.0,0.0,0.0,14.251340286318149,14.49023300671277,13.299846512922002,-6.23385051636999e-05,0.27946581802221465,-0.22977258445399026,-0.0006436509568157401,0.1582005055428579,-0.13950810832878704,0.07838892778616982,0.08999695151801827,0.07580023383452798,-18.219369644973987,3.276694474,20.967329999999997,0.0,0.4930800000000001,1.0,2.0,0.9931747756708521,0.9679571700099103,0.0,0.0,0.0,0.0,0.0,0.0,0.0,0.0,0.0,0.0,0.0,0.0,0.0,0.0,0.0,0.0,,,,,,,,,,,,,,,,,,,,,,,,,,,,
80.0,200.0,10.0,5,0.0,0.0,0.0,0.0,0.0,0.0,0.0,0.0,0.0,0.0,0.0,0.0,0.0,0.0,0.0,0.0,14.203821141142877,14.49505316922349,12.563771230216448,0.0016452597568360205,0.3361634753102625,-0.22840886748461728,-0.00065427926417954,0.17922617119715717,-0.14037765815635084,0.07897012144733503,0.10131117186728425,0.07574980306871061,-6.366234387124246,3.4210183808000005,33.289674,0.0,0.48796,1.0,2.0,0.9934853066549533,0.9708082651910972,0.0,0.0,0.0,0.0,0.0,0.0,0.0,0.0,0.0,0.0,0.0,0.0,0.0,0.0,0.0,0.0,,,,,,,,,,,,,,,,,,,,,,,,,,,,
80.0,200.0,15.0,4,0.0,0.0,0.0,0.0,0.0,0.0,0.0,0.0,0.0,0.0,0.0,0.0,0.0,0.0,0.0,0.0,14.16233310081164,14.491167522781234,11.589491863766309,0.004463679622401125,0.38504231012887347,-0.21373442543811932,6.354035183797505e-05,0.18309973712134275,-0.13579535100184986,0.07953429236182855,0.11990383085384843,0.07579043991205264,0.3679762621986168,3.6068432255,50.8773975,0.0,0.49524999999999997,1.0,2.0,0.993524414866655,0.9686445968308905,0.0,0.0,0.0,0.0,0.0,0.0,0.0,0.0,0.0,0.0,0.0,0.0,0.0,0.0,0.0,0.0,,,,,,,,,,,,,,,,,,,,,,,,,,,,
80.0,200.0,30.0,5,0.0,0.0,0.0,0.0,0.0,0.0,0.0,0.0,0.0,0.0,0.0,0.0,0.0,0.0,0.0,0.0,13.758779727777371,14.486242540315331,8.4246201375179,0.02543147789941822,0.5785563372870687,-0.2745279181421567,0.00673877091439404,0.20456199488256602,-0.1090566347600083,0.08592044380399422,0.2282858389463615,0.07584183411197976,11.038271005766658,4.5645978760000006,107.78435800000003,0.0,0.48876,1.0,2.0,0.9936140497012724,0.971334859161623,0.0,0.0,0.0,0.0,0.0,0.0,0.0,0.0,0.0,0.0,0.0,0.0,0.0,0.0,0.0,0.0,,,,,,,,,,,,,,,,,,,,,,,,,,,,
80.0,200.0,45.0,5,0.0,0.0,0.00312,1.2,0.0,0.0,0.0,0.0,0.0,0.0,0.00312,2.4,0.0,0.0,0.0,0.0,13.347281976131677,14.502234597174782,6.723480556319626,0.021478537079744182,0.5133478379449862,-0.3250580264575618,-0.0032253606721121602,0.2149378727828451,-0.14284885652418589,0.09579612430822657,0.3640464979862717,0.07567466539168066,-7.5153156156693,4.7942067988,123.477314,0.0,0.4804799999999999,1.0,2.0,0.9937727850857703,0.9693918535626164,0.0,15.4,0.0,0.0,0.0,2.4,0.0,0.0,0.2,0.0,0.0,0.0,15.2,0.0,0.0,0.0,5.702485461569736,5.495698872027106,75.64421868936246,64.89325796663798,14.993275833333334,14.38337,104.06669583333336,85.75625,0.183355,0.01489,24.0,16.0,20.5,3.0,0.342127773697214,0.2832089793706706,0.1000918368737759,-0.0318237430005236,0.4907580559809314,0.4428272238271277,0.5,0.0,2.0,2.0,-101.1897827796405,-177.8084816221915,176.83400146900297,-106.13460217766274
80.0,200.0,60.0,5,0.0,0.0,0.04552,4.2,0.0,0.0,0.0,0.0,0.0,0.0,1.0554000000000001,60.0,0.0,0.0,0.0,0.0,12.568853652960348,14.529744513864486,5.3707012885713725,0.1013588692079688,1.0741664575033014,-0.31402341786893095,0.0029498876958737397,0.5945785574386939,-0.1448640395839061,0.1267824836926214,0.5772736234101946,0.07538835985869168,-2.8380118726132935,5.307638484799999,125.26055799999999,0.0,0.51468,3.4,50.0,1.3947959324405765,0.8663890628443264,0.0,200.8,0.0,0.0,0.0,112.2,0.0,0.0,3.2,0.0,0.0,0.0,186.6,0.0,0.0,0.0,5.534213508076466,5.0376616340177005,10.192194680668349,-117.13155444795115,12.59747079771208,10.69415,107.20928819339899,79.35911,0.22834248631030907,0.0008575,30.02779372320748,14.0,23.281019975187473,1.0,0.8837841784131536,0.47035730731880065,0.08802118773851281,-0.09277808266108772,0.5251117101920031,0.44293806422620946,1.0547004968739764,0.0,10.24443666355431,2.0,-28.802363835694372,-137.08172848415492,38.99455851636273,-82.62832502106687
80.0,300.0,0.0,5,0.0,0.0,0.0,0.0,0.0,0.0,0.0,0.0,0.0,0.0,0.0,0.0,0.0,0.0,0.0,0.0,14.309736917213934,14.487439384920714,13.65616420004903,-0.00320233243825286,0.2068849911100993,-0.2215412867555176,-0.0016129254128288203,0.11986684592790184,-0.13026757093159952,0.07773553484465559,0.085360799664877,0.07582927711620172,-29.371900800962,2.6621292712000004,15.96284,0.0,0.48956,1.0,2.0,0.993315755493421,0.9688858811264112,0.0,0.0,0.0,0.0,0.0,0.0,0.0,0.0,0.0,0.0,0.0,0.0,0.0,0.0,0.0,0.0,,,,,,,,,,,,,,,,,,,,,,,,,,,,
80.0,300.0,0.5,5,0.0,0.0,0.0,0.0,0.0,0.0,0.0,0.0,0.0,0.0,0.0,0.0,0.0,0.0,0.0,0.0,14.308552697094644,14.485662194609725,13.765373584173,-0.0017198950585091803,0.2093398315662371,-0.2262936081128498,-0.0008884542666148601,0.12009727402437564,-0.13328039092584887,0.07774780663548603,0.08402596650039443,0.0758479082069486,-43.39941567598547,2.665109202,15.454022,0.0,0.49176000000000003,1.0,2.0,0.9932366334898856,0.9716649187883346,0.0,0.0,0.0,0.0,0.0,0.0,0.0,0.0,0.0,0.0,0.0,0.0,0.0,0.0,0.0,0.0,,,,,,,,,,,,,,,,,,,,,,,,,,,,
80.0,300.0,1.0,5,0.0,0.0,0.0,0.0,0.0,0.0,0.0,0.0,0.0,0.0,0.0,0.0,0.0,0.0,0.0,0.0,14.312823727773173,14.487388199003817,13.868704668904476,0.004947866965336299,0.21904630486547,-0.19114144303679226,0.0023561075187685625,0.11523812216227414,-0.11304640442804863,0.07769927534685545,0.08275481913572576,0.07582996570611175,-24.300150728302377,2.6597572896000004,16.484202,0.0,0.48832,1.0,2.0,0.993380294572788,0.9689245213576448,0.0,0.0,0.0,0.0,0.0,0.0,0.0,0.0,0.0,0.0,0.0,0.0,0.0,0.0,0.0,0.0,,,,,,,,,,,,,,,,,,,,,,,,,,,,
80.0,300.0,2.0,5,0.0,0.0,0.0,0.0,0.0,0.0,0.0,0.0,0.0,0.0,0.0,0.0,0.0,0.0,0.0,0.0,14.310520809749113,14.484183909046312,13.772275646115252,0.004710910154833161,0.20939483201293668,-0.1866196036136895,0.0021797281119371606,0.12349756516176731,-0.11158388576593814,0.07772499489075593,0.08395186962656426,0.07586367218576548,-0.5494336501152446,2.6599780500000003,15.398692,0.0,0.49256,1.0,2.0,0.993419458688142,0.9695492411953299,0.0,0.0,0.0,0.0,0.0,0.0,0.0,0.0,0.0,0.0,0.0,0.0,0.0,0.0,0.0,0.0,,,,,,,,,,,,,,,,,,,,,,,,,,,,
80.0,300.0,5.0,5,0.0,0.0,0.0,0.0,0.0,0.0,0.0,0.0,0.0,0.0,0.0,0.0,0.0,0.0,0.0,0.0,14.305000092130774,14.489202636792964,13.557477450662748,-0.00015556800901528003,0.23170259239331595,-0.19087380566517845,-0.00059192083004322,0.13180070491891854,-0.12618436938821406,0.0777911029871873,0.08659758623595692,0.07581110407079607,-22.834023741191576,2.6759650472000005,16.301442,0.0,0.4980399999999999,1.0,2.0,0.9933510172259876,0.9707888194886445,0.0,0.0,0.0,0.0,0.0,0.0,0.0,0.0,0.0,0.0,0.0,0.0,0.0,0.0,0.0,0.0,,,,,,,,,,,,,,,,,,,,,,,,,,,,
80.0,300.0,10.0,5,0.0,0.0,0.0,0.0,0.0,0.0,0.0,0.0,0.0,0.0,0.0,0.0,0.0,0.0,0.0,0.0,14.288122514109725,14.492024970056102,13.264497262907264,0.006488779680243017,0.25085624844961735,-0.16937178110330345,0.0023802071059885197,0.13172212535285338,-0.10926098748096087,0.07798823456850108,0.09048679923801813,0.07578171431503841,-0.2455562723367116,2.7431602692,22.497466,0.0,0.48836,1.0,2.0,0.9933271067741662,0.9678879636423472,0.0,0.0,0.0,0.0,0.0,0.0,0.0,0.0,0.0,0.0,0.0,0.0,0.0,0.0,0.0,0.0,,,,,,,,,,,,,,,,,,,,,,,,,,,,
80.0,300.0,15.0,5,0.0,0.0,0.0,0.0,0.0,0.0,0.0,0.0,0.0,0.0,0.0,0.0,0.0,0.0,0.0,0.0,14.254618105214144,14.48234837210839,12.925766830735474,0.008705289121301479,0.2895651435259741,-0.19815666000494506,0.00290662655881428,0.1344672425082698,-0.10549733016114601,0.07838952624630884,0.09528821840157539,0.07588270315434485,4.434392036971492,2.8894303755999995,32.20777,0.0,0.49436,1.0,2.0,0.9933126765879207,0.9698445100238127,0.0,0.0,0.0,0.0,0.0,0.0,0.0,0.0,0.0,0.0,0.0,0.0,0.0,0.0,0.0,0.0,,,,,,,,,,,,,,,,,,,,,,,,,,,,
80.0,300.0,30.0,5,0.0,0.0,0.0,0.0,0.0,0.0,0.0,0.0,0.0,0.0,0.0,0.0,0.0,0.0,0.0,0.0,14.059236761360893,14.504214873436286,10.35945483615257,0.01096041325873518,0.4588886635721752,-0.2360731452274425,0.00140637388427254,0.14694542413721554,-0.10295239280181682,0.08116404589081674,0.1513467337080644,0.0756540293442319,-46.31422873796456,3.4507431944,81.39556400000001,0.0,0.48816,1.0,2.0,0.9934234317041231,0.9700074835817392,0.0,0.0,0.0,0.0,0.0,0.0,0.0,0.0,0.0,0.0,0.0,0.0,0.0,0.0,0.0,0.0,,,,,,,,,,,,,,,,,,,,,,,,,,,,
80.0,300.0,45.0,5,0.0,0.0,0.0,0.0,0.0,0.0,0.0,0.0,0.0,0.0,0.0,0.0,0.0,0.0,0.0,0.0,13.640765407265508,14.506130847467258,7.803772123362256,0.016441445997382197,0.4566829461542608,-0.2999745596827482,-0.00192728174816302,0.13796223592289864,-0.12944967921230283,0.08891006499486025,0.2615159748612649,0.07563399084626514,-3.441054527418012,4.0449975112,109.57565199999999,0.0,0.48616000000000004,1.0,2.0,0.9936424299479107,0.9710305676422986,0.0,0.0,0.0,0.0,0.0,0.0,0.0,0.0,0.0,0.0,0.0,0.0,0.0,0.0,0.0,0.0,,,,,,,,,,,,,,,,,,,,,,,,,,,,
80.0,300.0,60.0,5,0.0,0.0,0.001,0.8,0.0,0.0,0.0,0.0,0.0,0.0,0.07204,17.6,0.0,0.0,0.0,0.0,13.139633644027295,14.532285317504144,5.596858899730475,0.046725716959700625,0.8644254116382486,-0.2985644424664034,-0.009906182732811557,0.47136909914509106,-0.1406885837703547,0.10707769431357421,0.5194803351029272,0.0753619915754276,0.502237420827845,4.2487355352,121.997344,0.0,0.48163999999999996,3.0,50.0,1.0613515227049317,0.8936433651878503,0.0,5.0,0.0,0.0,0.0,28.2,0.0,0.0,1.4,0.0,0.0,0.0,5.0,0.0,0.0,0.0,5.652240959253641,5.3889355965215735,-26.171780003644034,-78.71661867204841,12.7204795218894,10.7773425,91.92578060949131,73.8061225,0.23639775064988772,0.0058175,32.47187019969278,17.5,21.411578341013826,1.25,0.7450639397525021,0.5297712839983337,-0.026684277823157476,-0.08387778888478933,0.5013324765316876,0.4468663122663343,0.4466575091575091,0.0,2.5806451612903225,2.0,1.0834963717728598,-62.63120009030069,-27.255276375416898,-125.08542970740056
